trade_id,source,venue,symbol,timeframe,timestamp_entry,timestamp_exit,direction,setup_type,primary_setup,tier,grade,entry_price,sl_price,tp_price,sl_distance_usd,rr_target,position_size_btc,position_size_usd,nano_qty,max_risk_usd,atr,atr_avg50,atr_ok_long,ema_fast,ema_slow,wpr_fast,wpr_slow,vol_ratio,chand_long,chand_short,hi50,lo50,sig_rsi,sig_dist_ema200,sig_dist_ema50,sig_body_ratio,d_rsi,w_rsi,daily_trend,weekly_trend,ema_gap_daily,ema_gap_weekly,tp_near_res,entry_gate_passed,entry_block_reason,exit_price,exit_reason,bars_held,pnl_usd,pnl_pct,r_multiple,fees_usd,pnl_net_usd,venue_adapter,atr_scale_applied,notes
si+-20170830110000-0000,backtest_scheme_i_plus_c3c5,binance,BTCUSDT,1h,2017-08-30T11:00:00Z,,long,T3a_H1_fail_brkdn_long,T3a_H1_fail_brkdn_long,3,,4537.0,4482.56,4650.42,54.4399999999996,2.0833945628214714,,,,250.0,68.04,,,,,,,1.35,,,,,25.69,4.16,0.75,0.402,,,,,,,,,,4482.56,sl_hit,0,-270.83,-0.013,-1.0833333333333333,5.0,,binance,1.0,backfilled from scheme_i_plus_trades.csv; scheme_i weights T1=1.0 T2=0.75 T3=0.5 T4=0 dropped; 5%/R risk; FEE=0.001; sig_rsi=25.69 sig_dist_ema200=4.16 d_rsi= w_rsi=; equity_after=9729.166666666666 dd_pct=0.0
si+-20171001140000-0001,backtest_scheme_i_plus_c3c5,binance,BTCUSDT,1h,2017-10-01T14:00:00Z,,long,T3a_H1_fail_brkdn_long,T3a_H1_fail_brkdn_long,3,,4305.01,4253.35,4412.64,51.659999999999854,2.083430120015494,,,,243.23,50.62,,,,,,,1.053,,,,,43.54,5.47,0.75,0.296,67.76,,bull,,0.0356,,,,,4412.64,tp_hit,9,486.46,0.024,2.0,4.86,,binance,1.0,backfilled from scheme_i_plus_trades.csv; scheme_i weights T1=1.0 T2=0.75 T3=0.5 T4=0 dropped; 5%/R risk; FEE=0.001; sig_rsi=43.54 sig_dist_ema200=5.47 d_rsi=67.76 w_rsi=; equity_after=10215.625 dd_pct=0.0
si+-20171104020000-0002,backtest_scheme_i_plus_c3c5,binance,BTCUSDT,1h,2017-11-04T02:00:00Z,,long,T3a_H1_fail_brkdn_long,T3a_H1_fail_brkdn_long,3,,7101.31,7016.09,7278.84,85.22000000000025,2.083196432762253,,,,255.39,111.22,,,,,,,0.878,,,,,37.4,9.83,1.02,0.629,73.69,,bull,,0.586,,,,,7278.84,tp_hit,10,510.78,0.024,2.0,5.11,,binance,1.0,backfilled from scheme_i_plus_trades.csv; scheme_i weights T1=1.0 T2=0.75 T3=0.5 T4=0 dropped; 5%/R risk; FEE=0.001; sig_rsi=37.4 sig_dist_ema200=9.83 d_rsi=73.69 w_rsi=; equity_after=10726.40625 dd_pct=0.0
si+-20171118030000-0003,backtest_scheme_i_plus_c3c5,binance,BTCUSDT,1h,2017-11-18T03:00:00Z,,long,T3a_H1_fail_brkdn_long,T3a_H1_fail_brkdn_long,3,,7588.59,7497.53,7778.3,91.0600000000004,2.0833516362837603,,,,268.16,159.92,,,,,,,0.951,,,,,41.83,7.3,0.2,0.592,54.49,,bull,,0.5689,,,,,7778.3,tp_hit,17,536.32,0.024,2.0,5.36,,binance,1.0,backfilled from scheme_i_plus_trades.csv; scheme_i weights T1=1.0 T2=0.75 T3=0.5 T4=0 dropped; 5%/R risk; FEE=0.001; sig_rsi=41.83 sig_dist_ema200=7.3 d_rsi=54.49 w_rsi=; equity_after=11262.7265625 dd_pct=0.0
si+-20171217190000-0004,backtest_scheme_i_plus_c3c5,binance,BTCUSDT,1h,2017-12-17T19:00:00Z,,long,T3a_H1_fail_brkdn_long,T3a_H1_fail_brkdn_long,3,,18845.91,18619.76,19317.06,226.15000000000146,2.083351757682947,,,,281.57,346.2,,,,,,,1.047,,,,,44.19,12.83,1.43,0.278,79.2,,bull,,1.7391999999999999,,,,,19317.06,tp_hit,2,563.14,0.024,2.0,5.63,,binance,1.0,backfilled from scheme_i_plus_trades.csv; scheme_i weights T1=1.0 T2=0.75 T3=0.5 T4=0 dropped; 5%/R risk; FEE=0.001; sig_rsi=44.19 sig_dist_ema200=12.83 d_rsi=79.2 w_rsi=; equity_after=11825.862890625 dd_pct=0.0
si+-20180107140000-0005,backtest_scheme_i_plus_c3c5,binance,BTCUSDT,1h,2018-01-07T14:00:00Z,,long,T3a_H1_fail_brkdn_long,T3a_H1_fail_brkdn_long,3,,16520.02,16321.78,16933.02,198.23999999999978,2.0833333333333357,,,,295.65,238.31,,,,,,,0.458,,,,,34.21,8.23,0.65,0.623,60.99,73.03,bull,bull,0.9157,2.3018,,,,16321.78,sl_hit,1,-320.28,-0.013,-1.0833333333333333,5.91,,binance,1.0,backfilled from scheme_i_plus_trades.csv; scheme_i weights T1=1.0 T2=0.75 T3=0.5 T4=0 dropped; 5%/R risk; FEE=0.001; sig_rsi=34.21 sig_dist_ema200=8.23 d_rsi=60.99 w_rsi=73.03; equity_after=11505.579104003908 dd_pct=-2.708333333333335
si+-20180202000000-0006,backtest_scheme_i_plus_c3c5,binance,BTCUSDT,1d,2018-02-02T00:00:00Z,,long,T2a_D_hammer_long,T2a_D_hammer_long,2,,8873.03,8429.38,9937.79,443.65000000000146,2.399999999999993,,,,431.46,1266.06,,,,,,,1.516,,,,,33.96,-3.57,-27.04,0.283,39.5,53.11,bull,bull,0.0022,0.5922,,,,8429.38,sl_hit,0,-440.09,-0.051,-1.0199999999999998,8.63,,binance,1.0,backfilled from scheme_i_plus_trades.csv; scheme_i weights T1=1.0 T2=0.75 T3=0.5 T4=0 dropped; 5%/R risk; FEE=0.001; sig_rsi=33.96 sig_dist_ema200=-3.57 d_rsi=39.5 w_rsi=53.11; equity_after=11065.490703275758 dd_pct=-6.429739583333339
si+-20180209120000-0007,backtest_scheme_i_plus_c3c5,binance,BTCUSDT,4h,2018-02-09T12:00:00Z,,short,T3b_H4_sweep_hi_short_loose,T3b_H4_sweep_hi_short_loose,3,,8333.98,8458.99,8083.96,125.01000000000022,1.9999999999999927,,,,276.64,623.63,,,,,,,0.527,,,,,71.72,-22.96,-1.98,0.136,35.56,51.15,bear,bull,-0.0478,0.5599000000000001,,,,8458.99,sl_hit,0,-295.08,-0.016,-1.0666666666666669,5.53,,binance,1.0,backfilled from scheme_i_plus_trades.csv; scheme_i weights T1=1.0 T2=0.75 T3=0.5 T4=0 dropped; 5%/R risk; FEE=0.001; sig_rsi=71.72 sig_dist_ema200=-22.96 d_rsi=35.56 w_rsi=51.15; equity_after=10770.410951188403 dd_pct=-8.924946527777777
si+-20180214160000-0008,backtest_scheme_i_plus_c3c5,binance,BTCUSDT,4h,2018-02-14T16:00:00Z,,short,T3b_H4_sweep_hi_short_loose,T3b_H4_sweep_hi_short_loose,3,,9232.04,9370.52,8955.08,138.47999999999956,2.0000000000000133,,,,269.26,247.07,,,,,,,1.086,,,,,67.03,-9.67,7.32,0.391,45.13,57.11,bull,bull,0.0385,0.9886,,,,9370.52,sl_hit,0,-287.21,-0.016,-1.0666666666666669,5.39,,binance,1.0,backfilled from scheme_i_plus_trades.csv; scheme_i weights T1=1.0 T2=0.75 T3=0.5 T4=0 dropped; 5%/R risk; FEE=0.001; sig_rsi=67.03 sig_dist_ema200=-9.67 d_rsi=45.13 w_rsi=57.11; equity_after=10483.199992490048 dd_pct=-11.353614620370356
si+-20180218100000-0009,backtest_scheme_i_plus_c3c5,binance,BTCUSDT,1h,2018-02-18T10:00:00Z,,long,T3a_H1_fail_brkdn_long,T3a_H1_fail_brkdn_long,3,,10472.97,10347.29,10734.79,125.67999999999847,2.0832272437937993,,,,262.08,274.7,,,,,,,1.662,,,,,44.76,9.28,0.16,0.978,63.62,57.11,bull,bull,0.13470000000000001,0.9886,,,,10734.79,tp_hit,2,524.16,0.024,2.0,5.24,,binance,1.0,backfilled from scheme_i_plus_trades.csv; scheme_i weights T1=1.0 T2=0.75 T3=0.5 T4=0 dropped; 5%/R risk; FEE=0.001; sig_rsi=44.76 sig_dist_ema200=9.28 d_rsi=63.62 w_rsi=57.11; equity_after=11007.359992114552 dd_pct=-6.921295351388867
si+-20180302150000-0010,backtest_scheme_i_plus_c3c5,binance,BTCUSDT,1h,2018-03-02T15:00:00Z,,long,T3a_H1_fail_brkdn_long,T3a_H1_fail_brkdn_long,3,,10855.0,10724.74,11126.37,130.26000000000022,2.0832949485644123,,,,275.18,144.54,,,,,,,0.601,,,,,36.8,4.05,0.53,0.916,56.72,53.78,bull,bull,0.1875,1.1616,,,,11126.37,tp_hit,6,550.37,0.024,2.0,5.5,,binance,1.0,backfilled from scheme_i_plus_trades.csv; scheme_i weights T1=1.0 T2=0.75 T3=0.5 T4=0 dropped; 5%/R risk; FEE=0.001; sig_rsi=36.8 sig_dist_ema200=4.05 d_rsi=56.72 w_rsi=53.78; equity_after=11557.72799172028 dd_pct=-2.267360118958317
si+-20180304040000-0011,backtest_scheme_i_plus_c3c5,binance,BTCUSDT,1h,2018-03-04T04:00:00Z,,long,T3a_H1_fail_brkdn_long,T3a_H1_fail_brkdn_long,3,,11216.69,11082.09,11497.11,134.60000000000036,2.0833580980683455,,,,288.94,122.27,,,,,,,1.245,,,,,38.24,4.84,0.12,0.342,60.33,53.78,bull,bull,0.233,1.1616,,,,11082.09,sl_hit,2,-313.02,-0.013,-1.0833333333333333,5.78,,binance,1.0,backfilled from scheme_i_plus_trades.csv; scheme_i weights T1=1.0 T2=0.75 T3=0.5 T4=0 dropped; 5%/R risk; FEE=0.001; sig_rsi=38.24 sig_dist_ema200=4.84 d_rsi=60.33 w_rsi=53.78; equity_after=11244.706191944522 dd_pct=-4.914285782403194
si+-20180321040000-0012,backtest_scheme_i_plus_c3c5,binance,BTCUSDT,4h,2018-03-21T04:00:00Z,,short,T3b_H4_sweep_hi_short_loose,T3b_H4_sweep_hi_short_loose,3,,8931.0,9064.96,8663.07,133.95999999999913,2.000074649149015,,,,281.12,299.75,,,,,,,0.762,,,,,70.28,-5.84,4.32,0.453,39.62,29.58,bear,bull,-0.043899999999999995,0.5605,,,,9064.96,sl_hit,0,-299.86,-0.016,-1.0666666666666669,5.62,,binance,1.0,backfilled from scheme_i_plus_trades.csv; scheme_i weights T1=1.0 T2=0.75 T3=0.5 T4=0 dropped; 5%/R risk; FEE=0.001; sig_rsi=70.28 sig_dist_ema200=-5.84 d_rsi=39.62 w_rsi=29.58; equity_after=10944.847360159336 dd_pct=-7.449904828205767
si+-20180408120000-0013,backtest_scheme_i_plus_c3c5,binance,BTCUSDT,4h,2018-04-08T12:00:00Z,,short,T3b_H4_sweep_hi_short_loose,T3b_H4_sweep_hi_short_loose,3,,7047.01,7152.72,6835.6,105.71000000000004,1.999905401570332,,,,273.62,141.79,,,,,,,0.836,,,,,72.99,-12.75,0.27,0.556,31.59,34.58,bear,bull,-0.2193,0.28600000000000003,,,,7152.72,sl_hit,2,-291.86,-0.016,-1.0666666666666669,5.47,,binance,1.0,backfilled from scheme_i_plus_trades.csv; scheme_i weights T1=1.0 T2=0.75 T3=0.5 T4=0 dropped; 5%/R risk; FEE=0.001; sig_rsi=72.99 sig_dist_ema200=-12.75 d_rsi=31.59 w_rsi=34.58; equity_after=10652.98476388842 dd_pct=-9.917907366120271
si+-20180514200000-0014,backtest_scheme_i_plus_c3c5,binance,BTCUSDT,4h,2018-05-14T20:00:00Z,,short,T3b_H4_sweep_hi_short_loose,T3b_H4_sweep_hi_short_loose,3,,8663.37,8793.32,8403.47,129.9499999999989,2.000000000000028,,,,266.32,221.82,,,,,,,0.905,,,,,63.44,-1.75,-2.09,0.293,40.43,51.62,bear,bull,-0.028999999999999998,0.5071,,,,8793.32,sl_hit,2,-284.08,-0.016,-1.0666666666666669,5.33,,binance,1.0,backfilled from scheme_i_plus_trades.csv; scheme_i weights T1=1.0 T2=0.75 T3=0.5 T4=0 dropped; 5%/R risk; FEE=0.001; sig_rsi=63.44 sig_dist_ema200=-1.75 d_rsi=40.43 w_rsi=51.62; equity_after=10368.90517018473 dd_pct=-12.320096503023736
si+-20180520200000-0015,backtest_scheme_i_plus_c3c5,binance,BTCUSDT,4h,2018-05-20T20:00:00Z,,short,T3b_H4_sweep_hi_short_loose,T3b_H4_sweep_hi_short_loose,3,,8526.97,8654.87,8271.16,127.90000000000146,2.0000781860828507,,,,259.22,131.26,,,,,,,0.816,,,,,74.59,-1.59,1.14,0.008,30.62,51.62,bear,bull,-0.0404,0.5071,,,,8271.16,tp_hit,6,501.16,0.029,1.9333333333333336,5.18,,binance,1.0,backfilled from scheme_i_plus_trades.csv; scheme_i weights T1=1.0 T2=0.75 T3=0.5 T4=0 dropped; 5%/R risk; FEE=0.001; sig_rsi=74.59 sig_dist_ema200=-1.59 d_rsi=30.62 w_rsi=51.62; equity_after=10870.068920076992 dd_pct=-8.082234500669871
si+-20180531160000-0016,backtest_scheme_i_plus_c3c5,binance,BTCUSDT,4h,2018-05-31T16:00:00Z,,short,T3b_H4_sweep_hi_short_loose,T3b_H4_sweep_hi_short_loose,3,,7544.9,7658.07,7318.55,113.17000000000007,2.0000883626402697,,,,271.75,128.75,,,,,,,0.954,,,,,60.51,-7.27,0.15,0.058,39.46,42.63,bear,bull,-0.1441,0.3546,,,,7658.07,sl_hit,8,-289.87,-0.016,-1.0666666666666669,5.44,,binance,1.0,backfilled from scheme_i_plus_trades.csv; scheme_i weights T1=1.0 T2=0.75 T3=0.5 T4=0 dropped; 5%/R risk; FEE=0.001; sig_rsi=60.51 sig_dist_ema200=-7.27 d_rsi=39.46 w_rsi=42.63; equity_after=10580.200415541603 dd_pct=-10.53337491398535
si+-20180616160000-0017,backtest_scheme_i_plus_c3c5,binance,BTCUSDT,1h,2018-06-16T16:00:00Z,,long,T3a_H1_fail_brkdn_long,T3a_H1_fail_brkdn_long,3,,6513.99,6435.82,6676.84,78.17000000000007,2.0832800307023183,,,,264.51,58.53,,,,,,,2.084,,,,,59.33,-3.89,0.48,0.671,29.38,34.71,bear,bull,-0.2378,0.12890000000000001,,,,6435.82,sl_hit,19,-286.55,-0.013,-1.0833333333333333,5.29,,binance,1.0,backfilled from scheme_i_plus_trades.csv; scheme_i weights T1=1.0 T2=0.75 T3=0.5 T4=0 dropped; 5%/R risk; FEE=0.001; sig_rsi=59.33 sig_dist_ema200=-3.89 d_rsi=29.38 w_rsi=34.71; equity_after=10293.65332095402 dd_pct=-12.956429343398243
si+-20180619120000-0018,backtest_scheme_i_plus_c3c5,binance,BTCUSDT,4h,2018-06-19T12:00:00Z,,short,T3b_H4_sweep_hi_short_loose,T3b_H4_sweep_hi_short_loose,3,,6739.04,6840.13,6536.87,101.09000000000015,1.9999010782471043,,,,257.34,104.24,,,,,,,1.602,,,,,69.13,-8.09,1.03,0.105,33.57,38.66,bear,bull,-0.2023,0.07339999999999999,,,,6536.87,tp_hit,15,497.53,0.029,1.9333333333333336,5.15,,binance,1.0,backfilled from scheme_i_plus_trades.csv; scheme_i weights T1=1.0 T2=0.75 T3=0.5 T4=0 dropped; 5%/R risk; FEE=0.001; sig_rsi=69.13 sig_dist_ema200=-8.09 d_rsi=33.57 w_rsi=38.66; equity_after=10791.179898133463 dd_pct=-8.74932342832917
si+-20180624160000-0019,backtest_scheme_i_plus_c3c5,binance,BTCUSDT,1h,2018-06-24T16:00:00Z,,long,T3a_H1_fail_brkdn_long,T3a_H1_fail_brkdn_long,3,,6190.0,6115.72,6344.75,74.27999999999975,2.0833333333333406,,,,269.78,110.14,,,,,,,3.011,,,,,54.79,-3.55,1.62,0.84,37.7,38.66,bear,bull,-0.265,0.07339999999999999,,,,6115.72,sl_hit,5,-292.26,-0.013,-1.0833333333333333,5.4,,binance,1.0,backfilled from scheme_i_plus_trades.csv; scheme_i weights T1=1.0 T2=0.75 T3=0.5 T4=0 dropped; 5%/R risk; FEE=0.001; sig_rsi=54.79 sig_dist_ema200=-3.55 d_rsi=37.7 w_rsi=38.66; equity_after=10498.918775892347 dd_pct=-11.220695918811929
si+-20180701150000-0020,backtest_scheme_i_plus_c3c5,binance,BTCUSDT,1h,2018-07-01T15:00:00Z,,long,T3a_H1_fail_brkdn_long,T3a_H1_fail_brkdn_long,3,,6316.14,6240.35,6474.04,75.78999999999996,2.0833883098034005,,,,262.47,44.63,,,,,,,1.378,,,,,44.6,1.3,0.49,0.427,48.03,38.25,bear,bull,-0.225,0.1106,,,,6474.04,tp_hit,21,524.95,0.024,2.0,5.25,,binance,1.0,backfilled from scheme_i_plus_trades.csv; scheme_i weights T1=1.0 T2=0.75 T3=0.5 T4=0 dropped; 5%/R risk; FEE=0.001; sig_rsi=44.6 sig_dist_ema200=1.3 d_rsi=48.03 w_rsi=38.25; equity_after=11023.864714686966 dd_pct=-6.781730714752509
si+-20180703110000-0021,backtest_scheme_i_plus_c3c5,binance,BTCUSDT,1h,2018-07-03T11:00:00Z,,long,T3a_H1_fail_brkdn_long,T3a_H1_fail_brkdn_long,3,,6576.51,6497.59,6740.92,78.92000000000007,2.083248859604659,,,,275.6,39.01,,,,,,,0.86,,,,,32.14,3.89,1.19,0.297,45.31,49.34,bear,bull,-0.2027,0.1707,,,,6497.59,sl_hit,10,-298.56,-0.013,-1.0833333333333333,5.51,,binance,1.0,backfilled from scheme_i_plus_trades.csv; scheme_i weights T1=1.0 T2=0.75 T3=0.5 T4=0 dropped; 5%/R risk; FEE=0.001; sig_rsi=32.14 sig_dist_ema200=3.89 d_rsi=45.31 w_rsi=49.34; equity_after=10725.301711997528 dd_pct=-9.306392174561296
si+-20180725160000-0022,backtest_scheme_i_plus_c3c5,binance,BTCUSDT,1h,2018-07-25T16:00:00Z,,long,T3a_H1_fail_brkdn_long,T3a_H1_fail_brkdn_long,3,,8170.02,8071.98,8374.27,98.04000000000087,2.083333333333315,,,,268.13,85.5,,,,,,,1.239,,,,,33.2,7.94,0.88,0.51,81.72,46.37,bull,bull,0.030299999999999997,0.4205,,,,8071.98,sl_hit,1,-290.48,-0.013,-1.0833333333333333,5.36,,binance,1.0,backfilled from scheme_i_plus_trades.csv; scheme_i weights T1=1.0 T2=0.75 T3=0.5 T4=0 dropped; 5%/R risk; FEE=0.001; sig_rsi=33.2 sig_dist_ema200=7.94 d_rsi=81.72 w_rsi=46.37; equity_after=10434.824790630928 dd_pct=-11.762677386500265
si+-20180829160000-0023,backtest_scheme_i_plus_c3c5,binance,BTCUSDT,1h,2018-08-29T16:00:00Z,,long,T3a_H1_fail_brkdn_long,T3a_H1_fail_brkdn_long,3,,6993.04,6909.12,7167.87,83.92000000000007,2.0832936129647255,,,,260.87,52.31,,,,,,,1.823,,,,,44.57,3.79,0.25,0.214,69.12,49.76,bear,bull,-0.07690000000000001,0.2528,,,,6909.12,sl_hit,16,-282.61,-0.013,-1.0833333333333333,5.22,,binance,1.0,backfilled from scheme_i_plus_trades.csv; scheme_i weights T1=1.0 T2=0.75 T3=0.5 T4=0 dropped; 5%/R risk; FEE=0.001; sig_rsi=44.57 sig_dist_ema200=3.79 d_rsi=69.12 w_rsi=49.76; equity_after=10152.21495255134 dd_pct=-14.152438207282556
si+-20180919190000-0024,backtest_scheme_i_plus_c3c5,binance,BTCUSDT,1h,2018-09-19T19:00:00Z,,long,T3a_H1_fail_brkdn_long,T3a_H1_fail_brkdn_long,3,,6412.14,6335.19,6572.44,76.95000000000073,2.0831708901884047,,,,253.81,76.0,,,,,,,5.064,,,,,55.31,0.02,1.18,0.632,38.24,51.72,bear,bull,-0.1392,0.1471,,,,6335.19,sl_hit,24,-274.96,-0.013,-1.0833333333333333,5.08,,binance,1.0,backfilled from scheme_i_plus_trades.csv; scheme_i weights T1=1.0 T2=0.75 T3=0.5 T4=0 dropped; 5%/R risk; FEE=0.001; sig_rsi=55.31 sig_dist_ema200=0.02 d_rsi=38.24 w_rsi=51.72; equity_after=9877.25913091974 dd_pct=-16.47747633916865
si+-20180922090000-0025,backtest_scheme_i_plus_c3c5,binance,BTCUSDT,1h,2018-09-22T09:00:00Z,,long,T3a_H1_fail_brkdn_long,T3a_H1_fail_brkdn_long,3,,6693.05,6612.73,6860.38,80.32000000000062,2.083291832669306,,,,246.93,55.02,,,,,,,0.596,,,,,42.69,3.13,1.06,0.704,72.45,51.72,bear,bull,-0.09179999999999999,0.1471,,,,6612.73,sl_hit,44,-267.51,-0.013,-1.0833333333333333,4.94,,binance,1.0,backfilled from scheme_i_plus_trades.csv; scheme_i weights T1=1.0 T2=0.75 T3=0.5 T4=0 dropped; 5%/R risk; FEE=0.001; sig_rsi=42.69 sig_dist_ema200=3.13 d_rsi=72.45 w_rsi=51.72; equity_after=9609.750029457333 dd_pct=-18.73954468831617
si+-20181031150000-0026,backtest_scheme_i_plus_c3c5,binance,BTCUSDT,1h,2018-10-31T15:00:00Z,,long,T3a_H1_fail_brkdn_long,T3a_H1_fail_brkdn_long,3,,6393.38,6316.66,6553.21,76.72000000000025,2.0832898852971766,,,,240.24,27.69,,,,,,,5.951,,,,,62.3,-1.04,0.54,0.709,20.18,33.18,bear,bull,-0.1058,0.1017,,,,6424.8,time_exit,47,78.36,0.003914,0.3261666666666666,4.8,,binance,1.0,backfilled from scheme_i_plus_trades.csv; scheme_i weights T1=1.0 T2=0.75 T3=0.5 T4=0 dropped; 5%/R risk; FEE=0.001; sig_rsi=62.3 sig_dist_ema200=-1.04 d_rsi=20.18 w_rsi=33.18; equity_after=9688.109532822533 dd_pct=-18.07693339229547
si+-20181113160000-0027,backtest_scheme_i_plus_c3c5,binance,BTCUSDT,4h,2018-11-13T16:00:00Z,,short,T3b_H4_sweep_hi_short_loose,T3b_H4_sweep_hi_short_loose,3,,6461.3,6558.22,6267.46,96.92000000000007,2.0,,,,242.2,47.57,,,,,,,1.716,,,,,62.38,-0.49,0.08,0.006,61.1,42.02,bear,bear,-0.0833,-0.0388,,,,6267.46,tp_hit,3,468.26,0.029,1.9333333333333336,4.84,,binance,1.0,backfilled from scheme_i_plus_trades.csv; scheme_i weights T1=1.0 T2=0.75 T3=0.5 T4=0 dropped; 5%/R risk; FEE=0.001; sig_rsi=62.38 sig_dist_ema200=-0.49 d_rsi=61.1 w_rsi=42.02; equity_after=10156.368160242288 dd_pct=-14.117318506256426
si+-20181126000000-0028,backtest_scheme_i_plus_c3c5,binance,BTCUSDT,1w,2018-11-26T00:00:00Z,,long,T1a_W_fail_brkdn_long,T1a_W_fail_brkdn_long,1,,4160.55,3827.71,5200.69,332.84000000000015,3.125045066698711,,,,507.82,740.71,,,,,,,1.879,,,,,26.09,-28.94,-39.9,0.095,11.37,28.08,bear,bear,-0.3997,-0.3043,,,,3827.71,sl_hit,0,-514.17,-0.081,-1.0125,10.16,,binance,1.0,backfilled from scheme_i_plus_trades.csv; scheme_i weights T1=1.0 T2=0.75 T3=0.5 T4=0 dropped; 5%/R risk; FEE=0.001; sig_rsi=26.09 sig_dist_ema200=-28.94 d_rsi=11.37 w_rsi=28.08; equity_after=9642.202022130024 dd_pct=-18.465129256877177
si+-20181128200000-0029,backtest_scheme_i_plus_c3c5,binance,BTCUSDT,4h,2018-11-28T20:00:00Z,,short,T3b_H4_sweep_hi_short_loose,T3b_H4_sweep_hi_short_loose,3,,4262.06,4325.99,4134.2,63.92999999999938,2.0000000000000284,,,,241.06,173.46,,,,,,,1.076,,,,,71.92,-21.05,-1.32,0.319,23.63,26.09,bear,bear,-0.3657,-0.2894,,,,4134.2,tp_hit,1,466.04,0.029,1.9333333333333336,4.82,,binance,1.0,backfilled from scheme_i_plus_trades.csv; scheme_i weights T1=1.0 T2=0.75 T3=0.5 T4=0 dropped; 5%/R risk; FEE=0.001; sig_rsi=71.92 sig_dist_ema200=-21.05 d_rsi=23.63 w_rsi=26.09; equity_after=10108.241786532972 dd_pct=-14.524277170959598
si+-20181217200000-0030,backtest_scheme_i_plus_c3c5,binance,BTCUSDT,4h,2018-12-17T20:00:00Z,,short,T3b_H4_sweep_hi_short_loose,T3b_H4_sweep_hi_short_loose,3,,3509.03,3561.67,3403.76,52.63999999999987,1.9998100303951414,,,,252.71,72.41,,,,,,,1.968,,,,,81.12,-15.22,3.83,0.239,37.65,24.43,bear,bear,-0.4326,-0.3211,,,,3561.67,sl_hit,3,-269.55,-0.016,-1.0666666666666669,5.05,,binance,1.0,backfilled from scheme_i_plus_trades.csv; scheme_i weights T1=1.0 T2=0.75 T3=0.5 T4=0 dropped; 5%/R risk; FEE=0.001; sig_rsi=81.12 sig_dist_ema200=-15.22 d_rsi=37.65 w_rsi=24.43; equity_after=9838.688672225426 dd_pct=-16.80362977973401
si+-20181220160000-0031,backtest_scheme_i_plus_c3c5,binance,BTCUSDT,4h,2018-12-20T16:00:00Z,,short,T3b_H4_sweep_hi_short_loose,T3b_H4_sweep_hi_short_loose,3,,4011.73,4071.91,3891.38,60.179999999999836,1.9998338318378237,,,,245.97,139.63,,,,,,,1.302,,,,,78.61,-1.47,12.84,0.165,67.47,24.43,bear,bear,-0.33759999999999996,-0.3211,,,,4071.91,sl_hit,0,-262.37,-0.016,-1.0666666666666669,4.92,,binance,1.0,backfilled from scheme_i_plus_trades.csv; scheme_i weights T1=1.0 T2=0.75 T3=0.5 T4=0 dropped; 5%/R risk; FEE=0.001; sig_rsi=78.61 sig_dist_ema200=-1.47 d_rsi=67.47 w_rsi=24.43; equity_after=9576.323640966082 dd_pct=-19.02219965227443
si+-20181228160000-0032,backtest_scheme_i_plus_c3c5,binance,BTCUSDT,4h,2018-12-28T16:00:00Z,,short,T3b_H4_sweep_hi_short_loose,T3b_H4_sweep_hi_short_loose,3,,3821.88,3879.21,3707.22,57.32999999999993,2.000000000000008,,,,239.41,93.68,,,,,,,1.939,,,,,58.2,-3.97,1.95,0.309,65.04,20.71,bear,bear,-0.35350000000000004,-0.34090000000000004,,,,3879.21,sl_hit,3,-255.37,-0.016,-1.0666666666666669,4.79,,binance,1.0,backfilled from scheme_i_plus_trades.csv; scheme_i weights T1=1.0 T2=0.75 T3=0.5 T4=0 dropped; 5%/R risk; FEE=0.001; sig_rsi=58.2 sig_dist_ema200=-3.97 d_rsi=65.04 w_rsi=20.71; equity_after=9320.95501054032 dd_pct=-21.181607661547098
si+-20181229080000-0033,backtest_scheme_i_plus_c3c5,binance,BTCUSDT,4h,2018-12-29T08:00:00Z,,short,T1d_H4_sweep_hi_short,T1d_H4_sweep_hi_short,1,,3804.82,3918.96,3538.48,114.13999999999987,2.333450148939902,,,,466.05,85.76,,,,,,,1.401,,,,,58.51,-4.21,1.2,0.387,61.11,20.71,bear,bear,-0.3754,-0.34090000000000004,,,,3815.0,time_exit,39,-57.11,-0.003676,-0.1225333333333333,9.32,,binance,1.0,backfilled from scheme_i_plus_trades.csv; scheme_i weights T1=1.0 T2=0.75 T3=0.5 T4=0 dropped; 5%/R risk; FEE=0.001; sig_rsi=58.51 sig_dist_ema200=-4.21 d_rsi=61.11 w_rsi=20.71; equity_after=9263.848626175744 dd_pct=-21.66450167860735
si+-20190221100000-0034,backtest_scheme_i_plus_c3c5,binance,BTCUSDT,1h,2019-02-21T10:00:00Z,,long,T3a_H1_fail_brkdn_long,T3a_H1_fail_brkdn_long,3,,3931.22,3884.05,4029.5,47.16999999999962,2.0835276658893576,,,,231.6,27.05,,,,,,,0.891,,,,,41.76,4.14,0.16,0.447,84.39,29.09,bear,bear,-0.2071,-0.332,,,,3959.27,time_exit,47,118.4,0.006135,0.51125,4.63,,binance,1.0,backfilled from scheme_i_plus_trades.csv; scheme_i weights T1=1.0 T2=0.75 T3=0.5 T4=0 dropped; 5%/R risk; FEE=0.001; sig_rsi=41.76 sig_dist_ema200=4.14 d_rsi=84.39 w_rsi=29.09; equity_after=9382.252191429052 dd_pct=-20.663276090687056
si+-20190225000000-0035,backtest_scheme_i_plus_c3c5,binance,BTCUSDT,1w,2019-02-25T00:00:00Z,,long,T1b_W_rsi_os_long,T1b_W_rsi_os_long,1,,3807.32,3426.59,4759.15,380.73,2.5000131326661923,,,,469.11,480.01,,,,,,,0.769,,,,,45.48,-31.84,-31.97,0.304,53.0,29.09,bear,bear,-0.2415,-0.332,,,,4759.15,tp_hit,4,1168.09,0.249,2.49,9.38,,binance,1.0,backfilled from scheme_i_plus_trades.csv; scheme_i weights T1=1.0 T2=0.75 T3=0.5 T4=0 dropped; 5%/R risk; FEE=0.001; sig_rsi=45.48 sig_dist_ema200=-31.84 d_rsi=53.0 w_rsi=29.09; equity_after=10550.342589261969 dd_pct=-10.785853963977598
si+-20190408120000-0036,backtest_scheme_i_plus_c3c5,binance,BTCUSDT,1h,2019-04-08T12:00:00Z,,long,T3a_H1_fail_brkdn_long,T3a_H1_fail_brkdn_long,3,,5125.79,5064.28,5253.93,61.51000000000022,2.0832384978052327,,,,263.76,71.85,,,,,,,1.295,,,,,47.26,6.2,0.02,0.898,96.62,73.31,bull,bear,0.1235,-0.0699,,,,5253.93,tp_hit,9,527.52,0.024,2.0,5.28,,binance,1.0,backfilled from scheme_i_plus_trades.csv; scheme_i weights T1=1.0 T2=0.75 T3=0.5 T4=0 dropped; 5%/R risk; FEE=0.001; sig_rsi=47.26 sig_dist_ema200=6.2 d_rsi=96.62 w_rsi=73.31; equity_after=11077.859718725069 dd_pct=-6.325146662176461
si+-20190516210000-0037,backtest_scheme_i_plus_c3c5,binance,BTCUSDT,1h,2019-05-16T21:00:00Z,,long,T3a_H1_fail_brkdn_long,T3a_H1_fail_brkdn_long,3,,7917.62,7822.61,8115.56,95.01000000000022,2.083359646353016,,,,276.95,142.61,,,,,,,0.995,,,,,44.63,9.87,0.03,0.804,85.31,98.87,bull,bull,0.5613,0.4667,,,,7822.61,sl_hit,0,-300.03,-0.013,-1.0833333333333333,5.54,,binance,1.0,backfilled from scheme_i_plus_trades.csv; scheme_i weights T1=1.0 T2=0.75 T3=0.5 T4=0 dropped; 5%/R risk; FEE=0.001; sig_rsi=44.63 sig_dist_ema200=9.87 d_rsi=85.31 w_rsi=98.87; equity_after=10777.834351342932 dd_pct=-8.862173940075857
si+-20190731160000-0038,backtest_scheme_i_plus_c3c5,binance,BTCUSDT,4h,2019-07-31T16:00:00Z,,short,T3b_H4_sweep_hi_short_loose,T3b_H4_sweep_hi_short_loose,3,,9982.43,10132.17,9682.96,149.73999999999978,1.9999332175771445,,,,269.45,167.28,,,,,,,1.152,,,,,72.76,-2.25,1.93,0.39,55.92,72.52,bull,bull,0.3257,0.82,,,,10132.17,sl_hit,1,-287.41,-0.016,-1.0666666666666669,5.39,,binance,1.0,backfilled from scheme_i_plus_trades.csv; scheme_i weights T1=1.0 T2=0.75 T3=0.5 T4=0 dropped; 5%/R risk; FEE=0.001; sig_rsi=72.76 sig_dist_ema200=-2.25 d_rsi=55.92 w_rsi=72.52; equity_after=10490.42543530712 dd_pct=-11.292515968340489
si+-20190819080000-0039,backtest_scheme_i_plus_c3c5,binance,BTCUSDT,4h,2019-08-19T08:00:00Z,,short,T3b_H4_sweep_hi_short_loose,T3b_H4_sweep_hi_short_loose,3,,10670.77,10830.83,10350.65,160.0599999999995,2.0000000000000115,,,,262.26,196.85,,,,,,,1.197,,,,,65.56,-0.08,0.6,0.359,39.6,58.55,bull,bull,0.3328,0.6512,,,,10830.83,sl_hit,2,-279.74,-0.016,-1.0666666666666669,5.25,,binance,1.0,backfilled from scheme_i_plus_trades.csv; scheme_i weights T1=1.0 T2=0.75 T3=0.5 T4=0 dropped; 5%/R risk; FEE=0.001; sig_rsi=65.56 sig_dist_ema200=-0.08 d_rsi=39.6 w_rsi=58.55; equity_after=10210.680757032264 dd_pct=-13.658048875851414
si+-20190831210000-0040,backtest_scheme_i_plus_c3c5,binance,BTCUSDT,1h,2019-08-31T21:00:00Z,,long,T3a_H1_fail_brkdn_long,T3a_H1_fail_brkdn_long,3,,9655.6,9539.73,9896.99,115.8700000000008,2.083282989557243,,,,255.27,61.53,,,,,,,2.517,,,,,57.54,-2.36,0.57,0.839,40.36,54.78,bull,bull,0.1414,0.574,,,,9539.73,sl_hit,19,-276.54,-0.013,-1.0833333333333333,5.11,,binance,1.0,backfilled from scheme_i_plus_trades.csv; scheme_i weights T1=1.0 T2=0.75 T3=0.5 T4=0 dropped; 5%/R risk; FEE=0.001; sig_rsi=57.54 sig_dist_ema200=-2.36 d_rsi=40.36 w_rsi=54.78; equity_after=9934.141486529308 dd_pct=-15.996476718797092
si+-20191010130000-0041,backtest_scheme_i_plus_c3c5,binance,BTCUSDT,1h,2019-10-10T13:00:00Z,,long,T3a_H1_fail_brkdn_long,T3a_H1_fail_brkdn_long,3,,8482.39,8380.6,8694.45,101.78999999999905,2.0833087729639774,,,,248.35,60.85,,,,,,,0.983,,,,,38.67,2.65,1.03,0.313,63.26,34.55,bear,bull,-0.015600000000000001,0.3031,,,,8694.45,tp_hit,14,496.71,0.024,2.0,4.97,,binance,1.0,backfilled from scheme_i_plus_trades.csv; scheme_i weights T1=1.0 T2=0.75 T3=0.5 T4=0 dropped; 5%/R risk; FEE=0.001; sig_rsi=38.67 sig_dist_ema200=2.65 d_rsi=63.26 w_rsi=34.55; equity_after=10430.848560855777 dd_pct=-11.796300554736938
si+-20191011040000-0042,backtest_scheme_i_plus_c3c5,binance,BTCUSDT,4h,2019-10-11T04:00:00Z,,short,T1d_H4_sweep_hi_short,T1d_H4_sweep_hi_short,1,,8387.69,8639.32,7800.55,251.6299999999992,2.333346580296476,,,,521.54,159.77,,,,,,,2.611,,,,,62.01,-6.23,0.93,0.392,51.97,34.55,bear,bull,-0.0496,0.3031,,,,8070.58,time_exit,39,639.88,0.036807,1.2269,10.43,,binance,1.0,backfilled from scheme_i_plus_trades.csv; scheme_i weights T1=1.0 T2=0.75 T3=0.5 T4=0 dropped; 5%/R risk; FEE=0.001; sig_rsi=62.01 sig_dist_ema200=-6.23 d_rsi=51.97 w_rsi=34.55; equity_after=11070.728965821472 dd_pct=-6.3854446122672766
si+-20191011040000-0043,backtest_scheme_i_plus_c3c5,binance,BTCUSDT,4h,2019-10-11T04:00:00Z,,short,T3b_H4_sweep_hi_short_loose,T3b_H4_sweep_hi_short_loose,3,,8387.69,8513.51,8136.06,125.81999999999971,1.9999205213797544,,,,276.77,159.77,,,,,,,2.611,,,,,62.01,-6.23,0.93,0.392,51.97,34.55,bear,bull,-0.0496,0.3031,,,,8136.06,tp_hit,26,535.09,0.029,1.9333333333333336,5.54,,binance,1.0,backfilled from scheme_i_plus_trades.csv; scheme_i weights T1=1.0 T2=0.75 T3=0.5 T4=0 dropped; 5%/R risk; FEE=0.001; sig_rsi=62.01 sig_dist_ema200=-6.23 d_rsi=51.97 w_rsi=34.55; equity_after=11605.81419916951 dd_pct=-1.8607411018601967
si+-20191021120000-0044,backtest_scheme_i_plus_c3c5,binance,BTCUSDT,4h,2019-10-21T12:00:00Z,,short,T3b_H4_sweep_hi_short_loose,T3b_H4_sweep_hi_short_loose,3,,8191.24,8314.11,7945.5,122.8700000000008,1.9999999999999851,,,,290.15,111.2,,,,,,,1.594,,,,,73.47,-4.43,0.97,0.232,50.21,44.62,bear,bull,-0.051,0.489,,,,7945.5,tp_hit,8,560.95,0.029,1.9333333333333336,5.8,,binance,1.0,backfilled from scheme_i_plus_trades.csv; scheme_i weights T1=1.0 T2=0.75 T3=0.5 T4=0 dropped; 5%/R risk; FEE=0.001; sig_rsi=73.47 sig_dist_ema200=-4.43 d_rsi=50.21 w_rsi=44.62; equity_after=12166.761885462704 dd_pct=0.0
si+-20191021120000-0045,backtest_scheme_i_plus_c3c5,binance,BTCUSDT,4h,2019-10-21T12:00:00Z,,short,T1d_H4_sweep_hi_short,T1d_H4_sweep_hi_short,1,,8191.24,8436.98,7617.85,245.73999999999978,2.333319768861398,,,,608.34,111.2,,,,,,,1.594,,,,,73.47,-4.43,0.97,0.232,50.21,44.62,bear,bull,-0.051,0.489,,,,7617.85,tp_hit,11,1399.18,0.069,2.3000000000000003,12.17,,binance,1.0,backfilled from scheme_i_plus_trades.csv; scheme_i weights T1=1.0 T2=0.75 T3=0.5 T4=0 dropped; 5%/R risk; FEE=0.001; sig_rsi=73.47 sig_dist_ema200=-4.43 d_rsi=50.21 w_rsi=44.62; equity_after=13565.939502290916 dd_pct=0.0
si+-20191117080000-0046,backtest_scheme_i_plus_c3c5,binance,BTCUSDT,1h,2019-11-17T08:00:00Z,,long,T3a_H1_fail_brkdn_long,T3a_H1_fail_brkdn_long,3,,8554.52,8451.87,8768.38,102.64999999999964,2.0833901607403753,,,,339.15,40.4,,,,,,,5.715,,,,,60.57,-1.72,0.46,0.582,31.98,30.5,bear,bull,-0.0218,0.3132,,,,8451.87,sl_hit,17,-367.41,-0.013,-1.0833333333333333,6.78,,binance,1.0,backfilled from scheme_i_plus_trades.csv; scheme_i weights T1=1.0 T2=0.75 T3=0.5 T4=0 dropped; 5%/R risk; FEE=0.001; sig_rsi=60.57 sig_dist_ema200=-1.72 d_rsi=31.98 w_rsi=30.5; equity_after=13198.528640770535 dd_pct=-2.708333333333335
si+-20191127200000-0047,backtest_scheme_i_plus_c3c5,binance,BTCUSDT,4h,2019-11-27T20:00:00Z,,short,T3b_H4_sweep_hi_short_loose,T3b_H4_sweep_hi_short_loose,3,,7507.9,7620.52,7282.66,112.6200000000008,1.9999999999999838,,,,329.96,206.84,,,,,,,0.658,,,,,60.97,-8.41,0.93,0.307,25.86,33.8,bear,bull,-0.1249,0.1392,,,,7620.52,sl_hit,3,-351.96,-0.016,-1.0666666666666669,6.6,,binance,1.0,backfilled from scheme_i_plus_trades.csv; scheme_i weights T1=1.0 T2=0.75 T3=0.5 T4=0 dropped; 5%/R risk; FEE=0.001; sig_rsi=60.97 sig_dist_ema200=-8.41 d_rsi=25.86 w_rsi=33.8; equity_after=12846.567877016658 dd_pct=-5.302777777777767
si+-20191128230000-0048,backtest_scheme_i_plus_c3c5,binance,BTCUSDT,1h,2019-11-28T23:00:00Z,,long,T3a_H1_fail_brkdn_long,T3a_H1_fail_brkdn_long,3,,7418.52,7329.5,7603.98,89.02000000000044,2.0833520557177962,,,,321.16,80.52,,,,,,,1.199,,,,,41.93,-0.54,0.22,0.381,26.27,33.8,bear,bull,-0.1341,0.1392,,,,7603.98,tp_hit,12,642.33,0.024,2.0,6.42,,binance,1.0,backfilled from scheme_i_plus_trades.csv; scheme_i weights T1=1.0 T2=0.75 T3=0.5 T4=0 dropped; 5%/R risk; FEE=0.001; sig_rsi=41.93 sig_dist_ema200=-0.54 d_rsi=26.27 w_rsi=33.8; equity_after=13488.89627086749 dd_pct=-0.5679166666666569
si+-20191221080000-0049,backtest_scheme_i_plus_c3c5,binance,BTCUSDT,1h,2019-12-21T08:00:00Z,,long,T3a_H1_fail_brkdn_long,T3a_H1_fail_brkdn_long,3,,7141.72,7056.02,7320.26,85.69999999999982,2.083313885647612,,,,337.22,25.75,,,,,,,0.662,,,,,33.83,0.73,0.23,0.5,41.17,33.0,bear,bull,-0.1404,0.1516,,,,7320.26,tp_hit,32,674.44,0.024,2.0,6.74,,binance,1.0,backfilled from scheme_i_plus_trades.csv; scheme_i weights T1=1.0 T2=0.75 T3=0.5 T4=0 dropped; 5%/R risk; FEE=0.001; sig_rsi=33.83 sig_dist_ema200=0.73 d_rsi=41.17 w_rsi=33.0; equity_after=14163.341084410866 dd_pct=0.0
si+-20191224080000-0050,backtest_scheme_i_plus_c3c5,binance,BTCUSDT,1h,2019-12-24T08:00:00Z,,long,T3a_H1_fail_brkdn_long,T3a_H1_fail_brkdn_long,3,,7362.86,7274.51,7546.93,88.34999999999945,2.0834182229768166,,,,354.08,58.77,,,,,,,1.537,,,,,46.78,2.07,0.09,0.587,50.68,33.65,bear,bull,-0.12269999999999999,0.13269999999999998,,,,7274.51,sl_hit,6,-383.59,-0.013,-1.0833333333333333,7.08,,binance,1.0,backfilled from scheme_i_plus_trades.csv; scheme_i weights T1=1.0 T2=0.75 T3=0.5 T4=0 dropped; 5%/R risk; FEE=0.001; sig_rsi=46.78 sig_dist_ema200=2.07 d_rsi=50.68 w_rsi=33.65; equity_after=13779.75059670807 dd_pct=-2.708333333333335
si+-20191227120000-0051,backtest_scheme_i_plus_c3c5,binance,BTCUSDT,1h,2019-12-27T12:00:00Z,,long,T3a_H1_fail_brkdn_long,T3a_H1_fail_brkdn_long,3,,7227.45,7140.72,7408.14,86.72999999999956,2.0833621584227076,,,,344.49,46.41,,,,,,,2.178,,,,,55.06,0.06,0.01,0.619,49.92,33.65,bear,bull,-0.1195,0.13269999999999998,,,,7363.46,time_exit,47,511.54,0.017819,1.4849166666666669,6.89,,binance,1.0,backfilled from scheme_i_plus_trades.csv; scheme_i weights T1=1.0 T2=0.75 T3=0.5 T4=0 dropped; 5%/R risk; FEE=0.001; sig_rsi=55.06 sig_dist_ema200=0.06 d_rsi=49.92 w_rsi=33.65; equity_after=14291.295129797114 dd_pct=0.0
si+-20200108200000-0052,backtest_scheme_i_plus_c3c5,binance,BTCUSDT,1h,2020-01-08T20:00:00Z,,long,T3a_H1_fail_brkdn_long,T3a_H1_fail_brkdn_long,3,,8046.42,7949.86,8247.58,96.5600000000004,2.0832642916321356,,,,357.28,118.23,,,,,,,1.929,,,,,30.62,5.62,0.12,0.432,72.5,52.45,bear,bull,-0.0116,0.2501,,,,7949.86,sl_hit,3,-387.06,-0.013,-1.0833333333333333,7.15,,binance,1.0,backfilled from scheme_i_plus_trades.csv; scheme_i weights T1=1.0 T2=0.75 T3=0.5 T4=0 dropped; 5%/R risk; FEE=0.001; sig_rsi=30.62 sig_dist_ema200=5.62 d_rsi=72.5 w_rsi=52.45; equity_after=13904.239220031775 dd_pct=-2.708333333333335
si+-20200121200000-0053,backtest_scheme_i_plus_c3c5,binance,BTCUSDT,1h,2020-01-21T20:00:00Z,,long,T3a_H1_fail_brkdn_long,T3a_H1_fail_brkdn_long,3,,8719.98,8615.34,8937.98,104.63999999999942,2.083333333333345,,,,347.61,56.16,,,,,,,3.755,,,,,58.08,1.15,0.44,0.985,61.82,52.84,bull,bull,0.066,0.3074,,,,8615.34,sl_hit,19,-376.57,-0.013,-1.0833333333333333,6.95,,binance,1.0,backfilled from scheme_i_plus_trades.csv; scheme_i weights T1=1.0 T2=0.75 T3=0.5 T4=0 dropped; 5%/R risk; FEE=0.001; sig_rsi=58.08 sig_dist_ema200=1.15 d_rsi=61.82 w_rsi=52.84; equity_after=13527.666074489249 dd_pct=-5.343315972222218
si+-20200210000000-0054,backtest_scheme_i_plus_c3c5,binance,BTCUSDT,1w,2020-02-10T00:00:00Z,,short,T2b_W_sweep_hi_short,T2b_W_sweep_hi_short,2,,9910.7,10703.56,7928.56,792.8599999999988,2.499987387432842,,,,507.29,945.03,,,,,,,1.244,,,,,56.4,48.36,21.31,0.272,82.31,57.06,bull,bull,0.2116,0.5261,,,,7928.56,tp_hit,3,1261.88,0.199,2.4875000000000003,10.15,,binance,1.0,backfilled from scheme_i_plus_trades.csv; scheme_i weights T1=1.0 T2=0.75 T3=0.5 T4=0 dropped; 5%/R risk; FEE=0.001; sig_rsi=56.4 sig_dist_ema200=48.36 d_rsi=82.31 w_rsi=57.06; equity_after=14789.5436755002 dd_pct=0.0
si+-20200227000000-0055,backtest_scheme_i_plus_c3c5,binance,BTCUSDT,1d,2020-02-27T00:00:00Z,,long,T2a_D_hammer_long,T2a_D_hammer_long,2,,8823.25,8382.09,9882.04,441.15999999999985,2.400013600507755,,,,554.61,461.86,,,,,,,1.261,,,,,29.27,2.55,-4.1,0.084,27.67,63.24,bull,bull,0.021400000000000002,0.2668,,,,8382.09,sl_hit,9,-565.7,-0.051,-1.0199999999999998,11.09,,binance,1.0,backfilled from scheme_i_plus_trades.csv; scheme_i weights T1=1.0 T2=0.75 T3=0.5 T4=0 dropped; 5%/R risk; FEE=0.001; sig_rsi=29.27 sig_dist_ema200=2.55 d_rsi=27.67 w_rsi=63.24; equity_after=14223.843629912317 dd_pct=-3.8250000000000006
si+-20200305200000-0056,backtest_scheme_i_plus_c3c5,binance,BTCUSDT,4h,2020-03-05T20:00:00Z,,short,T3b_H4_sweep_hi_short_loose,T3b_H4_sweep_hi_short_loose,3,,9054.64,9190.46,8783.0,135.8199999999997,2.0,,,,355.6,120.95,,,,,,,0.915,,,,,68.05,-1.53,1.55,0.666,40.12,55.21,bull,bull,0.0512,0.1905,,,,8783.0,tp_hit,12,687.49,0.029,1.9333333333333336,7.11,,binance,1.0,backfilled from scheme_i_plus_trades.csv; scheme_i weights T1=1.0 T2=0.75 T3=0.5 T4=0 dropped; 5%/R risk; FEE=0.001; sig_rsi=68.05 sig_dist_ema200=-1.53 d_rsi=40.12 w_rsi=55.21; equity_after=14911.329405358078 dd_pct=0.0
si+-20200309000000-0057,backtest_scheme_i_plus_c3c5,binance,BTCUSDT,1d,2020-03-09T00:00:00Z,,long,T2a_D_hammer_long,T2a_D_hammer_long,2,,7929.87,7533.38,8881.45,396.4899999999998,2.4000100885268263,,,,559.17,427.08,,,,,,,2.047,,,,,24.22,-7.88,-11.9,0.192,23.0,55.21,bear,bull,-0.0676,0.1905,,,,7533.38,sl_hit,2,-570.36,-0.051,-1.0199999999999998,11.18,,binance,1.0,backfilled from scheme_i_plus_trades.csv; scheme_i weights T1=1.0 T2=0.75 T3=0.5 T4=0 dropped; 5%/R risk; FEE=0.001; sig_rsi=24.22 sig_dist_ema200=-7.88 d_rsi=23.0 w_rsi=55.21; equity_after=14340.971055603131 dd_pct=-3.8250000000000006
si+-20200316000000-0058,backtest_scheme_i_plus_c3c5,binance,BTCUSDT,1w,2020-03-16T00:00:00Z,,long,T1a_W_fail_brkdn_long,T1a_W_fail_brkdn_long,1,,5816.05,5350.77,7270.06,465.27999999999975,3.1250214924346653,,,,717.05,1332.69,,,,,,,2.673,,,,,42.58,-13.51,-27.68,0.185,26.39,37.67,bear,bear,-0.3665,-0.20379999999999998,,,,7270.06,tp_hit,2,2231.81,0.249,3.1125,14.34,,binance,1.0,backfilled from scheme_i_plus_trades.csv; scheme_i weights T1=1.0 T2=0.75 T3=0.5 T4=0 dropped; 5%/R risk; FEE=0.001; sig_rsi=42.58 sig_dist_ema200=-13.51 d_rsi=26.39 w_rsi=37.67; equity_after=16572.78467613137 dd_pct=0.0
si+-20200319200000-0059,backtest_scheme_i_plus_c3c5,binance,BTCUSDT,4h,2020-03-19T20:00:00Z,,short,T3b_H4_sweep_hi_short_loose,T3b_H4_sweep_hi_short_loose,3,,6162.05,6254.48,5977.19,92.42999999999938,2.0000000000000195,,,,414.32,261.29,,,,,,,0.827,,,,,72.82,-18.98,4.99,0.196,30.27,42.58,bear,bear,-0.2616,-0.1351,,,,6254.48,sl_hit,0,-441.94,-0.016,-1.0666666666666669,8.29,,binance,1.0,backfilled from scheme_i_plus_trades.csv; scheme_i weights T1=1.0 T2=0.75 T3=0.5 T4=0 dropped; 5%/R risk; FEE=0.001; sig_rsi=72.82 sig_dist_ema200=-18.98 d_rsi=30.27 w_rsi=42.58; equity_after=16130.843751434537 dd_pct=-2.6666666666666616
si+-20200320210000-0060,backtest_scheme_i_plus_c3c5,binance,BTCUSDT,1h,2020-03-20T21:00:00Z,,long,T3a_H1_fail_brkdn_long,T3a_H1_fail_brkdn_long,3,,6239.19,6164.32,6395.17,74.86999999999989,2.083344463737154,,,,403.27,259.56,,,,,,,1.106,,,,,47.78,4.52,2.83,0.73,29.97,42.58,bear,bear,-0.25420000000000004,-0.1351,,,,6164.32,sl_hit,0,-436.88,-0.013,-1.0833333333333333,8.07,,binance,1.0,backfilled from scheme_i_plus_trades.csv; scheme_i weights T1=1.0 T2=0.75 T3=0.5 T4=0 dropped; 5%/R risk; FEE=0.001; sig_rsi=47.78 sig_dist_ema200=4.52 d_rsi=29.97 w_rsi=42.58; equity_after=15693.96673316652 dd_pct=-5.302777777777756
si+-20200324000000-0061,backtest_scheme_i_plus_c3c5,binance,BTCUSDT,4h,2020-03-24T00:00:00Z,,short,T3b_H4_sweep_hi_short_loose,T3b_H4_sweep_hi_short_loose,3,,6522.51,6620.35,6326.83,97.84000000000015,2.0,,,,392.35,279.58,,,,,,,1.133,,,,,59.22,-10.58,7.45,0.284,39.76,40.42,bear,bear,-0.21710000000000002,-0.1243,,,,6620.35,sl_hit,1,-418.51,-0.016,-1.0666666666666669,7.85,,binance,1.0,backfilled from scheme_i_plus_trades.csv; scheme_i weights T1=1.0 T2=0.75 T3=0.5 T4=0 dropped; 5%/R risk; FEE=0.001; sig_rsi=59.22 sig_dist_ema200=-10.58 d_rsi=39.76 w_rsi=40.42; equity_after=15275.460953615411 dd_pct=-7.828037037037017
si+-20200402000000-0062,backtest_scheme_i_plus_c3c5,binance,BTCUSDT,4h,2020-04-02T00:00:00Z,,short,T3b_H4_sweep_hi_short_loose,T3b_H4_sweep_hi_short_loose,3,,6606.05,6705.14,6407.87,99.09000000000015,2.0,,,,381.89,165.67,,,,,,,1.18,,,,,62.54,-4.63,4.15,0.193,66.1,46.67,bear,bull,-0.1804,0.0083,,,,6705.14,sl_hit,1,-407.35,-0.016,-1.0666666666666669,7.64,,binance,1.0,backfilled from scheme_i_plus_trades.csv; scheme_i weights T1=1.0 T2=0.75 T3=0.5 T4=0 dropped; 5%/R risk; FEE=0.001; sig_rsi=62.54 sig_dist_ema200=-4.63 d_rsi=66.1 w_rsi=46.67; equity_after=14868.11532818567 dd_pct=-10.285956049382683
si+-20200409120000-0063,backtest_scheme_i_plus_c3c5,binance,BTCUSDT,1h,2020-04-09T12:00:00Z,,long,T3a_H1_fail_brkdn_long,T3a_H1_fail_brkdn_long,3,,7303.03,7215.39,7485.61,87.63999999999942,2.083295298950264,,,,371.7,67.64,,,,,,,3.296,,,,,43.58,4.62,0.41,0.593,59.2,47.56,bear,bull,-0.0922,0.0275,,,,7215.39,sl_hit,13,-402.68,-0.013,-1.0833333333333333,7.43,,binance,1.0,backfilled from scheme_i_plus_trades.csv; scheme_i weights T1=1.0 T2=0.75 T3=0.5 T4=0 dropped; 5%/R risk; FEE=0.001; sig_rsi=43.58 sig_dist_ema200=4.62 d_rsi=59.2 w_rsi=47.56; equity_after=14465.437204713971 dd_pct=-12.71571140637857
si+-20200529110000-0064,backtest_scheme_i_plus_c3c5,binance,BTCUSDT,1h,2020-05-29T11:00:00Z,,long,T3a_H1_fail_brkdn_long,T3a_H1_fail_brkdn_long,3,,9403.98,9291.13,9639.08,112.85000000000036,2.0832964111652603,,,,361.64,81.27,,,,,,,1.372,,,,,46.59,2.31,0.91,0.457,51.94,47.77,bull,bull,0.14529999999999998,0.37979999999999997,,,,9639.08,tp_hit,34,723.27,0.024,2.0,7.23,,binance,1.0,backfilled from scheme_i_plus_trades.csv; scheme_i weights T1=1.0 T2=0.75 T3=0.5 T4=0 dropped; 5%/R risk; FEE=0.001; sig_rsi=46.59 sig_dist_ema200=2.31 d_rsi=51.94 w_rsi=47.77; equity_after=15188.709064949671 dd_pct=-8.351496976697492
si+-20200621190000-0065,backtest_scheme_i_plus_c3c5,binance,BTCUSDT,1h,2020-06-21T19:00:00Z,,long,T3a_H1_fail_brkdn_long,T3a_H1_fail_brkdn_long,3,,9351.14,9238.93,9584.92,112.20999999999913,2.083415025398828,,,,379.72,32.98,,,,,,,1.007,,,,,38.73,-0.5,0.05,0.661,35.85,77.7,bull,bull,0.0929,0.3422,,,,9584.92,tp_hit,20,759.44,0.024,2.0,7.59,,binance,1.0,backfilled from scheme_i_plus_trades.csv; scheme_i weights T1=1.0 T2=0.75 T3=0.5 T4=0 dropped; 5%/R risk; FEE=0.001; sig_rsi=38.73 sig_dist_ema200=-0.5 d_rsi=35.85 w_rsi=77.7; equity_after=15948.144518197156 dd_pct=-3.7690718255323774
si+-20200701160000-0066,backtest_scheme_i_plus_c3c5,binance,BTCUSDT,4h,2020-07-01T16:00:00Z,,short,T3b_H4_sweep_hi_short_loose,T3b_H4_sweep_hi_short_loose,3,,9240.01,9378.61,8962.81,138.60000000000036,2.0,,,,398.7,76.89,,,,,,,1.322,,,,,69.7,-0.62,0.38,0.402,42.98,73.42,bull,bull,0.0764,0.3016,,,,8962.81,tp_hit,5,770.83,0.029,1.9333333333333336,7.97,,binance,1.0,backfilled from scheme_i_plus_trades.csv; scheme_i weights T1=1.0 T2=0.75 T3=0.5 T4=0 dropped; 5%/R risk; FEE=0.001; sig_rsi=69.7 sig_dist_ema200=-0.62 d_rsi=42.98 w_rsi=73.42; equity_after=16718.971503243352 dd_pct=0.0
si+-20200722080000-0067,backtest_scheme_i_plus_c3c5,binance,BTCUSDT,1h,2020-07-22T08:00:00Z,,long,T3a_H1_fail_brkdn_long,T3a_H1_fail_brkdn_long,3,,9310.56,9198.83,9543.32,111.72999999999956,2.083236373400171,,,,417.97,33.17,,,,,,,1.17,,,,,28.92,0.98,0.24,0.252,53.88,71.24,bull,bull,0.09390000000000001,0.4103,,,,9543.32,tp_hit,13,835.95,0.024,2.0,8.36,,binance,1.0,backfilled from scheme_i_plus_trades.csv; scheme_i weights T1=1.0 T2=0.75 T3=0.5 T4=0 dropped; 5%/R risk; FEE=0.001; sig_rsi=28.92 sig_dist_ema200=0.98 d_rsi=53.88 w_rsi=71.24; equity_after=17554.92007840552 dd_pct=0.0
si+-20200913040000-0068,backtest_scheme_i_plus_c3c5,binance,BTCUSDT,4h,2020-09-13T04:00:00Z,,short,T3b_H4_sweep_hi_short_loose,T3b_H4_sweep_hi_short_loose,3,,10542.27,10700.4,10226.0,158.1299999999992,2.0000632391070767,,,,438.87,92.91,,,,,,,0.736,,,,,66.6,-3.21,1.09,0.235,30.73,55.26,bull,bull,0.0645,0.4107,,,,10226.0,tp_hit,2,848.49,0.029,1.9333333333333336,8.78,,binance,1.0,backfilled from scheme_i_plus_trades.csv; scheme_i weights T1=1.0 T2=0.75 T3=0.5 T4=0 dropped; 5%/R risk; FEE=0.001; sig_rsi=66.6 sig_dist_ema200=-3.21 d_rsi=30.73 w_rsi=55.26; equity_after=18403.40788219512 dd_pct=0.0
si+-20200915120000-0069,backtest_scheme_i_plus_c3c5,binance,BTCUSDT,4h,2020-09-15T12:00:00Z,,short,T3b_H4_sweep_hi_short_loose,T3b_H4_sweep_hi_short_loose,3,,10785.23,10947.01,10461.67,161.78000000000065,1.9999999999999887,,,,460.09,161.16,,,,,,,1.733,,,,,62.97,-0.58,2.8,0.19,34.62,63.73,bull,bull,0.10880000000000001,0.4836,,,,10947.01,sl_hit,5,-490.76,-0.016,-1.0666666666666669,9.2,,binance,1.0,backfilled from scheme_i_plus_trades.csv; scheme_i weights T1=1.0 T2=0.75 T3=0.5 T4=0 dropped; 5%/R risk; FEE=0.001; sig_rsi=62.97 sig_dist_ema200=-0.58 d_rsi=34.62 w_rsi=63.73; equity_after=17912.65033866992 dd_pct=-2.6666666666666505
si+-20200917110000-0070,backtest_scheme_i_plus_c3c5,binance,BTCUSDT,1h,2020-09-17T11:00:00Z,,long,T3a_H1_fail_brkdn_long,T3a_H1_fail_brkdn_long,3,,10877.65,10747.12,11149.59,130.52999999999884,2.0833524860185624,,,,447.82,70.62,,,,,,,1.086,,,,,35.47,2.35,0.24,0.59,69.06,63.73,bull,bull,0.1219,0.4836,,,,10747.12,sl_hit,1,-485.13,-0.013,-1.0833333333333333,8.96,,binance,1.0,backfilled from scheme_i_plus_trades.csv; scheme_i weights T1=1.0 T2=0.75 T3=0.5 T4=0 dropped; 5%/R risk; FEE=0.001; sig_rsi=35.47 sig_dist_ema200=2.35 d_rsi=69.06 w_rsi=63.73; equity_after=17427.516058664274 dd_pct=-5.302777777777767
si+-20200926040000-0071,backtest_scheme_i_plus_c3c5,binance,BTCUSDT,4h,2020-09-26T04:00:00Z,,short,T3b_H4_sweep_hi_short_loose,T3b_H4_sweep_hi_short_loose,3,,10705.84,10866.43,10384.66,160.59000000000015,2.0,,,,435.69,136.94,,,,,,,0.773,,,,,79.8,-0.7,0.7,0.007,55.65,62.66,bull,bull,0.0911,0.4571,,,,10866.43,sl_hit,10,-464.73,-0.016,-1.0666666666666669,8.71,,binance,1.0,backfilled from scheme_i_plus_trades.csv; scheme_i weights T1=1.0 T2=0.75 T3=0.5 T4=0 dropped; 5%/R risk; FEE=0.001; sig_rsi=79.8 sig_dist_ema200=-0.7 d_rsi=55.65 w_rsi=62.66; equity_after=16962.782297099893 dd_pct=-7.828037037037028
si+-20201005000000-0072,backtest_scheme_i_plus_c3c5,binance,BTCUSDT,4h,2020-10-05T00:00:00Z,,short,T3b_H4_sweep_hi_short_loose,T3b_H4_sweep_hi_short_loose,3,,10665.88,10825.87,10345.9,159.9900000000016,1.9999999999999774,,,,424.07,68.46,,,,,,,0.884,,,,,70.12,-0.68,0.19,0.009,44.19,63.42,bull,bull,0.0776,0.4362,,,,10825.87,sl_hit,20,-452.34,-0.016,-1.0666666666666669,8.48,,binance,1.0,backfilled from scheme_i_plus_trades.csv; scheme_i weights T1=1.0 T2=0.75 T3=0.5 T4=0 dropped; 5%/R risk; FEE=0.001; sig_rsi=70.12 sig_dist_ema200=-0.68 d_rsi=44.19 w_rsi=63.42; equity_after=16510.4414358439 dd_pct=-10.285956049382694
si+-20201223120000-0073,backtest_scheme_i_plus_c3c5,binance,BTCUSDT,1h,2020-12-23T12:00:00Z,,long,T3a_H1_fail_brkdn_long,T3a_H1_fail_brkdn_long,3,,23843.91,23557.78,24440.01,286.130000000001,2.083318771187909,,,,412.76,330.45,,,,,,,2.388,,,,,52.29,6.56,2.05,0.849,75.89,96.0,bull,bull,0.6836,2.0757,,,,23557.78,sl_hit,0,-447.16,-0.013,-1.0833333333333333,8.26,,binance,1.0,backfilled from scheme_i_plus_trades.csv; scheme_i weights T1=1.0 T2=0.75 T3=0.5 T4=0 dropped; 5%/R risk; FEE=0.001; sig_rsi=52.29 sig_dist_ema200=6.56 d_rsi=75.89 w_rsi=96.0; equity_after=16063.28364695646 dd_pct=-12.715711406378585
si+-20201227210000-0074,backtest_scheme_i_plus_c3c5,binance,BTCUSDT,1h,2020-12-27T21:00:00Z,,long,T3a_H1_fail_brkdn_long,T3a_H1_fail_brkdn_long,3,,26404.45,26087.6,27064.56,316.8500000000022,2.0833517437273033,,,,401.58,697.63,,,,,,,1.271,,,,,32.61,9.17,0.91,0.223,82.63,96.0,bull,bull,0.8442000000000001,2.0757,,,,27064.56,tp_hit,3,803.16,0.024,2.0,8.03,,binance,1.0,backfilled from scheme_i_plus_trades.csv; scheme_i weights T1=1.0 T2=0.75 T3=0.5 T4=0 dropped; 5%/R risk; FEE=0.001; sig_rsi=32.61 sig_dist_ema200=9.17 d_rsi=82.63 w_rsi=96.0; equity_after=16866.44782930428 dd_pct=-8.351496976697515
si+-20210204160000-0075,backtest_scheme_i_plus_c3c5,binance,BTCUSDT,1h,2021-02-04T16:00:00Z,,long,T3a_H1_fail_brkdn_long,T3a_H1_fail_brkdn_long,3,,36929.53,36486.38,37852.77,443.15000000000146,2.083357779532878,,,,421.66,718.04,,,,,,,0.94,,,,,38.47,6.04,0.82,0.619,69.33,83.25,bull,bull,0.784,2.8423000000000003,,,,37852.77,tp_hit,19,843.32,0.024,2.0,8.43,,binance,1.0,backfilled from scheme_i_plus_trades.csv; scheme_i weights T1=1.0 T2=0.75 T3=0.5 T4=0 dropped; 5%/R risk; FEE=0.001; sig_rsi=38.47 sig_dist_ema200=6.04 d_rsi=69.33 w_rsi=83.25; equity_after=17709.7702207695 dd_pct=-3.7690718255323663
si+-20210308080000-0076,backtest_scheme_i_plus_c3c5,binance,BTCUSDT,1h,2021-03-08T08:00:00Z,,long,T3a_H1_fail_brkdn_long,T3a_H1_fail_brkdn_long,3,,49880.49,49281.92,51127.5,598.5699999999997,2.083315234642569,,,,442.74,682.23,,,,,,,1.455,,,,,44.12,1.62,0.0,0.204,46.43,75.95,bull,bull,0.8478,3.8524000000000003,,,,51127.5,tp_hit,5,885.49,0.024,2.0,8.85,,binance,1.0,backfilled from scheme_i_plus_trades.csv; scheme_i weights T1=1.0 T2=0.75 T3=0.5 T4=0 dropped; 5%/R risk; FEE=0.001; sig_rsi=44.12 sig_dist_ema200=1.62 d_rsi=46.43 w_rsi=75.95; equity_after=18595.25873180797 dd_pct=0.0
si+-20210312140000-0077,backtest_scheme_i_plus_c3c5,binance,BTCUSDT,1h,2021-03-12T14:00:00Z,,long,T3a_H1_fail_brkdn_long,T3a_H1_fail_brkdn_long,3,,56221.53,55546.87,57627.07,674.6599999999962,2.083330862953204,,,,464.88,775.95,,,,,,,1.198,,,,,35.47,5.91,0.1,0.59,76.6,75.95,bull,bull,0.9431999999999999,3.8524000000000003,,,,57627.07,tp_hit,2,929.76,0.024,2.0,9.3,,binance,1.0,backfilled from scheme_i_plus_trades.csv; scheme_i weights T1=1.0 T2=0.75 T3=0.5 T4=0 dropped; 5%/R risk; FEE=0.001; sig_rsi=35.47 sig_dist_ema200=5.91 d_rsi=76.6 w_rsi=75.95; equity_after=19525.02166839837 dd_pct=0.0
si+-20210412000000-0078,backtest_scheme_i_plus_c3c5,binance,BTCUSDT,1w,2021-04-12T00:00:00Z,,short,T2b_W_sweep_hi_short,T2b_W_sweep_hi_short,2,,56150.01,60642.01,44920.01,4492.0,2.5,,,,732.19,9758.02,,,,,,,0.933,,,,,63.16,290.91,88.22,0.276,64.64,69.37,bull,bull,0.6362,3.3031,,,,44920.01,tp_hit,3,1821.32,0.199,2.4875000000000003,14.64,,binance,1.0,backfilled from scheme_i_plus_trades.csv; scheme_i weights T1=1.0 T2=0.75 T3=0.5 T4=0 dropped; 5%/R risk; FEE=0.001; sig_rsi=63.16 sig_dist_ema200=290.91 d_rsi=64.64 w_rsi=69.37; equity_after=21346.34009590366 dd_pct=0.0
si+-20210414000000-0079,backtest_scheme_i_plus_c3c5,binance,BTCUSDT,1d,2021-04-14T00:00:00Z,,short,T1c_D_sstar_short,T1c_D_sstar_short,1,,62959.53,66107.51,56663.58,3147.979999999996,1.9999968233597434,,,,1067.32,2452.62,,,,,,,1.478,,,,,63.25,68.23,14.62,0.173,65.76,63.16,bull,bull,0.7105,2.9091000000000005,,,,56663.58,tp_hit,3,2113.29,0.099,1.98,21.35,,binance,1.0,backfilled from scheme_i_plus_trades.csv; scheme_i weights T1=1.0 T2=0.75 T3=0.5 T4=0 dropped; 5%/R risk; FEE=0.001; sig_rsi=63.25 sig_dist_ema200=68.23 d_rsi=65.76 w_rsi=63.16; equity_after=23459.62776539812 dd_pct=0.0
si+-20210423000000-0080,backtest_scheme_i_plus_c3c5,binance,BTCUSDT,1d,2021-04-23T00:00:00Z,,long,T2a_D_hammer_long,T2a_D_hammer_long,2,,51110.56,48555.03,57243.83,2555.529999999999,2.3999992173834808,,,,879.74,3732.98,,,,,,,1.861,,,,,32.59,30.87,-7.57,0.122,33.75,59.05,bull,bull,0.3273,2.3358000000000003,,,,48555.03,sl_hit,1,-897.33,-0.051,-1.0199999999999998,17.59,,binance,1.0,backfilled from scheme_i_plus_trades.csv; scheme_i weights T1=1.0 T2=0.75 T3=0.5 T4=0 dropped; 5%/R risk; FEE=0.001; sig_rsi=32.59 sig_dist_ema200=30.87 d_rsi=33.75 w_rsi=59.05; equity_after=22562.29700337164 dd_pct=-3.8250000000000006
si+-20210427200000-0081,backtest_scheme_i_plus_c3c5,binance,BTCUSDT,4h,2021-04-27T20:00:00Z,,short,T3b_H4_sweep_hi_short_loose,T3b_H4_sweep_hi_short_loose,3,,55011.97,55837.15,53361.61,825.1800000000003,2.0,,,,564.06,1436.52,,,,,,,0.593,,,,,76.05,-1.36,2.69,0.347,30.92,65.77,bull,bull,0.3901,2.7405,,,,55837.15,sl_hit,5,-601.66,-0.016,-1.0666666666666669,11.28,,binance,1.0,backfilled from scheme_i_plus_trades.csv; scheme_i weights T1=1.0 T2=0.75 T3=0.5 T4=0 dropped; 5%/R risk; FEE=0.001; sig_rsi=76.05 sig_dist_ema200=-1.36 d_rsi=30.92 w_rsi=65.77; equity_after=21960.6357499484 dd_pct=-6.38966666666666
si+-20210428070000-0082,backtest_scheme_i_plus_c3c5,binance,BTCUSDT,1h,2021-04-28T07:00:00Z,,long,T3a_H1_fail_brkdn_long,T3a_H1_fail_brkdn_long,3,,54255.98,53604.91,55612.38,651.0699999999997,2.0833397330548094,,,,549.02,485.98,,,,,,,0.86,,,,,40.27,1.06,0.54,0.219,31.55,65.77,bull,bull,0.38060000000000005,2.7405,,,,55612.38,tp_hit,12,1098.03,0.024,2.0,10.98,,binance,1.0,backfilled from scheme_i_plus_trades.csv; scheme_i weights T1=1.0 T2=0.75 T3=0.5 T4=0 dropped; 5%/R risk; FEE=0.001; sig_rsi=40.27 sig_dist_ema200=1.06 d_rsi=31.55 w_rsi=65.77; equity_after=23058.667537445817 dd_pct=-1.7091500000000035
si+-20210502040000-0083,backtest_scheme_i_plus_c3c5,binance,BTCUSDT,1h,2021-05-02T04:00:00Z,,long,T3a_H1_fail_brkdn_long,T3a_H1_fail_brkdn_long,3,,56905.68,56222.81,58328.32,682.8700000000026,2.08332479095581,,,,576.47,476.46,,,,,,,1.653,,,,,42.35,3.4,0.26,0.6,50.99,65.77,bull,bull,0.4011,2.7405,,,,56222.81,sl_hit,3,-624.51,-0.013,-1.0833333333333333,11.53,,binance,1.0,backfilled from scheme_i_plus_trades.csv; scheme_i weights T1=1.0 T2=0.75 T3=0.5 T4=0 dropped; 5%/R risk; FEE=0.001; sig_rsi=42.35 sig_dist_ema200=3.4 d_rsi=50.99 w_rsi=65.77; equity_after=22434.16195830666 dd_pct=-4.371193854166666
si+-20210510150000-0084,backtest_scheme_i_plus_c3c5,binance,BTCUSDT,1h,2021-05-10T15:00:00Z,,long,T3a_H1_fail_brkdn_long,T3a_H1_fail_brkdn_long,3,,58296.35,57596.79,59753.76,699.5599999999977,2.083323803533662,,,,560.85,708.68,,,,,,,1.874,,,,,46.04,2.02,0.42,0.904,53.9,54.54,bull,bull,0.3403,1.9272,,,,57596.79,sl_hit,0,-607.59,-0.013,-1.0833333333333333,11.22,,binance,1.0,backfilled from scheme_i_plus_trades.csv; scheme_i weights T1=1.0 T2=0.75 T3=0.5 T4=0 dropped; 5%/R risk; FEE=0.001; sig_rsi=46.04 sig_dist_ema200=2.02 d_rsi=53.9 w_rsi=54.54; equity_after=21826.570071935857 dd_pct=-6.961140687282974
si+-20210516000000-0085,backtest_scheme_i_plus_c3c5,binance,BTCUSDT,1d,2021-05-16T00:00:00Z,,long,T2a_D_hammer_long,T2a_D_hammer_long,2,,46426.83,44105.49,51998.05,2321.340000000004,2.400001723142664,,,,818.5,4304.33,,,,,,,1.525,,,,,31.12,10.24,-14.49,0.056,30.12,54.54,bull,bull,0.1114,1.9272,,,,44105.49,sl_hit,0,-834.87,-0.051,-1.0199999999999998,16.37,,binance,1.0,backfilled from scheme_i_plus_trades.csv; scheme_i weights T1=1.0 T2=0.75 T3=0.5 T4=0 dropped; 5%/R risk; FEE=0.001; sig_rsi=31.12 sig_dist_ema200=10.24 d_rsi=30.12 w_rsi=54.54; equity_after=20991.70376668431 dd_pct=-10.519877055994408
si+-20210526080000-0086,backtest_scheme_i_plus_c3c5,binance,BTCUSDT,4h,2021-05-26T08:00:00Z,,short,T3b_H4_sweep_hi_short_loose,T3b_H4_sweep_hi_short_loose,3,,39850.66,40448.42,38655.14,597.7599999999948,2.0000000000000244,,,,524.79,1955.49,,,,,,,0.66,,,,,64.95,-16.74,0.34,0.407,32.08,36.08,bear,bull,-0.061500000000000006,1.1941,,,,38655.14,tp_hit,0,1014.6,0.029,1.9333333333333336,10.5,,binance,1.0,backfilled from scheme_i_plus_trades.csv; scheme_i weights T1=1.0 T2=0.75 T3=0.5 T4=0 dropped; 5%/R risk; FEE=0.001; sig_rsi=64.95 sig_dist_ema200=-16.74 d_rsi=32.08 w_rsi=36.08; equity_after=22006.302782074054 dd_pct=-6.195004447034124
si+-20210531160000-0087,backtest_scheme_i_plus_c3c5,binance,BTCUSDT,4h,2021-05-31T16:00:00Z,,short,T3b_H4_sweep_hi_short_loose,T3b_H4_sweep_hi_short_loose,3,,36865.75,37418.74,35759.78,552.989999999998,1.9999819164903618,,,,550.16,1337.7,,,,,,,0.836,,,,,57.98,-17.68,-1.14,0.103,39.44,42.93,bear,bull,-0.1033,1.1776,,,,37418.74,sl_hit,0,-586.83,-0.016,-1.0666666666666669,11.0,,binance,1.0,backfilled from scheme_i_plus_trades.csv; scheme_i weights T1=1.0 T2=0.75 T3=0.5 T4=0 dropped; 5%/R risk; FEE=0.001; sig_rsi=57.98 sig_dist_ema200=-17.68 d_rsi=39.44 w_rsi=42.93; equity_after=21419.468041218748 dd_pct=-8.696470995113204
si+-20210603080000-0088,backtest_scheme_i_plus_c3c5,binance,BTCUSDT,4h,2021-06-03T08:00:00Z,,short,T3b_H4_sweep_hi_short_loose,T3b_H4_sweep_hi_short_loose,3,,38781.75,39363.48,37618.3,581.7300000000032,1.9999828098946086,,,,535.49,954.93,,,,,,,1.203,,,,,69.92,-11.19,3.92,0.154,47.12,42.93,bear,bull,-0.0528,1.1776,,,,39363.48,sl_hit,2,-571.19,-0.016,-1.0666666666666669,10.71,,binance,1.0,backfilled from scheme_i_plus_trades.csv; scheme_i weights T1=1.0 T2=0.75 T3=0.5 T4=0 dropped; 5%/R risk; FEE=0.001; sig_rsi=69.92 sig_dist_ema200=-11.19 d_rsi=47.12 w_rsi=42.93; equity_after=20848.282226786247 dd_pct=-11.131231768576855
si+-20210610000000-0089,backtest_scheme_i_plus_c3c5,binance,BTCUSDT,4h,2021-06-10T00:00:00Z,,short,T3b_H4_sweep_hi_short_loose,T3b_H4_sweep_hi_short_loose,3,,36959.7,37514.1,35850.91,554.4000000000015,1.9999819624819457,,,,521.21,1504.97,,,,,,,0.836,,,,,55.61,-9.93,3.3,0.468,45.55,40.59,bear,bull,-0.09,1.3417,,,,37514.1,sl_hit,1,-555.95,-0.016,-1.0666666666666669,10.42,,binance,1.0,backfilled from scheme_i_plus_trades.csv; scheme_i weights T1=1.0 T2=0.75 T3=0.5 T4=0 dropped; 5%/R risk; FEE=0.001; sig_rsi=55.61 sig_dist_ema200=-9.93 d_rsi=45.55 w_rsi=40.59; equity_after=20292.32803407195 dd_pct=-13.501065588081463
si+-20210614000000-0090,backtest_scheme_i_plus_c3c5,binance,BTCUSDT,4h,2021-06-14T00:00:00Z,,short,T3b_H4_sweep_hi_short_loose,T3b_H4_sweep_hi_short_loose,3,,38975.14,39559.77,37805.89,584.6299999999974,1.999982895164472,,,,507.31,1083.29,,,,,,,1.332,,,,,60.73,-2.78,7.38,0.042,57.75,40.59,bear,bull,-0.0467,1.3417,,,,39559.77,sl_hit,0,-541.13,-0.016,-1.0666666666666669,10.15,,binance,1.0,backfilled from scheme_i_plus_trades.csv; scheme_i weights T1=1.0 T2=0.75 T3=0.5 T4=0 dropped; 5%/R risk; FEE=0.001; sig_rsi=60.73 sig_dist_ema200=-2.78 d_rsi=57.75 w_rsi=40.59; equity_after=19751.1992864967 dd_pct=-15.807703839065946
si+-20210615160000-0091,backtest_scheme_i_plus_c3c5,binance,BTCUSDT,4h,2021-06-15T16:00:00Z,,short,T1d_H4_sweep_hi_short,T1d_H4_sweep_hi_short,1,,39957.76,41156.49,37160.72,1198.729999999996,2.3333361140540494,,,,987.56,1137.85,,,,,,,1.524,,,,,74.05,-0.31,6.47,0.069,58.03,30.16,bear,bull,-0.0189,1.1126,,,,37160.72,tp_hit,15,2271.39,0.069,2.3000000000000003,19.75,,binance,1.0,backfilled from scheme_i_plus_trades.csv; scheme_i weights T1=1.0 T2=0.75 T3=0.5 T4=0 dropped; 5%/R risk; FEE=0.001; sig_rsi=74.05 sig_dist_ema200=-0.31 d_rsi=58.03 w_rsi=30.16; equity_after=22022.58720444382 dd_pct=-6.125589780558538
si+-20210621000000-0092,backtest_scheme_i_plus_c3c5,binance,BTCUSDT,1w,2021-06-21T00:00:00Z,,long,C5_W_hammer_20w_low_long,C5_W_hammer_20w_low_long,1,,34702.49,31232.24,43378.11,3470.2499999999964,2.4999985591816185,,,,1101.13,9194.15,,,,,,,1.485,,,,,30.53,103.77,2.75,0.13,49.5,30.16,bear,bull,-0.1255,1.1126,,,,31232.24,sl_hit,2,-1112.14,-0.101,-1.01,22.02,,binance,1.0,backfilled from scheme_i_plus_trades.csv; scheme_i weights T1=1.0 T2=0.75 T3=0.5 T4=0 dropped; 5%/R risk; FEE=0.001; sig_rsi=30.53 sig_dist_ema200=103.77 d_rsi=49.5 w_rsi=30.16; equity_after=20910.446550619406 dd_pct=-10.866247496640336
si+-20210629040000-0093,backtest_scheme_i_plus_c3c5,binance,BTCUSDT,4h,2021-06-29T04:00:00Z,,short,T3b_H4_sweep_hi_short_loose,T3b_H4_sweep_hi_short_loose,3,,34849.2,35371.94,33803.72,522.7400000000052,1.9999999999999722,,,,522.76,1066.07,,,,,,,0.893,,,,,68.31,-5.6,2.69,0.298,39.22,32.09,bear,bull,-0.1043,1.0502,,,,35371.94,sl_hit,0,-557.61,-0.016,-1.0666666666666669,10.46,,binance,1.0,backfilled from scheme_i_plus_trades.csv; scheme_i weights T1=1.0 T2=0.75 T3=0.5 T4=0 dropped; 5%/R risk; FEE=0.001; sig_rsi=68.31 sig_dist_ema200=-5.6 d_rsi=39.22 w_rsi=32.09; equity_after=20352.83464260289 dd_pct=-13.243147563396583
si+-20210704200000-0094,backtest_scheme_i_plus_c3c5,binance,BTCUSDT,4h,2021-07-04T20:00:00Z,,short,T3b_H4_sweep_hi_short_loose,T3b_H4_sweep_hi_short_loose,3,,35288.13,35817.45,34229.49,529.3199999999997,2.0,,,,508.82,608.94,,,,,,,1.045,,,,,70.69,-2.58,2.64,0.346,49.18,32.09,bear,bull,-0.11380000000000001,1.0502,,,,34229.49,tp_hit,0,983.72,0.029,1.9333333333333336,10.18,,binance,1.0,backfilled from scheme_i_plus_trades.csv; scheme_i weights T1=1.0 T2=0.75 T3=0.5 T4=0 dropped; 5%/R risk; FEE=0.001; sig_rsi=70.69 sig_dist_ema200=-2.58 d_rsi=49.18 w_rsi=32.09; equity_after=21336.55498366203 dd_pct=-9.049899695627415
si+-20210712040000-0095,backtest_scheme_i_plus_c3c5,binance,BTCUSDT,4h,2021-07-12T04:00:00Z,,short,T3b_H4_sweep_hi_short_loose,T3b_H4_sweep_hi_short_loose,3,,34281.74,34795.97,33253.29,514.2300000000032,1.9999805534488277,,,,533.41,524.13,,,,,,,1.05,,,,,61.54,-3.01,1.26,0.321,44.26,25.01,bear,bull,-0.159,0.8134,,,,33253.29,tp_hit,2,1031.27,0.029,1.9333333333333336,10.67,,binance,1.0,backfilled from scheme_i_plus_trades.csv; scheme_i weights T1=1.0 T2=0.75 T3=0.5 T4=0 dropped; 5%/R risk; FEE=0.001; sig_rsi=61.54 sig_dist_ema200=-3.01 d_rsi=44.26 w_rsi=25.01; equity_after=22367.82180787236 dd_pct=-4.653978180916074
si+-20210723040000-0096,backtest_scheme_i_plus_c3c5,binance,BTCUSDT,4h,2021-07-23T04:00:00Z,,short,T3b_H4_sweep_hi_short_loose,T3b_H4_sweep_hi_short_loose,3,,32489.99,32977.34,31515.29,487.3499999999949,2.000000000000022,,,,559.2,677.53,,,,,,,0.711,,,,,78.03,-3.26,2.36,0.184,49.12,31.53,bear,bull,-0.12789999999999999,0.9987,,,,32977.34,sl_hit,3,-596.48,-0.016,-1.0666666666666669,11.18,,binance,1.0,backfilled from scheme_i_plus_trades.csv; scheme_i weights T1=1.0 T2=0.75 T3=0.5 T4=0 dropped; 5%/R risk; FEE=0.001; sig_rsi=78.03 sig_dist_ema200=-3.26 d_rsi=49.12 w_rsi=31.53; equity_after=21771.346559662437 dd_pct=-7.196538762758308
si+-20210726000000-0097,backtest_scheme_i_plus_c3c5,binance,BTCUSDT,1w,2021-07-26T00:00:00Z,,long,T1b_W_rsi_os_long,T1b_W_rsi_os_long,1,,39850.27,35865.24,49812.84,3985.029999999999,2.499998745304302,,,,1088.57,7789.85,,,,,,,1.001,,,,,41.4,122.33,16.97,0.604,55.09,31.53,bear,bull,-0.0808,0.9987,,,,49812.84,tp_hit,3,2710.53,0.249,2.49,21.77,,binance,1.0,backfilled from scheme_i_plus_trades.csv; scheme_i weights T1=1.0 T2=0.75 T3=0.5 T4=0 dropped; 5%/R risk; FEE=0.001; sig_rsi=41.4 sig_dist_ema200=122.33 d_rsi=55.09 w_rsi=31.53; equity_after=24481.879206340403 dd_pct=0.0
si+-20210727030000-0098,backtest_scheme_i_plus_c3c5,binance,BTCUSDT,1h,2021-07-27T03:00:00Z,,long,T3a_H1_fail_brkdn_long,T3a_H1_fail_brkdn_long,3,,36823.81,36381.92,37744.41,441.8899999999994,2.083323904139055,,,,612.05,843.47,,,,,,,0.635,,,,,38.08,8.18,0.36,0.526,74.78,41.4,bull,bull,0.025099999999999997,1.2233,,,,37744.41,tp_hit,7,1224.09,0.024,2.0,12.24,,binance,1.0,backfilled from scheme_i_plus_trades.csv; scheme_i weights T1=1.0 T2=0.75 T3=0.5 T4=0 dropped; 5%/R risk; FEE=0.001; sig_rsi=38.08 sig_dist_ema200=8.18 d_rsi=74.78 w_rsi=41.4; equity_after=25705.973166657423 dd_pct=0.0
si+-20210810170000-0099,backtest_scheme_i_plus_c3c5,binance,BTCUSDT,1h,2021-08-10T17:00:00Z,,long,T3a_H1_fail_brkdn_long,T3a_H1_fail_brkdn_long,3,,45095.99,44554.84,46223.39,541.1500000000015,2.083341032985306,,,,642.65,536.0,,,,,,,0.699,,,,,41.76,5.84,0.05,0.812,67.99,39.07,bull,bull,0.1711,1.5438,,,,46223.39,tp_hit,12,1285.3,0.024,2.0,12.85,,binance,1.0,backfilled from scheme_i_plus_trades.csv; scheme_i weights T1=1.0 T2=0.75 T3=0.5 T4=0 dropped; 5%/R risk; FEE=0.001; sig_rsi=41.76 sig_dist_ema200=5.84 d_rsi=67.99 w_rsi=39.07; equity_after=26991.2718249903 dd_pct=0.0
si+-20210916210000-0100,backtest_scheme_i_plus_c3c5,binance,BTCUSDT,1h,2021-09-16T21:00:00Z,,long,T3a_H1_fail_brkdn_long,T3a_H1_fail_brkdn_long,3,,47669.51,47097.48,48861.25,572.0299999999988,2.0833522717340007,,,,674.78,473.94,,,,,,,0.754,,,,,41.13,1.59,0.44,0.865,45.79,61.33,bull,bull,0.14730000000000001,1.3698,,,,47097.48,sl_hit,20,-731.01,-0.013,-1.0833333333333333,13.5,,binance,1.0,backfilled from scheme_i_plus_trades.csv; scheme_i weights T1=1.0 T2=0.75 T3=0.5 T4=0 dropped; 5%/R risk; FEE=0.001; sig_rsi=41.13 sig_dist_ema200=1.59 d_rsi=45.79 w_rsi=61.33; equity_after=26260.25821306348 dd_pct=-2.708333333333346
si+-20210924000000-0101,backtest_scheme_i_plus_c3c5,binance,BTCUSDT,4h,2021-09-24T00:00:00Z,,short,T3b_H4_sweep_hi_short_loose,T3b_H4_sweep_hi_short_loose,3,,44283.04,44947.29,42954.55,664.25,1.9999849454271705,,,,656.51,1134.27,,,,,,,0.676,,,,,63.54,-3.77,-1.44,0.753,46.27,60.23,bull,bull,0.0724,1.1403,,,,44947.29,sl_hit,0,-700.27,-0.016,-1.0666666666666669,13.13,,binance,1.0,backfilled from scheme_i_plus_trades.csv; scheme_i weights T1=1.0 T2=0.75 T3=0.5 T4=0 dropped; 5%/R risk; FEE=0.001; sig_rsi=63.54 sig_dist_ema200=-3.77 d_rsi=46.27 w_rsi=60.23; equity_after=25559.98466071512 dd_pct=-5.302777777777779
si+-20211003010000-0102,backtest_scheme_i_plus_c3c5,binance,BTCUSDT,1h,2021-10-03T01:00:00Z,,long,T3a_H1_fail_brkdn_long,T3a_H1_fail_brkdn_long,3,,47516.38,46946.18,48704.29,570.1999999999971,2.0833216415293045,,,,639.0,377.62,,,,,,,0.937,,,,,46.9,6.32,1.4,0.625,52.03,66.43,bull,bull,0.146,1.3575,,,,48704.29,tp_hit,15,1278.0,0.024,2.0,12.78,,binance,1.0,backfilled from scheme_i_plus_trades.csv; scheme_i weights T1=1.0 T2=0.75 T3=0.5 T4=0 dropped; 5%/R risk; FEE=0.001; sig_rsi=46.9 sig_dist_ema200=6.32 d_rsi=52.03 w_rsi=66.43; equity_after=26837.98389375088 dd_pct=-0.567916666666668
si+-20211004040000-0103,backtest_scheme_i_plus_c3c5,binance,BTCUSDT,1h,2021-10-04T04:00:00Z,,long,T3a_H1_fail_brkdn_long,T3a_H1_fail_brkdn_long,3,,47751.98,47178.96,48945.78,573.0200000000041,2.0833478761648583,,,,670.95,510.52,,,,,,,1.223,,,,,47.13,5.0,0.29,0.464,65.19,70.63,bull,bull,0.1684,1.6296000000000002,,,,47178.96,sl_hit,10,-726.86,-0.013,-1.0833333333333333,13.42,,binance,1.0,backfilled from scheme_i_plus_trades.csv; scheme_i weights T1=1.0 T2=0.75 T3=0.5 T4=0 dropped; 5%/R risk; FEE=0.001; sig_rsi=47.13 sig_dist_ema200=5.0 d_rsi=65.19 w_rsi=70.63; equity_after=26111.12182996179 dd_pct=-3.2608689236111155
si+-20211017210000-0104,backtest_scheme_i_plus_c3c5,binance,BTCUSDT,1h,2021-10-17T21:00:00Z,,long,T3a_H1_fail_brkdn_long,T3a_H1_fail_brkdn_long,3,,60623.95,59896.46,62139.55,727.489999999998,2.083327605877758,,,,652.78,607.78,,,,,,,1.801,,,,,53.08,4.64,0.03,0.877,80.92,75.82,bull,bull,0.4012,1.9035,,,,62139.55,tp_hit,2,1305.56,0.024,2.0,13.06,,binance,1.0,backfilled from scheme_i_plus_trades.csv; scheme_i weights T1=1.0 T2=0.75 T3=0.5 T4=0 dropped; 5%/R risk; FEE=0.001; sig_rsi=53.08 sig_dist_ema200=4.64 d_rsi=80.92 w_rsi=75.82; equity_after=27416.67792145988 dd_pct=0.0
si+-20211026150000-0105,backtest_scheme_i_plus_c3c5,binance,BTCUSDT,1h,2021-10-26T15:00:00Z,,long,T3a_H1_fail_brkdn_long,T3a_H1_fail_brkdn_long,3,,62514.59,61764.41,64077.45,750.179999999993,2.0833133381322018,,,,685.42,452.92,,,,,,,2.245,,,,,46.81,1.2,0.3,0.604,59.43,77.09,bull,bull,0.3261,1.7888,,,,61764.41,sl_hit,5,-742.54,-0.013,-1.0833333333333333,13.71,,binance,1.0,backfilled from scheme_i_plus_trades.csv; scheme_i weights T1=1.0 T2=0.75 T3=0.5 T4=0 dropped; 5%/R risk; FEE=0.001; sig_rsi=46.81 sig_dist_ema200=1.2 d_rsi=59.43 w_rsi=77.09; equity_after=26674.142894420344 dd_pct=-2.708333333333324
si+-20211121160000-0106,backtest_scheme_i_plus_c3c5,binance,BTCUSDT,4h,2021-11-21T16:00:00Z,,short,T3b_H4_sweep_hi_short_loose,T3b_H4_sweep_hi_short_loose,3,,59314.12,60203.83,57534.7,889.7099999999991,2.000000000000008,,,,666.85,965.5,,,,,,,0.928,,,,,65.9,-2.14,-1.44,0.127,39.5,62.3,bull,bull,0.1895,1.5293,,,,57534.7,tp_hit,1,1289.25,0.029,1.9333333333333336,13.34,,binance,1.0,backfilled from scheme_i_plus_trades.csv; scheme_i weights T1=1.0 T2=0.75 T3=0.5 T4=0 dropped; 5%/R risk; FEE=0.001; sig_rsi=65.9 sig_dist_ema200=-2.14 d_rsi=39.5 w_rsi=62.3; equity_after=27963.393134317328 dd_pct=0.0
si+-20211130120000-0107,backtest_scheme_i_plus_c3c5,binance,BTCUSDT,4h,2021-11-30T12:00:00Z,,short,T3b_H4_sweep_hi_short_loose,T3b_H4_sweep_hi_short_loose,3,,57233.8,58092.31,55516.79,858.5099999999948,1.9999883519120483,,,,699.08,1283.51,,,,,,,2.142,,,,,67.25,-2.81,0.71,0.175,43.43,50.58,bull,bull,0.1408,1.0778,,,,58092.31,sl_hit,0,-745.69,-0.016,-1.0666666666666669,13.98,,binance,1.0,backfilled from scheme_i_plus_trades.csv; scheme_i weights T1=1.0 T2=0.75 T3=0.5 T4=0 dropped; 5%/R risk; FEE=0.001; sig_rsi=67.25 sig_dist_ema200=-2.81 d_rsi=43.43 w_rsi=50.58; equity_after=27217.702650735533 dd_pct=-2.6666666666666616
si+-20211221120000-0108,backtest_scheme_i_plus_c3c5,binance,BTCUSDT,4h,2021-12-21T12:00:00Z,,short,T3b_H4_sweep_hi_short_loose,T3b_H4_sweep_hi_short_loose,3,,48418.48,49144.76,46965.93,726.2799999999988,1.999986231205603,,,,680.44,964.01,,,,,,,1.506,,,,,58.89,-6.32,1.58,0.422,45.19,53.4,bear,bull,-0.0184,1.0704,,,,49144.76,sl_hit,1,-725.81,-0.016,-1.0666666666666669,13.61,,binance,1.0,backfilled from scheme_i_plus_trades.csv; scheme_i weights T1=1.0 T2=0.75 T3=0.5 T4=0 dropped; 5%/R risk; FEE=0.001; sig_rsi=58.89 sig_dist_ema200=-6.32 d_rsi=45.19 w_rsi=53.4; equity_after=26491.89724671592 dd_pct=-5.262222222222224
si+-20211224080000-0109,backtest_scheme_i_plus_c3c5,binance,BTCUSDT,4h,2021-12-24T08:00:00Z,,short,T3b_H4_sweep_hi_short_loose,T3b_H4_sweep_hi_short_loose,3,,50993.89,51758.8,49464.07,764.9100000000035,1.9999999999999905,,,,662.3,779.0,,,,,,,0.893,,,,,68.55,-0.67,4.92,0.001,60.95,53.4,bull,bull,0.0202,1.0704,,,,51758.8,sl_hit,1,-706.45,-0.016,-1.0666666666666669,13.25,,binance,1.0,backfilled from scheme_i_plus_trades.csv; scheme_i weights T1=1.0 T2=0.75 T3=0.5 T4=0 dropped; 5%/R risk; FEE=0.001; sig_rsi=68.55 sig_dist_ema200=-0.67 d_rsi=60.95 w_rsi=53.4; equity_after=25785.44665347016 dd_pct=-7.788562962962963
si+-20211224080000-0110,backtest_scheme_i_plus_c3c5,binance,BTCUSDT,4h,2021-12-24T08:00:00Z,,short,T1d_H4_sweep_hi_short,T1d_H4_sweep_hi_short,1,,50993.89,52523.71,47424.32,1529.8199999999997,2.333326796616596,,,,1289.27,779.0,,,,,,,0.893,,,,,68.55,-0.67,4.92,0.001,60.95,53.4,bull,bull,0.0202,1.0704,,,,47424.32,tp_hit,25,2965.33,0.069,2.3000000000000003,25.79,,binance,1.0,backfilled from scheme_i_plus_trades.csv; scheme_i weights T1=1.0 T2=0.75 T3=0.5 T4=0 dropped; 5%/R risk; FEE=0.001; sig_rsi=68.55 sig_dist_ema200=-0.67 d_rsi=60.95 w_rsi=53.4; equity_after=28750.77301861923 dd_pct=0.0
si+-20211227160000-0111,backtest_scheme_i_plus_c3c5,binance,BTCUSDT,4h,2021-12-27T16:00:00Z,,short,T3b_H4_sweep_hi_short_loose,T3b_H4_sweep_hi_short_loose,3,,51204.65,51972.72,49668.51,768.0699999999997,2.0,,,,718.77,733.65,,,,,,,1.51,,,,,55.82,-0.01,2.96,0.277,67.53,54.01,bull,bull,0.0173,0.9105,,,,49668.51,tp_hit,1,1389.62,0.029,1.9333333333333336,14.38,,binance,1.0,backfilled from scheme_i_plus_trades.csv; scheme_i weights T1=1.0 T2=0.75 T3=0.5 T4=0 dropped; 5%/R risk; FEE=0.001; sig_rsi=55.82 sig_dist_ema200=-0.01 d_rsi=67.53 w_rsi=54.01; equity_after=30140.393714519163 dd_pct=0.0
si+-20211227160000-0112,backtest_scheme_i_plus_c3c5,binance,BTCUSDT,4h,2021-12-27T16:00:00Z,,short,T1d_H4_sweep_hi_short,T1d_H4_sweep_hi_short,1,,51204.65,52740.79,47620.32,1536.1399999999994,2.333335503274443,,,,1507.02,733.65,,,,,,,1.51,,,,,55.82,-0.01,2.96,0.277,67.53,54.01,bull,bull,0.0173,0.9105,,,,47620.32,tp_hit,5,3466.15,0.069,2.3000000000000003,30.14,,binance,1.0,backfilled from scheme_i_plus_trades.csv; scheme_i weights T1=1.0 T2=0.75 T3=0.5 T4=0 dropped; 5%/R risk; FEE=0.001; sig_rsi=55.82 sig_dist_ema200=-0.01 d_rsi=67.53 w_rsi=54.01; equity_after=33606.53899168887 dd_pct=0.0
si+-20220112200000-0113,backtest_scheme_i_plus_c3c5,binance,BTCUSDT,4h,2022-01-12T20:00:00Z,,short,T3b_H4_sweep_hi_short_loose,T3b_H4_sweep_hi_short_loose,3,,43902.65,44561.19,42585.57,658.5400000000009,2.0,,,,840.16,848.3,,,,,,,0.669,,,,,80.23,-6.52,1.63,0.23,39.0,37.56,bear,bull,-0.1052,0.7159,,,,42585.57,tp_hit,4,1624.32,0.029,1.9333333333333336,16.8,,binance,1.0,backfilled from scheme_i_plus_trades.csv; scheme_i weights T1=1.0 T2=0.75 T3=0.5 T4=0 dropped; 5%/R risk; FEE=0.001; sig_rsi=80.23 sig_dist_ema200=-6.52 d_rsi=39.0 w_rsi=37.56; equity_after=35230.85504295383 dd_pct=0.0
si+-20220120160000-0114,backtest_scheme_i_plus_c3c5,binance,BTCUSDT,4h,2022-01-20T16:00:00Z,,short,T3b_H4_sweep_hi_short_loose,T3b_H4_sweep_hi_short_loose,3,,42917.31,43561.07,41629.79,643.760000000002,1.9999999999999887,,,,880.77,734.8,,,,,,,1.237,,,,,60.11,-5.28,0.91,0.559,35.89,22.83,bear,bull,-0.162,0.4375,,,,41629.79,tp_hit,0,1702.82,0.029,1.9333333333333336,17.62,,binance,1.0,backfilled from scheme_i_plus_trades.csv; scheme_i weights T1=1.0 T2=0.75 T3=0.5 T4=0 dropped; 5%/R risk; FEE=0.001; sig_rsi=60.11 sig_dist_ema200=-5.28 d_rsi=35.89 w_rsi=22.83; equity_after=36933.67970336326 dd_pct=0.0
si+-20220124000000-0115,backtest_scheme_i_plus_c3c5,binance,BTCUSDT,1w,2022-01-24T00:00:00Z,,long,C5_W_hammer_20w_low_long,C5_W_hammer_20w_low_long,1,,37881.75,34093.58,47352.19,3788.1699999999983,2.5000039596955803,,,,1846.68,7260.2,,,,,,,1.137,,,,,25.82,49.5,-14.34,0.273,29.15,22.83,bear,bull,-0.24760000000000001,0.4375,,,,47352.19,tp_hit,8,4598.24,0.249,2.49,36.93,,binance,1.0,backfilled from scheme_i_plus_trades.csv; scheme_i weights T1=1.0 T2=0.75 T3=0.5 T4=0 dropped; 5%/R risk; FEE=0.001; sig_rsi=25.82 sig_dist_ema200=49.5 d_rsi=29.15 w_rsi=22.83; equity_after=41531.92282643199 dd_pct=0.0
si+-20220126040000-0116,backtest_scheme_i_plus_c3c5,binance,BTCUSDT,4h,2022-01-26T04:00:00Z,,short,T3b_H4_sweep_hi_short_loose,T3b_H4_sweep_hi_short_loose,3,,37338.6,37898.68,36218.44,560.0800000000017,1.999999999999987,,,,1038.3,1219.31,,,,,,,0.835,,,,,57.07,-12.72,-1.53,0.059,20.97,25.82,bear,bull,-0.2305,0.495,,,,37898.68,sl_hit,0,-1107.52,-0.016,-1.0666666666666669,20.77,,binance,1.0,backfilled from scheme_i_plus_trades.csv; scheme_i weights T1=1.0 T2=0.75 T3=0.5 T4=0 dropped; 5%/R risk; FEE=0.001; sig_rsi=57.07 sig_dist_ema200=-12.72 d_rsi=20.97 w_rsi=25.82; equity_after=40424.40488439381 dd_pct=-2.6666666666666616
si+-20220201080000-0117,backtest_scheme_i_plus_c3c5,binance,BTCUSDT,4h,2022-02-01T08:00:00Z,,short,T3b_H4_sweep_hi_short_loose,T3b_H4_sweep_hi_short_loose,3,,38425.05,39001.43,37272.3,576.3799999999974,1.9999826503348577,,,,1010.61,704.84,,,,,,,1.718,,,,,56.3,-6.65,1.81,0.014,34.47,31.65,bear,bull,-0.1813,0.6614,,,,39001.43,sl_hit,0,-1077.98,-0.016,-1.0666666666666669,20.21,,binance,1.0,backfilled from scheme_i_plus_trades.csv; scheme_i weights T1=1.0 T2=0.75 T3=0.5 T4=0 dropped; 5%/R risk; FEE=0.001; sig_rsi=56.3 sig_dist_ema200=-6.65 d_rsi=34.47 w_rsi=31.65; equity_after=39346.420754143306 dd_pct=-5.262222222222213
si+-20220208000000-0118,backtest_scheme_i_plus_c3c5,binance,BTCUSDT,1d,2022-02-08T00:00:00Z,,short,T1c_D_sstar_short,T1c_D_sstar_short,1,,44043.0,46245.15,39638.7,2202.1500000000015,2.0,,,,1967.32,2038.33,,,,,,,1.305,,,,,79.69,-5.99,3.04,0.072,79.85,28.74,bear,bull,-0.06480000000000001,0.638,,,,39638.7,tp_hit,9,3895.3,0.099,1.98,39.35,,binance,1.0,backfilled from scheme_i_plus_trades.csv; scheme_i weights T1=1.0 T2=0.75 T3=0.5 T4=0 dropped; 5%/R risk; FEE=0.001; sig_rsi=79.69 sig_dist_ema200=-5.99 d_rsi=79.85 w_rsi=28.74; equity_after=43241.71640880349 dd_pct=0.0
si+-20220208130000-0119,backtest_scheme_i_plus_c3c5,binance,BTCUSDT,1h,2022-02-08T13:00:00Z,,long,T3a_H1_fail_brkdn_long,T3a_H1_fail_brkdn_long,3,,43624.95,43101.45,44715.57,523.5,2.083323782234962,,,,1081.04,561.74,,,,,,,1.287,,,,,46.64,7.34,1.04,0.378,79.69,28.74,bear,bull,-0.0599,0.638,,,,43101.45,sl_hit,1,-1171.13,-0.013,-1.0833333333333333,21.62,,binance,1.0,backfilled from scheme_i_plus_trades.csv; scheme_i weights T1=1.0 T2=0.75 T3=0.5 T4=0 dropped; 5%/R risk; FEE=0.001; sig_rsi=46.64 sig_dist_ema200=7.34 d_rsi=79.69 w_rsi=28.74; equity_after=42070.5865893984 dd_pct=-2.708333333333346
si+-20220226000000-0120,backtest_scheme_i_plus_c3c5,binance,BTCUSDT,4h,2022-02-26T00:00:00Z,,short,T3b_H4_sweep_hi_short_loose,T3b_H4_sweep_hi_short_loose,3,,39390.33,39981.18,38208.62,590.8499999999985,2.0000169247694033,,,,1051.76,1264.59,,,,,,,0.621,,,,,59.32,-2.86,1.41,0.135,39.29,26.81,bear,bull,-0.1454,0.4546,,,,38208.62,tp_hit,5,2033.41,0.029,1.9333333333333336,21.04,,binance,1.0,backfilled from scheme_i_plus_trades.csv; scheme_i weights T1=1.0 T2=0.75 T3=0.5 T4=0 dropped; 5%/R risk; FEE=0.001; sig_rsi=59.32 sig_dist_ema200=-2.86 d_rsi=39.29 w_rsi=26.81; equity_after=44103.99827455265 dd_pct=0.0
si+-20220303040000-0121,backtest_scheme_i_plus_c3c5,binance,BTCUSDT,1h,2022-03-03T04:00:00Z,,long,T3a_H1_fail_brkdn_long,T3a_H1_fail_brkdn_long,3,,43435.27,42914.05,44521.15,521.2199999999939,2.083342926211614,,,,1102.6,493.77,,,,,,,0.479,,,,,26.82,5.92,0.19,0.559,55.35,28.81,bear,bull,-0.0701,0.4753,,,,42914.05,sl_hit,10,-1194.48,-0.013,-1.0833333333333333,22.05,,binance,1.0,backfilled from scheme_i_plus_trades.csv; scheme_i weights T1=1.0 T2=0.75 T3=0.5 T4=0 dropped; 5%/R risk; FEE=0.001; sig_rsi=26.82 sig_dist_ema200=5.92 d_rsi=55.35 w_rsi=28.81; equity_after=42909.51498795018 dd_pct=-2.708333333333335
si+-20220310030000-0122,backtest_scheme_i_plus_c3c5,binance,BTCUSDT,1h,2022-03-10T03:00:00Z,,long,T3a_H1_fail_brkdn_long,T3a_H1_fail_brkdn_long,3,,40768.5,40279.28,41787.71,489.22000000000116,2.083336740116914,,,,1072.74,455.2,,,,,,,1.123,,,,,33.06,1.6,0.3,0.141,52.43,34.41,bear,bull,-0.1284,0.44409999999999994,,,,40279.28,sl_hit,0,-1162.13,-0.013,-1.0833333333333333,21.45,,binance,1.0,backfilled from scheme_i_plus_trades.csv; scheme_i weights T1=1.0 T2=0.75 T3=0.5 T4=0 dropped; 5%/R risk; FEE=0.001; sig_rsi=33.06 sig_dist_ema200=1.6 d_rsi=52.43 w_rsi=34.41; equity_after=41747.38229035986 dd_pct=-5.3433159722222285
si+-20220314000000-0123,backtest_scheme_i_plus_c3c5,binance,BTCUSDT,1w,2022-03-14T00:00:00Z,,long,T1b_W_rsi_os_long,T1b_W_rsi_os_long,1,,41262.11,37135.9,51577.64,4126.209999999999,2.500001211765761,,,,2087.37,6171.9,,,,,,,1.067,,,,,39.03,56.83,-4.28,0.719,50.18,34.41,bear,bull,-0.161,0.44409999999999994,,,,37135.9,sl_hit,6,-2108.24,-0.101,-1.01,41.75,,binance,1.0,backfilled from scheme_i_plus_trades.csv; scheme_i weights T1=1.0 T2=0.75 T3=0.5 T4=0 dropped; 5%/R risk; FEE=0.001; sig_rsi=39.03 sig_dist_ema200=56.83 d_rsi=50.18 w_rsi=34.41; equity_after=39639.13948469669 dd_pct=-10.123478515625017
si+-20220318010000-0124,backtest_scheme_i_plus_c3c5,binance,BTCUSDT,1h,2022-03-18T01:00:00Z,,long,T3a_H1_fail_brkdn_long,T3a_H1_fail_brkdn_long,3,,40541.73,40055.23,41555.27,486.5,2.083329907502556,,,,990.98,303.6,,,,,,,0.958,,,,,45.19,1.89,0.11,0.707,58.65,39.03,bear,bull,-0.0681,0.5683,,,,41555.27,tp_hit,15,1981.96,0.024,2.0,19.82,,binance,1.0,backfilled from scheme_i_plus_trades.csv; scheme_i weights T1=1.0 T2=0.75 T3=0.5 T4=0 dropped; 5%/R risk; FEE=0.001; sig_rsi=45.19 sig_dist_ema200=1.89 d_rsi=58.65 w_rsi=39.03; equity_after=41621.096458931526 dd_pct=-5.629652441406252
si+-20220330020000-0125,backtest_scheme_i_plus_c3c5,binance,BTCUSDT,1h,2022-03-30T02:00:00Z,,long,T3a_H1_fail_brkdn_long,T3a_H1_fail_brkdn_long,3,,47209.25,46642.74,48389.48,566.510000000002,2.0833348043282536,,,,1040.53,409.88,,,,,,,1.591,,,,,37.11,5.09,0.24,0.679,81.41,44.34,bull,bull,0.051699999999999996,0.7373999999999999,,,,46642.74,sl_hit,35,-1127.24,-0.013,-1.0833333333333333,20.81,,binance,1.0,backfilled from scheme_i_plus_trades.csv; scheme_i weights T1=1.0 T2=0.75 T3=0.5 T4=0 dropped; 5%/R risk; FEE=0.001; sig_rsi=37.11 sig_dist_ema200=5.09 d_rsi=81.41 w_rsi=44.34; equity_after=40493.85842983546 dd_pct=-8.185516021118167
si+-20220419000000-0126,backtest_scheme_i_plus_c3c5,binance,BTCUSDT,4h,2022-04-19T00:00:00Z,,short,T3b_H4_sweep_hi_short_loose,T3b_H4_sweep_hi_short_loose,3,,40693.79,41304.2,39472.98,610.4099999999962,1.9999836175685282,,,,1012.35,646.79,,,,,,,1.145,,,,,55.56,-3.63,-0.14,0.162,29.4,44.89,bear,bull,-0.08070000000000001,0.4548,,,,41304.2,sl_hit,2,-1079.84,-0.016,-1.0666666666666669,20.25,,binance,1.0,backfilled from scheme_i_plus_trades.csv; scheme_i weights T1=1.0 T2=0.75 T3=0.5 T4=0 dropped; 5%/R risk; FEE=0.001; sig_rsi=55.56 sig_dist_ema200=-3.63 d_rsi=29.4 w_rsi=44.89; equity_after=39414.02220503985 dd_pct=-10.633902260555017
si+-20220420190000-0127,backtest_scheme_i_plus_c3c5,binance,BTCUSDT,1h,2022-04-20T19:00:00Z,,long,T3a_H1_fail_brkdn_long,T3a_H1_fail_brkdn_long,3,,41193.89,40699.56,42223.74,494.33000000000175,2.083324904416068,,,,985.35,357.32,,,,,,,0.874,,,,,45.01,0.61,0.19,0.687,42.08,44.89,bear,bull,-0.0669,0.4548,,,,42223.74,tp_hit,14,1970.7,0.024,2.0,19.71,,binance,1.0,backfilled from scheme_i_plus_trades.csv; scheme_i weights T1=1.0 T2=0.75 T3=0.5 T4=0 dropped; 5%/R risk; FEE=0.001; sig_rsi=45.01 sig_dist_ema200=0.61 d_rsi=42.08 w_rsi=44.89; equity_after=41384.72331529185 dd_pct=-6.165597373582754
si+-20220531160000-0128,backtest_scheme_i_plus_c3c5,binance,BTCUSDT,4h,2022-05-31T16:00:00Z,,short,T3b_H4_sweep_hi_short_loose,T3b_H4_sweep_hi_short_loose,3,,31625.71,32100.1,30676.94,474.3899999999994,1.9999789202976488,,,,1034.62,623.99,,,,,,,1.633,,,,,80.78,-2.11,5.23,0.522,55.91,34.33,bear,bull,-0.2158,0.076,,,,30676.94,tp_hit,4,2000.26,0.029,1.9333333333333336,20.69,,binance,1.0,backfilled from scheme_i_plus_trades.csv; scheme_i weights T1=1.0 T2=0.75 T3=0.5 T4=0 dropped; 5%/R risk; FEE=0.001; sig_rsi=80.78 sig_dist_ema200=-2.11 d_rsi=55.91 w_rsi=34.33; equity_after=43384.984942197625 dd_pct=-1.630267913305916
si+-20220606080000-0129,backtest_scheme_i_plus_c3c5,binance,BTCUSDT,4h,2022-06-06T08:00:00Z,,short,T3b_H4_sweep_hi_short_loose,T3b_H4_sweep_hi_short_loose,3,,31396.72,31867.67,30454.82,470.9499999999971,2.0000000000000155,,,,1084.62,369.8,,,,,,,1.384,,,,,80.82,-1.0,4.04,0.327,61.54,31.86,bear,bear,-0.2146,-0.0294,,,,30454.82,tp_hit,3,2096.94,0.029,1.9333333333333336,21.69,,binance,1.0,backfilled from scheme_i_plus_trades.csv; scheme_i weights T1=1.0 T2=0.75 T3=0.5 T4=0 dropped; 5%/R risk; FEE=0.001; sig_rsi=80.82 sig_dist_ema200=-1.0 d_rsi=61.54 w_rsi=31.86; equity_after=45481.925881070514 dd_pct=0.0
si+-20220620000000-0130,backtest_scheme_i_plus_c3c5,binance,BTCUSDT,1w,2022-06-20T00:00:00Z,,long,T1a_W_fail_brkdn_long,T1a_W_fail_brkdn_long,1,,19315.83,17770.56,24144.79,1545.2700000000004,3.1249943375591305,,,,2274.1,4833.7,,,,,,,1.337,,,,,26.6,-22.79,-46.12,0.206,21.66,25.18,bear,bear,-0.4598,-0.24670000000000003,,,,24144.79,tp_hit,2,7078.12,0.249,3.1125,45.48,,binance,1.0,backfilled from scheme_i_plus_trades.csv; scheme_i weights T1=1.0 T2=0.75 T3=0.5 T4=0 dropped; 5%/R risk; FEE=0.001; sig_rsi=26.6 sig_dist_ema200=-22.79 d_rsi=21.66 w_rsi=25.18; equity_after=52560.05059631212 dd_pct=0.0
si+-20220621080000-0131,backtest_scheme_i_plus_c3c5,binance,BTCUSDT,4h,2022-06-21T08:00:00Z,,short,T3b_H4_sweep_hi_short_loose,T3b_H4_sweep_hi_short_loose,3,,20962.42,21276.86,20333.55,314.4400000000023,1.9999681974303343,,,,1314.0,860.37,,,,,,,0.835,,,,,73.4,-22.25,-3.36,0.268,15.18,26.6,bear,bear,-0.4509,-0.2279,,,,21276.86,sl_hit,0,-1401.6,-0.016,-1.0666666666666669,26.28,,binance,1.0,backfilled from scheme_i_plus_trades.csv; scheme_i weights T1=1.0 T2=0.75 T3=0.5 T4=0 dropped; 5%/R risk; FEE=0.001; sig_rsi=73.4 sig_dist_ema200=-22.25 d_rsi=15.18 w_rsi=26.6; equity_after=51158.44924707713 dd_pct=-2.6666666666666616
si+-20220626120000-0132,backtest_scheme_i_plus_c3c5,binance,BTCUSDT,4h,2022-06-26T12:00:00Z,,short,T3b_H4_sweep_hi_short_loose,T3b_H4_sweep_hi_short_loose,3,,21325.98,21645.87,20686.2,319.8899999999994,2.0,,,,1278.96,418.51,,,,,,,1.506,,,,,56.73,-15.89,0.49,0.554,28.83,26.6,bear,bear,-0.4303,-0.2279,,,,20686.2,tp_hit,5,2472.66,0.029,1.9333333333333336,25.58,,binance,1.0,backfilled from scheme_i_plus_trades.csv; scheme_i weights T1=1.0 T2=0.75 T3=0.5 T4=0 dropped; 5%/R risk; FEE=0.001; sig_rsi=56.73 sig_dist_ema200=-15.89 d_rsi=28.83 w_rsi=26.6; equity_after=53631.107627352525 dd_pct=0.0
si+-20220705200000-0133,backtest_scheme_i_plus_c3c5,binance,BTCUSDT,4h,2022-07-05T20:00:00Z,,short,T3b_H4_sweep_hi_short_loose,T3b_H4_sweep_hi_short_loose,3,,20175.84,20478.48,19570.56,302.6399999999994,2.0,,,,1340.78,505.32,,,,,,,1.511,,,,,64.3,-12.24,1.46,0.344,45.04,18.58,bear,bear,-0.4311,-0.23260000000000003,,,,20478.48,sl_hit,5,-1430.16,-0.016,-1.0666666666666669,26.82,,binance,1.0,backfilled from scheme_i_plus_trades.csv; scheme_i weights T1=1.0 T2=0.75 T3=0.5 T4=0 dropped; 5%/R risk; FEE=0.001; sig_rsi=64.3 sig_dist_ema200=-12.24 d_rsi=45.04 w_rsi=18.58; equity_after=52200.94475728979 dd_pct=-2.6666666666666616
si+-20220707200000-0134,backtest_scheme_i_plus_c3c5,binance,BTCUSDT,4h,2022-07-07T20:00:00Z,,short,T3b_H4_sweep_hi_short_loose,T3b_H4_sweep_hi_short_loose,3,,21624.99,21949.36,20976.24,324.369999999999,2.00003082899159,,,,1305.02,489.97,,,,,,,1.014,,,,,78.14,-4.82,7.17,0.601,55.03,18.58,bear,bear,-0.38530000000000003,-0.23260000000000003,,,,21949.36,sl_hit,0,-1392.03,-0.016,-1.0666666666666669,26.1,,binance,1.0,backfilled from scheme_i_plus_trades.csv; scheme_i weights T1=1.0 T2=0.75 T3=0.5 T4=0 dropped; 5%/R risk; FEE=0.001; sig_rsi=78.14 sig_dist_ema200=-4.82 d_rsi=55.03 w_rsi=18.58; equity_after=50808.91956376207 dd_pct=-5.262222222222201
si+-20220715080000-0135,backtest_scheme_i_plus_c3c5,binance,BTCUSDT,4h,2022-07-15T08:00:00Z,,short,T3b_H4_sweep_hi_short_loose,T3b_H4_sweep_hi_short_loose,3,,20769.74,21081.29,20146.65,311.5499999999993,1.999967902423372,,,,1270.22,551.85,,,,,,,0.954,,,,,70.06,-5.36,1.95,0.194,62.27,1.72,bear,bear,-0.3884,-0.2332,,,,21081.29,sl_hit,0,-1354.9,-0.016,-1.0666666666666669,25.4,,binance,1.0,backfilled from scheme_i_plus_trades.csv; scheme_i weights T1=1.0 T2=0.75 T3=0.5 T4=0 dropped; 5%/R risk; FEE=0.001; sig_rsi=70.06 sig_dist_ema200=-5.36 d_rsi=62.27 w_rsi=1.72; equity_after=49454.01504206175 dd_pct=-7.788562962962942
si+-20220729130000-0136,backtest_scheme_i_plus_c3c5,binance,BTCUSDT,1h,2022-07-29T13:00:00Z,,long,T3a_H1_fail_brkdn_long,T3a_H1_fail_brkdn_long,3,,23695.41,23411.07,24287.8,284.34000000000015,2.0833860870788463,,,,1236.35,259.31,,,,,,,1.671,,,,,44.46,5.49,1.95,0.531,67.48,11.94,bear,bear,-0.2697,-0.13849999999999998,,,,24287.8,tp_hit,22,2472.7,0.024,2.0,24.73,,binance,1.0,backfilled from scheme_i_plus_trades.csv; scheme_i weights T1=1.0 T2=0.75 T3=0.5 T4=0 dropped; 5%/R risk; FEE=0.001; sig_rsi=44.46 sig_dist_ema200=5.49 d_rsi=67.48 w_rsi=11.94; equity_after=51926.71579416483 dd_pct=-3.1779911111111003
si+-20220824160000-0137,backtest_scheme_i_plus_c3c5,binance,BTCUSDT,4h,2022-08-24T16:00:00Z,,short,T3b_H4_sweep_hi_short_loose,T3b_H4_sweep_hi_short_loose,3,,21709.32,22034.96,21058.04,325.6399999999994,2.0,,,,1298.17,325.3,,,,,,,0.976,,,,,61.49,-4.4,-1.28,0.302,25.23,18.05,bear,bear,-0.2961,-0.2716,,,,21058.04,tp_hit,10,2509.79,0.029,1.9333333333333336,25.96,,binance,1.0,backfilled from scheme_i_plus_trades.csv; scheme_i weights T1=1.0 T2=0.75 T3=0.5 T4=0 dropped; 5%/R risk; FEE=0.001; sig_rsi=61.49 sig_dist_ema200=-4.4 d_rsi=25.23 w_rsi=18.05; equity_after=54436.50705754947 dd_pct=0.0
si+-20220826120000-0138,backtest_scheme_i_plus_c3c5,binance,BTCUSDT,1h,2022-08-26T12:00:00Z,,long,T3a_H1_fail_brkdn_long,T3a_H1_fail_brkdn_long,3,,21638.88,21379.21,22179.85,259.6700000000019,2.0832980321176633,,,,1360.91,144.49,,,,,,,2.821,,,,,52.6,-0.92,0.61,0.838,16.65,18.05,bear,bear,-0.32909999999999995,-0.2716,,,,21379.21,sl_hit,1,-1474.32,-0.013,-1.0833333333333333,27.22,,binance,1.0,backfilled from scheme_i_plus_trades.csv; scheme_i weights T1=1.0 T2=0.75 T3=0.5 T4=0 dropped; 5%/R risk; FEE=0.001; sig_rsi=52.6 sig_dist_ema200=-0.92 d_rsi=16.65 w_rsi=18.05; equity_after=52962.18499140751 dd_pct=-2.708333333333324
si+-20220927120000-0139,backtest_scheme_i_plus_c3c5,binance,BTCUSDT,4h,2022-09-27T12:00:00Z,,short,T3b_H4_sweep_hi_short_loose,T3b_H4_sweep_hi_short_loose,3,,19887.78,20186.1,19291.15,298.3199999999997,1.999966478948773,,,,1324.05,379.11,,,,,,,1.921,,,,,68.25,-1.29,2.81,0.658,39.03,27.2,bear,bear,-0.302,-0.29410000000000003,,,,19291.15,tp_hit,0,2559.84,0.029,1.9333333333333336,26.48,,binance,1.0,backfilled from scheme_i_plus_trades.csv; scheme_i weights T1=1.0 T2=0.75 T3=0.5 T4=0 dropped; 5%/R risk; FEE=0.001; sig_rsi=68.25 sig_dist_ema200=-1.29 d_rsi=39.03 w_rsi=27.2; equity_after=55522.02393265887 dd_pct=0.0
si+-20221106020000-0140,backtest_scheme_i_plus_c3c5,binance,BTCUSDT,1h,2022-11-06T02:00:00Z,,long,T3a_H1_fail_brkdn_long,T3a_H1_fail_brkdn_long,3,,21238.22,20983.36,21769.18,254.86000000000058,2.083339872871372,,,,1388.05,77.3,,,,,,,0.978,,,,,41.77,2.92,0.75,0.452,63.7,49.27,bear,bear,-0.1592,-0.21789999999999998,,,,20983.36,sl_hit,20,-1503.72,-0.013,-1.0833333333333333,27.76,,binance,1.0,backfilled from scheme_i_plus_trades.csv; scheme_i weights T1=1.0 T2=0.75 T3=0.5 T4=0 dropped; 5%/R risk; FEE=0.001; sig_rsi=41.77 sig_dist_ema200=2.92 d_rsi=63.7 w_rsi=49.27; equity_after=54018.30245114936 dd_pct=-2.708333333333335
si+-20221114000000-0141,backtest_scheme_i_plus_c3c5,binance,BTCUSDT,1w,2022-11-14T00:00:00Z,,long,T1a_W_fail_brkdn_long,T1a_W_fail_brkdn_long,1,,16279.5,14977.14,20349.38,1302.3600000000006,3.1250038391842496,,,,2700.92,2596.46,,,,,,,1.073,,,,,33.0,-37.8,-45.2,0.037,28.4,38.97,bear,bear,-0.3299,-0.3785,,,,20349.38,tp_hit,6,8406.6,0.249,3.1125,54.02,,binance,1.0,backfilled from scheme_i_plus_trades.csv; scheme_i weights T1=1.0 T2=0.75 T3=0.5 T4=0 dropped; 5%/R risk; FEE=0.001; sig_rsi=33.0 sig_dist_ema200=-37.8 d_rsi=28.4 w_rsi=38.97; equity_after=62424.90077010948 dd_pct=0.0
si+-20221121000000-0142,backtest_scheme_i_plus_c3c5,binance,BTCUSDT,1w,2022-11-21T00:00:00Z,,long,C5_W_hammer_20w_low_long,C5_W_hammer_20w_low_long,1,,17106.65,15395.99,21383.31,1710.6600000000017,2.50000584569698,,,,3121.25,2408.97,,,,,,,0.996,,,,,30.89,-37.0,-43.72,0.112,24.86,33.0,bear,bear,-0.3173,-0.37799999999999995,,,,21383.31,tp_hit,6,7771.9,0.249,2.49,62.42,,binance,1.0,backfilled from scheme_i_plus_trades.csv; scheme_i weights T1=1.0 T2=0.75 T3=0.5 T4=0 dropped; 5%/R risk; FEE=0.001; sig_rsi=30.89 sig_dist_ema200=-37.0 d_rsi=24.86 w_rsi=33.0; equity_after=70196.80091598812 dd_pct=0.0
si+-20221121000000-0143,backtest_scheme_i_plus_c3c5,binance,BTCUSDT,1w,2022-11-21T00:00:00Z,,long,C3_W_engulf_long,C3_W_engulf_long,1,,17106.65,15395.99,20527.98,1710.6600000000017,2.0000058456969794,,,,3509.84,2408.97,,,,,,,0.996,,,,,30.89,-37.0,-43.72,0.112,24.86,33.0,bear,bear,-0.3173,-0.37799999999999995,,,,20527.98,tp_hit,5,6984.58,0.199,1.99,70.2,,binance,1.0,backfilled from scheme_i_plus_trades.csv; scheme_i weights T1=1.0 T2=0.75 T3=0.5 T4=0 dropped; 5%/R risk; FEE=0.001; sig_rsi=30.89 sig_dist_ema200=-37.0 d_rsi=24.86 w_rsi=33.0; equity_after=77181.38260712892 dd_pct=0.0
si+-20221201120000-0144,backtest_scheme_i_plus_c3c5,binance,BTCUSDT,4h,2022-12-01T12:00:00Z,,short,T3b_H4_sweep_hi_short_loose,T3b_H4_sweep_hi_short_loose,3,,16977.6,17232.26,16468.27,254.65999999999985,2.00003926804366,,,,1929.53,219.13,,,,,,,1.652,,,,,71.5,-2.99,2.03,0.291,54.35,30.89,bear,bear,-0.2645,-0.37,,,,17232.26,sl_hit,20,-2058.17,-0.016,-1.0666666666666669,38.59,,binance,1.0,backfilled from scheme_i_plus_trades.csv; scheme_i weights T1=1.0 T2=0.75 T3=0.5 T4=0 dropped; 5%/R risk; FEE=0.001; sig_rsi=71.5 sig_dist_ema200=-2.99 d_rsi=54.35 w_rsi=30.89; equity_after=75123.21240427216 dd_pct=-2.6666666666666616
si+-20221201120000-0145,backtest_scheme_i_plus_c3c5,binance,BTCUSDT,4h,2022-12-01T12:00:00Z,,short,T1d_H4_sweep_hi_short,T1d_H4_sweep_hi_short,1,,16977.6,17486.93,15789.17,509.33000000000175,2.333320244242425,,,,3756.16,219.13,,,,,,,1.652,,,,,71.5,-2.99,2.03,0.291,54.35,30.89,bear,bear,-0.2645,-0.37,,,,16825.55,time_exit,39,996.13,0.007956,0.2652,75.12,,binance,1.0,backfilled from scheme_i_plus_trades.csv; scheme_i weights T1=1.0 T2=0.75 T3=0.5 T4=0 dropped; 5%/R risk; FEE=0.001; sig_rsi=71.5 sig_dist_ema200=-2.99 d_rsi=54.35 w_rsi=30.89; equity_after=76119.34620075281 dd_pct=-1.376026666666652
si+-20221209000000-0146,backtest_scheme_i_plus_c3c5,binance,BTCUSDT,4h,2022-12-09T00:00:00Z,,short,T3b_H4_sweep_hi_short_loose,T3b_H4_sweep_hi_short_loose,3,,17202.01,17460.04,16685.95,258.0300000000025,1.9999999999999718,,,,1902.98,153.15,,,,,,,1.02,,,,,61.06,-0.66,1.59,0.189,60.53,33.54,bear,bear,-0.2403,-0.34259999999999996,,,,17460.04,sl_hit,25,-2029.85,-0.016,-1.0666666666666669,38.06,,binance,1.0,backfilled from scheme_i_plus_trades.csv; scheme_i weights T1=1.0 T2=0.75 T3=0.5 T4=0 dropped; 5%/R risk; FEE=0.001; sig_rsi=61.06 sig_dist_ema200=-0.66 d_rsi=60.53 w_rsi=33.54; equity_after=74089.49696873274 dd_pct=-4.005999288888873
si+-20221215020000-0147,backtest_scheme_i_plus_c3c5,binance,BTCUSDT,1h,2022-12-15T02:00:00Z,,long,T3a_H1_fail_brkdn_long,T3a_H1_fail_brkdn_long,3,,17716.77,17504.17,18159.69,212.60000000000218,2.0833490122295095,,,,1852.24,191.24,,,,,,,0.846,,,,,41.5,2.37,0.15,0.514,56.89,28.64,bear,bear,-0.22219999999999998,-0.35359999999999997,,,,17504.17,sl_hit,10,-2006.59,-0.013,-1.0833333333333333,37.04,,binance,1.0,backfilled from scheme_i_plus_trades.csv; scheme_i weights T1=1.0 T2=0.75 T3=0.5 T4=0 dropped; 5%/R risk; FEE=0.001; sig_rsi=41.5 sig_dist_ema200=2.37 d_rsi=56.89 w_rsi=28.64; equity_after=72082.90642582957 dd_pct=-6.6058368081481245
si+-20230102200000-0148,backtest_scheme_i_plus_c3c5,binance,BTCUSDT,4h,2023-01-02T20:00:00Z,,short,T3b_H4_sweep_hi_short_loose,T3b_H4_sweep_hi_short_loose,3,,16672.78,16922.87,16172.6,250.09000000000015,1.9999999999999927,,,,1802.07,77.33,,,,,,,0.995,,,,,62.14,-1.5,0.04,0.466,58.34,29.59,bear,bear,-0.2206,-0.3317,,,,16922.87,sl_hit,10,-1922.21,-0.016,-1.0666666666666669,36.04,,binance,1.0,backfilled from scheme_i_plus_trades.csv; scheme_i weights T1=1.0 T2=0.75 T3=0.5 T4=0 dropped; 5%/R risk; FEE=0.001; sig_rsi=62.14 sig_dist_ema200=-1.5 d_rsi=58.34 w_rsi=29.59; equity_after=70160.69558780745 dd_pct=-9.096347826597494
si+-20230109000000-0149,backtest_scheme_i_plus_c3c5,binance,BTCUSDT,1w,2023-01-09T00:00:00Z,,long,T1b_W_rsi_os_long,T1b_W_rsi_os_long,1,,20872.99,18785.69,26091.24,2087.300000000003,2.4999999999999964,,,,3508.03,1822.85,,,,,,,1.291,,,,,55.67,-18.41,-21.89,0.901,61.61,29.59,bear,bear,-0.1894,-0.3317,,,,26091.24,tp_hit,8,8735.01,0.249,2.49,70.16,,binance,1.0,backfilled from scheme_i_plus_trades.csv; scheme_i weights T1=1.0 T2=0.75 T3=0.5 T4=0 dropped; 5%/R risk; FEE=0.001; sig_rsi=55.67 sig_dist_ema200=-18.41 d_rsi=61.61 w_rsi=29.59; equity_after=78895.7021884895 dd_pct=0.0
si+-20230111160000-0150,backtest_scheme_i_plus_c3c5,binance,BTCUSDT,1h,2023-01-11T16:00:00Z,,long,T3a_H1_fail_brkdn_long,T3a_H1_fail_brkdn_long,3,,17347.79,17139.62,17781.48,208.1700000000019,2.08334534274869,,,,1972.39,47.68,,,,,,,1.1,,,,,40.36,1.67,0.11,0.328,92.84,55.67,bear,bear,-0.1465,-0.1841,,,,17781.48,tp_hit,6,3944.79,0.024,2.0,39.45,,binance,1.0,backfilled from scheme_i_plus_trades.csv; scheme_i weights T1=1.0 T2=0.75 T3=0.5 T4=0 dropped; 5%/R risk; FEE=0.001; sig_rsi=40.36 sig_dist_ema200=1.67 d_rsi=92.84 w_rsi=55.67; equity_after=82840.48729791396 dd_pct=0.0
si+-20230202220000-0151,backtest_scheme_i_plus_c3c5,binance,BTCUSDT,1h,2023-02-02T22:00:00Z,,long,T3a_H1_fail_brkdn_long,T3a_H1_fail_brkdn_long,3,,23556.7,23274.02,24145.62,282.6800000000003,2.0833451252299335,,,,2071.01,213.12,,,,,,,0.901,,,,,42.91,1.83,0.03,0.393,71.35,62.15,bull,bear,0.1048,-0.10099999999999999,,,,23274.02,sl_hit,14,-2243.6,-0.013,-1.0833333333333333,41.42,,binance,1.0,backfilled from scheme_i_plus_trades.csv; scheme_i weights T1=1.0 T2=0.75 T3=0.5 T4=0 dropped; 5%/R risk; FEE=0.001; sig_rsi=42.91 sig_dist_ema200=1.83 d_rsi=71.35 w_rsi=62.15; equity_after=80596.89076692879 dd_pct=-2.708333333333335
si+-20230310000000-0152,backtest_scheme_i_plus_c3c5,binance,BTCUSDT,1d,2023-03-10T00:00:00Z,,long,T2a_D_hammer_long,T2a_D_hammer_long,2,,20150.69,19143.16,22568.77,1007.5299999999988,2.4000079402102217,,,,3022.38,757.42,,,,,,,2.029,,,,,19.48,-7.4,-9.16,0.258,17.57,68.37,bear,bear,-0.065,-0.1332,,,,22568.77,tp_hit,2,7193.27,0.119,2.38,60.45,,binance,1.0,backfilled from scheme_i_plus_trades.csv; scheme_i weights T1=1.0 T2=0.75 T3=0.5 T4=0 dropped; 5%/R risk; FEE=0.001; sig_rsi=19.48 sig_dist_ema200=-7.4 d_rsi=17.57 w_rsi=68.37; equity_after=87790.16326787719 dd_pct=0.0
si+-20230426200000-0153,backtest_scheme_i_plus_c3c5,binance,BTCUSDT,1h,2023-04-26T20:00:00Z,,long,T3a_H1_fail_brkdn_long,T3a_H1_fail_brkdn_long,3,,28413.38,28072.42,29123.71,340.96000000000276,2.083323557015463,,,,2194.75,504.19,,,,,,,3.203,,,,,50.2,0.4,0.1,0.446,40.14,65.97,bull,bull,0.1805,0.1424,,,,29123.71,tp_hit,3,4389.51,0.024,2.0,43.9,,binance,1.0,backfilled from scheme_i_plus_trades.csv; scheme_i weights T1=1.0 T2=0.75 T3=0.5 T4=0 dropped; 5%/R risk; FEE=0.001; sig_rsi=50.2 sig_dist_ema200=0.4 d_rsi=40.14 w_rsi=65.97; equity_after=92179.67143127104 dd_pct=0.0
si+-20230428140000-0154,backtest_scheme_i_plus_c3c5,binance,BTCUSDT,1h,2023-04-28T14:00:00Z,,long,T3a_H1_fail_brkdn_long,T3a_H1_fail_brkdn_long,3,,29096.69,28747.53,29824.11,349.15999999999985,2.0833428800549956,,,,2304.49,199.04,,,,,,,1.463,,,,,26.49,1.72,0.04,0.225,42.87,65.97,bull,bull,0.2125,0.1424,,,,29395.01,time_exit,47,1776.96,0.009253,0.7710833333333333,46.09,,binance,1.0,backfilled from scheme_i_plus_trades.csv; scheme_i weights T1=1.0 T2=0.75 T3=0.5 T4=0 dropped; 5%/R risk; FEE=0.001; sig_rsi=26.49 sig_dist_ema200=1.72 d_rsi=42.87 w_rsi=65.97; equity_after=93956.62663909094 dd_pct=0.0
si+-20230515160000-0155,backtest_scheme_i_plus_c3c5,binance,BTCUSDT,4h,2023-05-15T16:00:00Z,,short,T3b_H4_sweep_hi_short_loose,T3b_H4_sweep_hi_short_loose,3,,27418.24,27829.51,26595.69,411.2699999999968,2.0000243149269563,,,,2348.92,272.0,,,,,,,1.322,,,,,71.2,-2.09,0.13,0.062,40.81,62.46,bull,bull,0.0962,0.0431,,,,26595.69,tp_hit,9,4541.24,0.029,1.9333333333333336,46.98,,binance,1.0,backfilled from scheme_i_plus_trades.csv; scheme_i weights T1=1.0 T2=0.75 T3=0.5 T4=0 dropped; 5%/R risk; FEE=0.001; sig_rsi=71.2 sig_dist_ema200=-2.09 d_rsi=40.81 w_rsi=62.46; equity_after=98497.86359331368 dd_pct=0.0
si+-20230523040000-0156,backtest_scheme_i_plus_c3c5,binance,BTCUSDT,4h,2023-05-23T04:00:00Z,,short,T3b_H4_sweep_hi_short_loose,T3b_H4_sweep_hi_short_loose,3,,27304.4,27713.97,26485.27,409.5699999999997,1.9999755841492335,,,,2462.45,245.46,,,,,,,2.25,,,,,56.23,-1.19,0.98,0.214,44.05,60.11,bull,bull,0.0909,0.0935,,,,26485.27,tp_hit,7,4760.73,0.029,1.9333333333333336,49.25,,binance,1.0,backfilled from scheme_i_plus_trades.csv; scheme_i weights T1=1.0 T2=0.75 T3=0.5 T4=0 dropped; 5%/R risk; FEE=0.001; sig_rsi=56.23 sig_dist_ema200=-1.19 d_rsi=44.05 w_rsi=60.11; equity_after=103258.5936669905 dd_pct=0.0
si+-20230528080000-0157,backtest_scheme_i_plus_c3c5,binance,BTCUSDT,4h,2023-05-28T08:00:00Z,,short,T3b_H4_sweep_hi_short_loose,T3b_H4_sweep_hi_short_loose,3,,27153.76,27561.07,26339.15,407.3100000000013,1.9999754486754422,,,,2581.46,215.64,,,,,,,0.852,,,,,80.29,-0.84,1.27,0.349,61.33,60.11,bull,bull,0.1206,0.0935,,,,27561.07,sl_hit,1,-2753.56,-0.016,-1.0666666666666669,51.63,,binance,1.0,backfilled from scheme_i_plus_trades.csv; scheme_i weights T1=1.0 T2=0.75 T3=0.5 T4=0 dropped; 5%/R risk; FEE=0.001; sig_rsi=80.29 sig_dist_ema200=-0.84 d_rsi=61.33 w_rsi=60.11; equity_after=100505.0311692041 dd_pct=-2.6666666666666616
si+-20230622150000-0158,backtest_scheme_i_plus_c3c5,binance,BTCUSDT,1h,2023-06-22T15:00:00Z,,long,T3a_H1_fail_brkdn_long,T3a_H1_fail_brkdn_long,3,,29850.65,29492.44,30596.92,358.21000000000276,2.0833310069512048,,,,2512.63,259.94,,,,,,,1.798,,,,,42.4,8.49,1.93,0.328,74.45,57.25,bull,bull,0.17420000000000002,0.18359999999999999,,,,30596.92,tp_hit,23,5025.25,0.024,2.0,50.25,,binance,1.0,backfilled from scheme_i_plus_trades.csv; scheme_i weights T1=1.0 T2=0.75 T3=0.5 T4=0 dropped; 5%/R risk; FEE=0.001; sig_rsi=42.4 sig_dist_ema200=8.49 d_rsi=74.45 w_rsi=57.25; equity_after=105530.28272766432 dd_pct=0.0
si+-20230624160000-0159,backtest_scheme_i_plus_c3c5,binance,BTCUSDT,1h,2023-06-24T16:00:00Z,,long,T3a_H1_fail_brkdn_long,T3a_H1_fail_brkdn_long,3,,30510.01,30143.89,31272.76,366.119999999999,2.0833333333333393,,,,2638.26,149.33,,,,,,,1.762,,,,,37.32,6.48,0.49,0.423,82.4,57.25,bull,bull,0.1946,0.18359999999999999,,,,30143.89,sl_hit,32,-2858.11,-0.013,-1.0833333333333333,52.77,,binance,1.0,backfilled from scheme_i_plus_trades.csv; scheme_i weights T1=1.0 T2=0.75 T3=0.5 T4=0 dropped; 5%/R risk; FEE=0.001; sig_rsi=37.32 sig_dist_ema200=6.48 d_rsi=82.4 w_rsi=57.25; equity_after=102672.17090379006 dd_pct=-2.708333333333346
si+-20230808040000-0160,backtest_scheme_i_plus_c3c5,binance,BTCUSDT,4h,2023-08-08T04:00:00Z,,short,T3b_H4_sweep_hi_short_loose,T3b_H4_sweep_hi_short_loose,3,,29187.62,29625.43,28311.99,437.8100000000013,2.0000228409583944,,,,2566.8,163.36,,,,,,,1.277,,,,,56.1,-0.83,0.03,0.05,61.65,53.73,bull,bull,0.0974,0.1265,,,,29625.43,sl_hit,1,-2737.92,-0.016,-1.0666666666666669,51.34,,binance,1.0,backfilled from scheme_i_plus_trades.csv; scheme_i weights T1=1.0 T2=0.75 T3=0.5 T4=0 dropped; 5%/R risk; FEE=0.001; sig_rsi=56.1 sig_dist_ema200=-0.83 d_rsi=61.65 w_rsi=53.73; equity_after=99934.24634635566 dd_pct=-5.302777777777779
si+-20230830150000-0161,backtest_scheme_i_plus_c3c5,binance,BTCUSDT,1h,2023-08-30T15:00:00Z,,long,T3a_H1_fail_brkdn_long,T3a_H1_fail_brkdn_long,3,,27201.63,26875.21,27881.67,326.4200000000019,2.0833282274370237,,,,2498.36,154.09,,,,,,,1.678,,,,,31.72,2.46,0.86,0.356,37.78,41.31,bull,bear,0.0045000000000000005,-0.0017000000000000001,,,,26875.21,sl_hit,23,-2706.55,-0.013,-1.0833333333333333,49.97,,binance,1.0,backfilled from scheme_i_plus_trades.csv; scheme_i weights T1=1.0 T2=0.75 T3=0.5 T4=0 dropped; 5%/R risk; FEE=0.001; sig_rsi=31.72 sig_dist_ema200=2.46 d_rsi=37.78 w_rsi=41.31; equity_after=97227.69384114188 dd_pct=-7.8674942129629555
si+-20230908000000-0162,backtest_scheme_i_plus_c3c5,binance,BTCUSDT,4h,2023-09-08T00:00:00Z,,short,T3b_H4_sweep_hi_short_loose,T3b_H4_sweep_hi_short_loose,3,,26252.81,26646.6,25465.23,393.78999999999724,2.0000000000000187,,,,2430.69,209.87,,,,,,,1.121,,,,,72.78,-2.82,1.01,0.009,50.81,44.33,bear,bear,-0.0304,-0.0066,,,,25465.23,tp_hit,20,4699.34,0.029,1.9333333333333336,48.61,,binance,1.0,backfilled from scheme_i_plus_trades.csv; scheme_i weights T1=1.0 T2=0.75 T3=0.5 T4=0 dropped; 5%/R risk; FEE=0.001; sig_rsi=72.78 sig_dist_ema200=-2.82 d_rsi=50.81 w_rsi=44.33; equity_after=101927.03237679708 dd_pct=-3.4144230999228253
si+-20230912160000-0163,backtest_scheme_i_plus_c3c5,binance,BTCUSDT,4h,2023-09-12T16:00:00Z,,short,T3b_H4_sweep_hi_short_loose,T3b_H4_sweep_hi_short_loose,3,,26066.34,26457.34,25284.35,391.0,1.9999744245524338,,,,2548.18,396.17,,,,,,,1.787,,,,,55.69,-2.44,0.84,0.204,29.4,52.81,bear,bull,-0.0434,0.0196,,,,26457.34,sl_hit,7,-2718.05,-0.016,-1.0666666666666669,50.96,,binance,1.0,backfilled from scheme_i_plus_trades.csv; scheme_i weights T1=1.0 T2=0.75 T3=0.5 T4=0 dropped; 5%/R risk; FEE=0.001; sig_rsi=55.69 sig_dist_ema200=-2.44 d_rsi=29.4 w_rsi=52.81; equity_after=99208.97818008249 dd_pct=-5.990038483924876
si+-20230920200000-0164,backtest_scheme_i_plus_c3c5,binance,BTCUSDT,1h,2023-09-20T20:00:00Z,,long,T3a_H1_fail_brkdn_long,T3a_H1_fail_brkdn_long,3,,27098.73,26773.55,27776.2,325.1800000000003,2.083369210898581,,,,2480.22,159.13,,,,,,,0.693,,,,,51.74,1.67,0.18,0.95,67.66,49.57,bull,bull,0.0051,0.0088,,,,26773.55,sl_hit,12,-2686.91,-0.013,-1.0833333333333333,49.6,,binance,1.0,backfilled from scheme_i_plus_trades.csv; scheme_i weights T1=1.0 T2=0.75 T3=0.5 T4=0 dropped; 5%/R risk; FEE=0.001; sig_rsi=51.74 sig_dist_ema200=1.67 d_rsi=67.66 w_rsi=49.57; equity_after=96522.0683543719 dd_pct=-8.536141608318593
si+-20231016000000-0165,backtest_scheme_i_plus_c3c5,binance,BTCUSDT,1w,2023-10-16T00:00:00Z,,long,C3_W_engulf_long,C3_W_engulf_long,1,,29992.46,26993.21,35990.95,2999.25,1.9999966658331243,,,,4826.1,1902.73,,,,,,,1.244,,,,,48.93,14.88,9.72,0.869,37.83,32.19,bull,bull,0.0052,0.0416,,,,35990.95,tp_hit,2,9603.95,0.199,1.99,96.52,,binance,1.0,backfilled from scheme_i_plus_trades.csv; scheme_i weights T1=1.0 T2=0.75 T3=0.5 T4=0 dropped; 5%/R risk; FEE=0.001; sig_rsi=48.93 sig_dist_ema200=14.88 d_rsi=37.83 w_rsi=32.19; equity_after=106126.01415563191 dd_pct=0.0
si+-20231016000000-0166,backtest_scheme_i_plus_c3c5,binance,BTCUSDT,1w,2023-10-16T00:00:00Z,,long,T1b_W_rsi_os_long,T1b_W_rsi_os_long,1,,29992.46,26993.21,37490.57,2999.25,2.4999949987496874,,,,5306.3,1902.73,,,,,,,1.244,,,,,48.93,14.88,9.72,0.869,37.83,32.19,bull,bull,0.0052,0.0416,,,,37490.57,tp_hit,2,13212.69,0.249,2.49,106.13,,binance,1.0,backfilled from scheme_i_plus_trades.csv; scheme_i weights T1=1.0 T2=0.75 T3=0.5 T4=0 dropped; 5%/R risk; FEE=0.001; sig_rsi=48.93 sig_dist_ema200=14.88 d_rsi=37.83 w_rsi=32.19; equity_after=119338.70291800809 dd_pct=0.0
si+-20231105220000-0167,backtest_scheme_i_plus_c3c5,binance,BTCUSDT,1h,2023-11-05T22:00:00Z,,long,T3a_H1_fail_brkdn_long,T3a_H1_fail_brkdn_long,3,,34971.41,34551.75,35845.7,419.6600000000035,2.0833293618643336,,,,2983.47,204.57,,,,,,,0.978,,,,,48.18,1.52,0.2,0.832,82.01,68.76,bull,bull,0.2455,0.3323,,,,34551.75,sl_hit,35,-3232.09,-0.013,-1.0833333333333333,59.67,,binance,1.0,backfilled from scheme_i_plus_trades.csv; scheme_i weights T1=1.0 T2=0.75 T3=0.5 T4=0 dropped; 5%/R risk; FEE=0.001; sig_rsi=48.18 sig_dist_ema200=1.52 d_rsi=82.01 w_rsi=68.76; equity_after=116106.61304731204 dd_pct=-2.708333333333335
si+-20231111230000-0168,backtest_scheme_i_plus_c3c5,binance,BTCUSDT,1h,2023-11-11T23:00:00Z,,long,T3a_H1_fail_brkdn_long,T3a_H1_fail_brkdn_long,3,,37129.99,36684.43,38058.24,445.5599999999977,2.083333333333344,,,,2902.67,163.04,,,,,,,1.184,,,,,54.41,3.42,0.57,0.646,80.46,73.27,bull,bull,0.299,0.4046,,,,36684.43,sl_hit,36,-3144.55,-0.013,-1.0833333333333333,58.05,,binance,1.0,backfilled from scheme_i_plus_trades.csv; scheme_i weights T1=1.0 T2=0.75 T3=0.5 T4=0 dropped; 5%/R risk; FEE=0.001; sig_rsi=54.41 sig_dist_ema200=3.42 d_rsi=80.46 w_rsi=73.27; equity_after=112962.05894394733 dd_pct=-5.3433159722222285
si+-20240109220000-0169,backtest_scheme_i_plus_c3c5,binance,BTCUSDT,1h,2024-01-09T22:00:00Z,,long,T3a_H1_fail_brkdn_long,T3a_H1_fail_brkdn_long,3,,46254.0,45698.95,47410.35,555.0500000000029,2.0833258265021035,,,,2824.05,718.4,,,,,,,1.621,,,,,46.95,3.97,0.87,0.843,64.23,76.59,bull,bull,0.3419,0.5084000000000001,,,,45698.95,sl_hit,2,-3059.39,-0.013,-1.0833333333333333,56.48,,binance,1.0,backfilled from scheme_i_plus_trades.csv; scheme_i weights T1=1.0 T2=0.75 T3=0.5 T4=0 dropped; 5%/R risk; FEE=0.001; sig_rsi=46.95 sig_dist_ema200=3.97 d_rsi=64.23 w_rsi=76.59; equity_after=109902.66984754876 dd_pct=-7.906934497974549
si+-20240111000000-0170,backtest_scheme_i_plus_c3c5,binance,BTCUSDT,1d,2024-01-11T00:00:00Z,,short,T1c_D_sstar_short,T1c_D_sstar_short,1,,46339.16,48656.12,41705.24,2316.959999999999,2.000000000000003,,,,5495.13,2294.73,,,,,,,1.942,,,,,66.1,33.92,10.27,0.094,63.13,76.59,bull,bull,0.3529,0.5084000000000001,,,,41705.24,tp_hit,0,10880.36,0.099,1.98,109.9,,binance,1.0,backfilled from scheme_i_plus_trades.csv; scheme_i weights T1=1.0 T2=0.75 T3=0.5 T4=0 dropped; 5%/R risk; FEE=0.001; sig_rsi=66.1 sig_dist_ema200=33.92 d_rsi=63.13 w_rsi=76.59; equity_after=120783.03416245608 dd_pct=0.0
si+-20240123000000-0171,backtest_scheme_i_plus_c3c5,binance,BTCUSDT,1d,2024-01-23T00:00:00Z,,long,T2a_D_hammer_long,T2a_D_hammer_long,2,,39897.59,37902.71,44685.3,1994.8799999999974,2.399998997433436,,,,4529.36,1928.73,,,,,,,1.208,,,,,23.31,12.66,-4.75,0.203,19.62,76.19,bull,bull,0.1188,0.504,,,,44685.3,tp_hit,15,10779.89,0.119,2.38,90.59,,binance,1.0,backfilled from scheme_i_plus_trades.csv; scheme_i weights T1=1.0 T2=0.75 T3=0.5 T4=0 dropped; 5%/R risk; FEE=0.001; sig_rsi=23.31 sig_dist_ema200=12.66 d_rsi=19.62 w_rsi=76.19; equity_after=131562.91996145528 dd_pct=0.0
si+-20240126200000-0172,backtest_scheme_i_plus_c3c5,binance,BTCUSDT,4h,2024-01-26T20:00:00Z,,short,T3b_H4_sweep_hi_short_loose,T3b_H4_sweep_hi_short_loose,3,,41823.51,42450.86,40568.8,627.3499999999985,2.0000159400653574,,,,3289.07,556.21,,,,,,,0.844,,,,,72.76,-0.8,2.16,0.539,44.9,76.19,bull,bull,0.1759,0.504,,,,42450.86,sl_hit,7,-3508.34,-0.016,-1.0666666666666669,65.78,,binance,1.0,backfilled from scheme_i_plus_trades.csv; scheme_i weights T1=1.0 T2=0.75 T3=0.5 T4=0 dropped; 5%/R risk; FEE=0.001; sig_rsi=72.76 sig_dist_ema200=-0.8 d_rsi=44.9 w_rsi=76.19; equity_after=128054.57542914982 dd_pct=-2.6666666666666616
si+-20240128200000-0173,backtest_scheme_i_plus_c3c5,binance,BTCUSDT,1h,2024-01-28T20:00:00Z,,long,T3a_H1_fail_brkdn_long,T3a_H1_fail_brkdn_long,3,,41945.09,41441.75,42993.72,503.3399999999965,2.08334326697662,,,,3201.36,240.63,,,,,,,0.942,,,,,32.23,1.48,0.1,0.553,51.74,76.19,bull,bull,0.1775,0.504,,,,42993.72,tp_hit,19,6402.73,0.024,2.0,64.03,,binance,1.0,backfilled from scheme_i_plus_trades.csv; scheme_i weights T1=1.0 T2=0.75 T3=0.5 T4=0 dropped; 5%/R risk; FEE=0.001; sig_rsi=32.23 sig_dist_ema200=1.48 d_rsi=51.74 w_rsi=76.19; equity_after=134457.3042006073 dd_pct=0.0
si+-20240215220000-0174,backtest_scheme_i_plus_c3c5,binance,BTCUSDT,1h,2024-02-15T22:00:00Z,,long,T3a_H1_fail_brkdn_long,T3a_H1_fail_brkdn_long,3,,51644.39,51024.66,52935.5,619.7299999999959,2.083342746034578,,,,3361.43,460.15,,,,,,,0.673,,,,,45.76,6.13,0.56,0.626,92.02,78.97,bull,bull,0.3883,0.8273999999999999,,,,51024.66,sl_hit,39,-3641.55,-0.013,-1.0833333333333333,67.23,,binance,1.0,backfilled from scheme_i_plus_trades.csv; scheme_i weights T1=1.0 T2=0.75 T3=0.5 T4=0 dropped; 5%/R risk; FEE=0.001; sig_rsi=45.76 sig_dist_ema200=6.13 d_rsi=92.02 w_rsi=78.97; equity_after=130815.75221184084 dd_pct=-2.708333333333324
si+-20240225170000-0175,backtest_scheme_i_plus_c3c5,binance,BTCUSDT,1h,2024-02-25T17:00:00Z,,long,T3a_H1_fail_brkdn_long,T3a_H1_fail_brkdn_long,3,,51559.97,50941.25,52848.97,618.7200000000012,2.0833333333333295,,,,3270.39,170.68,,,,,,,0.846,,,,,47.27,0.66,0.25,0.814,69.98,77.5,bull,bull,0.33549999999999996,0.7985,,,,50941.25,sl_hit,15,-3542.93,-0.013,-1.0833333333333333,65.41,,binance,1.0,backfilled from scheme_i_plus_trades.csv; scheme_i weights T1=1.0 T2=0.75 T3=0.5 T4=0 dropped; 5%/R risk; FEE=0.001; sig_rsi=47.27 sig_dist_ema200=0.66 d_rsi=69.98 w_rsi=77.5; equity_after=127272.82558943683 dd_pct=-5.343315972222218
si+-20240310230000-0176,backtest_scheme_i_plus_c3c5,binance,BTCUSDT,1h,2024-03-10T23:00:00Z,,long,T3a_H1_fail_brkdn_long,T3a_H1_fail_brkdn_long,3,,68955.88,68128.41,70679.78,827.4700000000012,2.083338368762604,,,,3181.82,490.11,,,,,,,1.055,,,,,36.81,4.39,0.32,0.838,79.03,85.57,bull,bull,0.6408,1.3375,,,,68128.41,sl_hit,0,-3446.97,-0.013,-1.0833333333333333,63.64,,binance,1.0,backfilled from scheme_i_plus_trades.csv; scheme_i weights T1=1.0 T2=0.75 T3=0.5 T4=0 dropped; 5%/R risk; FEE=0.001; sig_rsi=36.81 sig_dist_ema200=4.39 d_rsi=79.03 w_rsi=85.57; equity_after=123825.85322972292 dd_pct=-7.906934497974538
si+-20240312170000-0177,backtest_scheme_i_plus_c3c5,binance,BTCUSDT,1h,2024-03-12T17:00:00Z,,long,T3a_H1_fail_brkdn_long,T3a_H1_fail_brkdn_long,3,,71092.55,70239.44,72869.86,853.1100000000006,2.0833304028788744,,,,3095.65,908.32,,,,,,,3.518,,,,,44.07,4.71,0.01,0.234,75.64,82.81,bull,bull,0.6767,1.2884,,,,72869.86,tp_hit,13,6191.29,0.024,2.0,61.91,,binance,1.0,backfilled from scheme_i_plus_trades.csv; scheme_i weights T1=1.0 T2=0.75 T3=0.5 T4=0 dropped; 5%/R risk; FEE=0.001; sig_rsi=44.07 sig_dist_ema200=4.71 d_rsi=75.64 w_rsi=82.81; equity_after=130017.14589120906 dd_pct=-3.30228122287326
si+-20240329060000-0178,backtest_scheme_i_plus_c3c5,binance,BTCUSDT,1h,2024-03-29T06:00:00Z,,long,T3a_H1_fail_brkdn_long,T3a_H1_fail_brkdn_long,3,,70438.01,69592.75,72198.96,845.2599999999948,2.0833234744339286,,,,3250.43,341.28,,,,,,,0.58,,,,,43.53,2.86,0.31,0.568,50.54,86.54,bull,bull,0.4996,1.3244,,,,69592.75,sl_hit,2,-3521.3,-0.013,-1.0833333333333333,65.01,,binance,1.0,backfilled from scheme_i_plus_trades.csv; scheme_i weights T1=1.0 T2=0.75 T3=0.5 T4=0 dropped; 5%/R risk; FEE=0.001; sig_rsi=43.53 sig_dist_ema200=2.86 d_rsi=50.54 w_rsi=86.54; equity_after=126495.8481899888 dd_pct=-5.921177773087106
si+-20240504000000-0179,backtest_scheme_i_plus_c3c5,binance,BTCUSDT,4h,2024-05-04T00:00:00Z,,short,T3b_H4_sweep_hi_short_loose,T3b_H4_sweep_hi_short_loose,3,,62724.0,63664.86,60842.28,940.8600000000006,2.0,,,,3162.4,1222.68,,,,,,,0.514,,,,,80.14,-2.07,2.15,0.15,47.38,75.79,bull,bull,0.20620000000000002,0.9781,,,,63664.86,sl_hit,1,-3373.22,-0.016,-1.0666666666666669,63.25,,binance,1.0,backfilled from scheme_i_plus_trades.csv; scheme_i weights T1=1.0 T2=0.75 T3=0.5 T4=0 dropped; 5%/R risk; FEE=0.001; sig_rsi=80.14 sig_dist_ema200=-2.07 d_rsi=47.38 w_rsi=75.79; equity_after=123122.62557158912 dd_pct=-8.429946365804774
si+-20240516180000-0180,backtest_scheme_i_plus_c3c5,binance,BTCUSDT,1h,2024-05-16T18:00:00Z,,long,T3a_H1_fail_brkdn_long,T3a_H1_fail_brkdn_long,3,,65122.19,64340.72,66750.24,781.4700000000012,2.0833173378376655,,,,3078.07,504.29,,,,,,,1.126,,,,,41.03,3.42,0.75,0.34,64.68,70.58,bull,bull,0.2208,1.0093,,,,66750.24,tp_hit,19,6156.13,0.024,2.0,61.56,,binance,1.0,backfilled from scheme_i_plus_trades.csv; scheme_i weights T1=1.0 T2=0.75 T3=0.5 T4=0 dropped; 5%/R risk; FEE=0.001; sig_rsi=41.03 sig_dist_ema200=3.42 d_rsi=64.68 w_rsi=70.58; equity_after=129278.7568501686 dd_pct=-3.851443684095013
si+-20240521200000-0181,backtest_scheme_i_plus_c3c5,binance,BTCUSDT,1h,2024-05-21T20:00:00Z,,long,T3a_H1_fail_brkdn_long,T3a_H1_fail_brkdn_long,3,,69727.0,68890.28,71470.17,836.7200000000012,2.0833373171431253,,,,3231.97,507.96,,,,,,,0.496,,,,,29.92,4.81,0.73,0.838,66.75,69.46,bull,bull,0.29510000000000003,1.055,,,,68890.28,sl_hit,24,-3501.3,-0.013,-1.0833333333333333,64.64,,binance,1.0,backfilled from scheme_i_plus_trades.csv; scheme_i weights T1=1.0 T2=0.75 T3=0.5 T4=0 dropped; 5%/R risk; FEE=0.001; sig_rsi=29.92 sig_dist_ema200=4.81 d_rsi=66.75 w_rsi=69.46; equity_after=125777.45718547652 dd_pct=-6.455467084317434
si+-20240531100000-0182,backtest_scheme_i_plus_c3c5,binance,BTCUSDT,1h,2024-05-31T10:00:00Z,,long,T3a_H1_fail_brkdn_long,T3a_H1_fail_brkdn_long,3,,68333.33,67513.33,70041.66,820.0,2.083329268292685,,,,3144.44,249.42,,,,,,,0.93,,,,,44.9,0.09,0.09,0.95,51.64,68.92,bull,bull,0.2164,1.012,,,,67513.33,sl_hit,3,-3406.47,-0.013,-1.0833333333333333,62.89,,binance,1.0,backfilled from scheme_i_plus_trades.csv; scheme_i weights T1=1.0 T2=0.75 T3=0.5 T4=0 dropped; 5%/R risk; FEE=0.001; sig_rsi=44.9 sig_dist_ema200=0.09 d_rsi=51.64 w_rsi=68.92; equity_after=122370.9843867032 dd_pct=-8.988964850783853
si+-20240701160000-0183,backtest_scheme_i_plus_c3c5,binance,BTCUSDT,4h,2024-07-01T16:00:00Z,,short,T3b_H4_sweep_hi_short_loose,T3b_H4_sweep_hi_short_loose,3,,63226.78,64175.18,61329.98,948.4000000000015,1.9999999999999922,,,,3059.27,603.7,,,,,,,1.656,,,,,75.96,-2.3,1.58,0.105,36.64,27.98,bull,bull,0.08070000000000001,0.5897,,,,61329.98,tp_hit,7,5914.6,0.029,1.9333333333333336,61.19,,binance,1.0,backfilled from scheme_i_plus_trades.csv; scheme_i weights T1=1.0 T2=0.75 T3=0.5 T4=0 dropped; 5%/R risk; FEE=0.001; sig_rsi=75.96 sig_dist_ema200=-2.3 d_rsi=36.64 w_rsi=27.98; equity_after=128285.58196539384 dd_pct=-4.590098151905064
si+-20240708000000-0184,backtest_scheme_i_plus_c3c5,binance,BTCUSDT,1w,2024-07-08T00:00:00Z,,long,T1b_W_rsi_os_long,T1b_W_rsi_os_long,1,,60797.91,54718.12,75997.39,6079.790000000001,2.5000008223968253,,,,6414.28,6482.42,,,,,,,0.719,,,,,38.75,71.78,17.66,0.69,31.81,27.98,bear,bull,-0.0404,0.5897,,,,54718.12,sl_hit,3,-6478.42,-0.101,-1.01,128.29,,binance,1.0,backfilled from scheme_i_plus_trades.csv; scheme_i weights T1=1.0 T2=0.75 T3=0.5 T4=0 dropped; 5%/R risk; FEE=0.001; sig_rsi=38.75 sig_dist_ema200=71.78 d_rsi=31.81 w_rsi=27.98; equity_after=121807.16007614146 dd_pct=-9.408298195233854
si+-20240714080000-0185,backtest_scheme_i_plus_c3c5,binance,BTCUSDT,4h,2024-07-14T08:00:00Z,,short,T3b_H4_sweep_hi_short_loose,T3b_H4_sweep_hi_short_loose,3,,60099.1,61000.59,58296.13,901.489999999998,1.9999889072535526,,,,3045.18,745.37,,,,,,,0.778,,,,,81.7,-1.77,3.13,0.075,44.1,38.75,bull,bull,0.0444,0.7178,,,,61000.59,sl_hit,2,-3248.19,-0.016,-1.0666666666666669,60.9,,binance,1.0,backfilled from scheme_i_plus_trades.csv; scheme_i weights T1=1.0 T2=0.75 T3=0.5 T4=0 dropped; 5%/R risk; FEE=0.001; sig_rsi=81.7 sig_dist_ema200=-1.77 d_rsi=44.1 w_rsi=38.75; equity_after=118558.9691407777 dd_pct=-11.824076910027614
si+-20240723140000-0186,backtest_scheme_i_plus_c3c5,binance,BTCUSDT,1h,2024-07-23T14:00:00Z,,long,T3a_H1_fail_brkdn_long,T3a_H1_fail_brkdn_long,3,,67227.81,66421.08,68908.51,806.7299999999959,2.0833488279845866,,,,2963.97,504.66,,,,,,,2.089,,,,,46.75,2.95,0.2,0.835,74.83,54.03,bull,bull,0.1199,0.8936,,,,66421.08,sl_hit,0,-3210.97,-0.013,-1.0833333333333333,59.28,,binance,1.0,backfilled from scheme_i_plus_trades.csv; scheme_i weights T1=1.0 T2=0.75 T3=0.5 T4=0 dropped; 5%/R risk; FEE=0.001; sig_rsi=46.75 sig_dist_ema200=2.95 d_rsi=74.83 w_rsi=54.03; equity_after=115347.99705988164 dd_pct=-14.212174827047708
si+-20240805000000-0187,backtest_scheme_i_plus_c3c5,binance,BTCUSDT,1w,2024-08-05T00:00:00Z,,long,C5_W_hammer_20w_low_long,C5_W_hammer_20w_low_long,1,,58712.59,52841.33,73390.74,5871.259999999995,2.5000000000000036,,,,5767.4,7050.5,,,,,,,1.651,,,,,44.59,60.92,10.02,0.04,20.96,44.98,bear,bull,-0.0233,0.6039,,,,52841.33,sl_hit,3,-5825.07,-0.101,-1.01,115.35,,binance,1.0,backfilled from scheme_i_plus_trades.csv; scheme_i weights T1=1.0 T2=0.75 T3=0.5 T4=0 dropped; 5%/R risk; FEE=0.001; sig_rsi=44.59 sig_dist_ema200=60.92 d_rsi=20.96 w_rsi=44.98; equity_after=109522.92320835762 dd_pct=-18.54445999828178
si+-20240808160000-0188,backtest_scheme_i_plus_c3c5,binance,BTCUSDT,4h,2024-08-08T16:00:00Z,,short,T3b_H4_sweep_hi_short_loose,T3b_H4_sweep_hi_short_loose,3,,59414.52,60305.74,57632.08,891.2200000000012,1.9999999999999918,,,,2738.07,1409.25,,,,,,,0.673,,,,,70.76,-4.66,0.5,0.022,42.55,44.59,bull,bull,0.0378,0.6092,,,,60305.74,sl_hit,0,-2920.61,-0.016,-1.0666666666666669,54.76,,binance,1.0,backfilled from scheme_i_plus_trades.csv; scheme_i weights T1=1.0 T2=0.75 T3=0.5 T4=0 dropped; 5%/R risk; FEE=0.001; sig_rsi=70.76 sig_dist_ema200=-4.66 d_rsi=42.55 w_rsi=44.59; equity_after=106602.3119228014 dd_pct=-20.71660773166094
si+-20240818000000-0189,backtest_scheme_i_plus_c3c5,binance,BTCUSDT,4h,2024-08-18T00:00:00Z,,short,T3b_H4_sweep_hi_short_loose,T3b_H4_sweep_hi_short_loose,3,,59337.41,60227.47,57557.29,890.0599999999977,2.000000000000008,,,,2665.06,879.51,,,,,,,0.729,,,,,71.98,-2.95,0.09,0.161,47.69,46.73,bull,bull,0.0009,0.5918,,,,60227.47,sl_hit,2,-2842.73,-0.016,-1.0666666666666669,53.3,,binance,1.0,backfilled from scheme_i_plus_trades.csv; scheme_i weights T1=1.0 T2=0.75 T3=0.5 T4=0 dropped; 5%/R risk; FEE=0.001; sig_rsi=71.98 sig_dist_ema200=-2.95 d_rsi=47.69 w_rsi=46.73; equity_after=103759.58360486005 dd_pct=-22.83083152548331
si+-20240818120000-0190,backtest_scheme_i_plus_c3c5,binance,BTCUSDT,4h,2024-08-18T12:00:00Z,,short,T1d_H4_sweep_hi_short,T1d_H4_sweep_hi_short,1,,59863.99,61659.91,55673.51,1795.9200000000055,2.3333333333333237,,,,5187.98,717.29,,,,,,,0.61,,,,,65.14,-2.03,0.87,0.26,50.54,46.73,bear,bull,-0.0168,0.5918,,,,61659.91,sl_hit,19,-5360.91,-0.031,-1.0333333333333334,103.76,,binance,1.0,backfilled from scheme_i_plus_trades.csv; scheme_i weights T1=1.0 T2=0.75 T3=0.5 T4=0 dropped; 5%/R risk; FEE=0.001; sig_rsi=65.14 sig_dist_ema200=-2.03 d_rsi=50.54 w_rsi=46.73; equity_after=98398.6717852756 dd_pct=-26.817905230000004
si+-20240824220000-0191,backtest_scheme_i_plus_c3c5,binance,BTCUSDT,1h,2024-08-24T22:00:00Z,,long,T3a_H1_fail_brkdn_long,T3a_H1_fail_brkdn_long,3,,63833.98,63067.97,65429.83,766.010000000002,2.0833278938917172,,,,2459.97,340.86,,,,,,,1.212,,,,,39.0,4.64,1.3,0.515,58.84,47.85,bull,bull,0.0775,0.7367,,,,63067.97,sl_hit,40,-2664.96,-0.013,-1.0833333333333333,49.2,,binance,1.0,backfilled from scheme_i_plus_trades.csv; scheme_i weights T1=1.0 T2=0.75 T3=0.5 T4=0 dropped; 5%/R risk; FEE=0.001; sig_rsi=39.0 sig_dist_ema200=4.64 d_rsi=58.84 w_rsi=47.85; equity_after=95733.70775775771 dd_pct=-28.79992029668751
si+-20240909200000-0192,backtest_scheme_i_plus_c3c5,binance,BTCUSDT,4h,2024-09-09T20:00:00Z,,short,T3b_H4_sweep_hi_short_loose,T3b_H4_sweep_hi_short_loose,3,,57042.01,57897.64,55330.75,855.6299999999974,2.0000000000000084,,,,2393.34,828.49,,,,,,,1.256,,,,,70.14,-3.3,1.37,0.037,33.19,40.7,bear,bull,-0.0385,0.5738,,,,57897.64,sl_hit,4,-2552.9,-0.016,-1.0666666666666669,47.87,,binance,1.0,backfilled from scheme_i_plus_trades.csv; scheme_i weights T1=1.0 T2=0.75 T3=0.5 T4=0 dropped; 5%/R risk; FEE=0.001; sig_rsi=70.14 sig_dist_ema200=-3.3 d_rsi=33.19 w_rsi=40.7; equity_after=93180.80888421752 dd_pct=-30.69858908877584
si+-20240915180000-0193,backtest_scheme_i_plus_c3c5,binance,BTCUSDT,1h,2024-09-15T18:00:00Z,,long,T3a_H1_fail_brkdn_long,T3a_H1_fail_brkdn_long,3,,59971.09,59251.44,61470.37,719.6499999999942,2.0833460710067646,,,,2329.52,216.77,,,,,,,2.014,,,,,44.37,2.96,0.34,0.36,55.56,40.7,bear,bull,-0.0028000000000000004,0.5738,,,,59251.44,sl_hit,4,-2523.65,-0.013,-1.0833333333333333,46.59,,binance,1.0,backfilled from scheme_i_plus_trades.csv; scheme_i weights T1=1.0 T2=0.75 T3=0.5 T4=0 dropped; 5%/R risk; FEE=0.001; sig_rsi=44.37 sig_dist_ema200=2.96 d_rsi=55.56 w_rsi=40.7; equity_after=90657.16197693662 dd_pct=-32.57550230095484
si+-20241013120000-0194,backtest_scheme_i_plus_c3c5,binance,BTCUSDT,1h,2024-10-13T12:00:00Z,,long,T3a_H1_fail_brkdn_long,T3a_H1_fail_brkdn_long,3,,62664.01,61912.04,64230.61,751.9700000000012,2.0833277923321356,,,,2266.43,197.82,,,,,,,0.914,,,,,23.37,0.69,0.13,0.563,39.4,56.74,bull,bull,0.0461,0.6288,,,,64230.61,tp_hit,14,4532.86,0.024,2.0,45.33,,binance,1.0,backfilled from scheme_i_plus_trades.csv; scheme_i weights T1=1.0 T2=0.75 T3=0.5 T4=0 dropped; 5%/R risk; FEE=0.001; sig_rsi=23.37 sig_dist_ema200=0.69 d_rsi=39.4 w_rsi=56.74; equity_after=95190.02007578344 dd_pct=-29.204277416002576
si+-20241019120000-0195,backtest_scheme_i_plus_c3c5,binance,BTCUSDT,1h,2024-10-19T12:00:00Z,,long,T3a_H1_fail_brkdn_long,T3a_H1_fail_brkdn_long,3,,68222.0,67403.34,69927.55,818.6600000000035,2.083343512569315,,,,2379.75,159.76,,,,,,,0.546,,,,,50.68,3.36,0.33,0.73,75.33,57.73,bull,bull,0.12960000000000002,0.7745000000000001,,,,68207.27,time_exit,47,-241.15,-0.001216,-0.1013333333333333,47.6,,binance,1.0,backfilled from scheme_i_plus_trades.csv; scheme_i weights T1=1.0 T2=0.75 T3=0.5 T4=0 dropped; 5%/R risk; FEE=0.001; sig_rsi=50.68 sig_dist_ema200=3.36 d_rsi=75.33 w_rsi=57.73; equity_after=94948.8720249248 dd_pct=-29.38362657988204
si+-20241030130000-0196,backtest_scheme_i_plus_c3c5,binance,BTCUSDT,1h,2024-10-30T13:00:00Z,,long,T3a_H1_fail_brkdn_long,T3a_H1_fail_brkdn_long,3,,71966.0,71102.41,73765.15,863.5899999999965,2.0833381581537553,,,,2373.72,371.07,,,,,,,1.681,,,,,34.3,4.38,1.0,0.156,67.08,50.55,bull,bull,0.17850000000000002,0.7418,,,,71102.41,sl_hit,24,-2571.53,-0.013,-1.0833333333333333,47.47,,binance,1.0,backfilled from scheme_i_plus_trades.csv; scheme_i weights T1=1.0 T2=0.75 T3=0.5 T4=0 dropped; 5%/R risk; FEE=0.001; sig_rsi=34.3 sig_dist_ema200=4.38 d_rsi=67.08 w_rsi=50.55; equity_after=92377.34007424976 dd_pct=-31.296153360010223
si+-20241109170000-0197,backtest_scheme_i_plus_c3c5,binance,BTCUSDT,1h,2024-11-09T17:00:00Z,,long,T3a_H1_fail_brkdn_long,T3a_H1_fail_brkdn_long,3,,76238.77,75323.9,78144.74,914.8700000000099,2.083323313694821,,,,2309.43,236.58,,,,,,,1.472,,,,,45.88,4.36,0.38,0.289,74.76,72.63,bull,bull,0.22870000000000001,1.0147,,,,78144.74,tp_hit,10,4618.87,0.024,2.0,46.19,,binance,1.0,backfilled from scheme_i_plus_trades.csv; scheme_i weights T1=1.0 T2=0.75 T3=0.5 T4=0 dropped; 5%/R risk; FEE=0.001; sig_rsi=45.88 sig_dist_ema200=4.36 d_rsi=74.76 w_rsi=72.63; equity_after=96996.20707796224 dd_pct=-27.860961028010745
si+-20241114160000-0198,backtest_scheme_i_plus_c3c5,binance,BTCUSDT,1h,2024-11-14T16:00:00Z,,long,T3a_H1_fail_brkdn_long,T3a_H1_fail_brkdn_long,3,,89198.32,88127.94,91428.28,1070.3800000000047,2.083334890412734,,,,2424.91,1170.27,,,,,,,1.582,,,,,44.73,8.14,0.24,0.73,78.96,76.85,bull,bull,0.373,1.2247,,,,88127.94,sl_hit,3,-2626.98,-0.013,-1.0833333333333333,48.5,,binance,1.0,backfilled from scheme_i_plus_trades.csv; scheme_i weights T1=1.0 T2=0.75 T3=0.5 T4=0 dropped; 5%/R risk; FEE=0.001; sig_rsi=44.73 sig_dist_ema200=8.14 d_rsi=78.96 w_rsi=76.85; equity_after=94369.22646960078 dd_pct=-29.814726666835444
si+-20241122150000-0199,backtest_scheme_i_plus_c3c5,binance,BTCUSDT,1h,2024-11-22T15:00:00Z,,long,T3a_H1_fail_brkdn_long,T3a_H1_fail_brkdn_long,3,,98663.99,97480.02,101130.59,1183.9700000000012,2.08332981410001,,,,2359.23,720.59,,,,,,,1.606,,,,,55.42,6.91,1.73,0.847,84.73,80.01,bull,bull,0.501,1.39,,,,97480.02,sl_hit,25,-2555.83,-0.013,-1.0833333333333333,47.18,,binance,1.0,backfilled from scheme_i_plus_trades.csv; scheme_i weights T1=1.0 T2=0.75 T3=0.5 T4=0 dropped; 5%/R risk; FEE=0.001; sig_rsi=55.42 sig_dist_ema200=6.91 d_rsi=84.73 w_rsi=80.01; equity_after=91813.39325271574 dd_pct=-31.715577819608665
si+-20241212200000-0200,backtest_scheme_i_plus_c3c5,binance,BTCUSDT,1h,2024-12-12T20:00:00Z,,long,T3a_H1_fail_brkdn_long,T3a_H1_fail_brkdn_long,3,,100028.02,98827.68,102528.72,1200.340000000011,2.0833263908559023,,,,2295.33,788.82,,,,,,,1.197,,,,,45.2,1.32,0.14,0.547,59.19,92.31,bull,bull,0.3968,1.4445,,,,102528.72,tp_hit,28,4590.67,0.024,2.0,45.91,,binance,1.0,backfilled from scheme_i_plus_trades.csv; scheme_i weights T1=1.0 T2=0.75 T3=0.5 T4=0 dropped; 5%/R risk; FEE=0.001; sig_rsi=45.2 sig_dist_ema200=1.32 d_rsi=59.19 w_rsi=92.31; equity_after=96404.06291535152 dd_pct=-28.301356710589086
si+-20241214210000-0201,backtest_scheme_i_plus_c3c5,binance,BTCUSDT,1h,2024-12-14T21:00:00Z,,long,T3a_H1_fail_brkdn_long,T3a_H1_fail_brkdn_long,3,,101074.68,99861.78,103601.55,1212.8999999999942,2.083329210981962,,,,2410.1,436.18,,,,,,,0.568,,,,,38.44,1.47,0.07,0.737,61.25,92.31,bull,bull,0.405,1.4445,,,,103601.55,tp_hit,25,4820.2,0.024,2.0,48.2,,binance,1.0,backfilled from scheme_i_plus_trades.csv; scheme_i weights T1=1.0 T2=0.75 T3=0.5 T4=0 dropped; 5%/R risk; FEE=0.001; sig_rsi=38.44 sig_dist_ema200=1.47 d_rsi=61.25 w_rsi=92.31; equity_after=101224.26606111912 dd_pct=-24.71642454611853
si+-20250116150000-0202,backtest_scheme_i_plus_c3c5,binance,BTCUSDT,1h,2025-01-16T15:00:00Z,,long,T3a_H1_fail_brkdn_long,T3a_H1_fail_brkdn_long,3,,99296.17,98104.62,101778.57,1191.550000000003,2.0833368301791806,,,,2530.61,756.88,,,,,,,2.17,,,,,43.69,3.09,1.15,0.854,56.32,77.09,bull,bull,0.2622,1.2337,,,,101778.57,tp_hit,9,5061.21,0.024,2.0,50.61,,binance,1.0,backfilled from scheme_i_plus_trades.csv; scheme_i weights T1=1.0 T2=0.75 T3=0.5 T4=0 dropped; 5%/R risk; FEE=0.001; sig_rsi=43.69 sig_dist_ema200=3.09 d_rsi=56.32 w_rsi=77.09; equity_after=106285.47936417507 dd_pct=-20.952245773424465
si+-20250131030000-0203,backtest_scheme_i_plus_c3c5,binance,BTCUSDT,1h,2025-01-31T03:00:00Z,,long,T3a_H1_fail_brkdn_long,T3a_H1_fail_brkdn_long,3,,104344.46,103092.33,106953.07,1252.1300000000047,2.08333799206152,,,,2657.14,708.31,,,,,,,1.158,,,,,43.96,0.94,0.12,0.006,46.14,75.4,bull,bull,0.2401,1.2341,,,,103092.33,sl_hit,14,-2878.57,-0.013,-1.0833333333333333,53.14,,binance,1.0,backfilled from scheme_i_plus_trades.csv; scheme_i weights T1=1.0 T2=0.75 T3=0.5 T4=0 dropped; 5%/R risk; FEE=0.001; sig_rsi=43.96 sig_dist_ema200=0.94 d_rsi=46.14 w_rsi=75.4; equity_after=103406.914298062 dd_pct=-23.09312245039421
si+-20250220120000-0204,backtest_scheme_i_plus_c3c5,binance,BTCUSDT,4h,2025-02-20T12:00:00Z,,short,T3b_H4_sweep_hi_short_loose,T3b_H4_sweep_hi_short_loose,3,,96903.76,98357.32,93996.65,1453.5600000000122,1.9999931203390133,,,,2585.17,1112.77,,,,,,,1.403,,,,,61.12,-1.26,0.34,0.241,57.55,63.37,bull,bull,0.1532,1.0298,,,,98357.32,sl_hit,0,-2757.52,-0.016,-1.0666666666666669,51.7,,binance,1.0,backfilled from scheme_i_plus_trades.csv; scheme_i weights T1=1.0 T2=0.75 T3=0.5 T4=0 dropped; 5%/R risk; FEE=0.001; sig_rsi=61.12 sig_dist_ema200=-1.26 d_rsi=57.55 w_rsi=63.37; equity_after=100649.396583447 dd_pct=-25.143972518383706
si+-20250228000000-0205,backtest_scheme_i_plus_c3c5,binance,BTCUSDT,1d,2025-02-28T00:00:00Z,,long,T2a_D_hammer_long,T2a_D_hammer_long,2,,84349.95,80132.45,94471.94,4217.5,2.399997628927091,,,,3774.35,3502.66,,,,,,,3.005,,,,,17.47,-1.49,-11.84,0.052,21.32,63.37,bear,bull,-0.0109,1.0298,,,,94471.94,tp_hit,1,8982.96,0.119,2.38,75.49,,binance,1.0,backfilled from scheme_i_plus_trades.csv; scheme_i weights T1=1.0 T2=0.75 T3=0.5 T4=0 dropped; 5%/R risk; FEE=0.001; sig_rsi=17.47 sig_dist_ema200=-1.49 d_rsi=21.32 w_rsi=63.37; equity_after=109632.35522851968 dd_pct=-18.463072065649445
si+-20250303150000-0206,backtest_scheme_i_plus_c3c5,binance,BTCUSDT,1h,2025-03-03T15:00:00Z,,long,T3a_H1_fail_brkdn_long,T3a_H1_fail_brkdn_long,3,,90035.38,88954.96,92286.26,1080.4199999999983,2.0833379611632457,,,,2740.81,1294.92,,,,,,,2.797,,,,,37.24,1.0,0.27,0.352,36.84,43.03,bull,bull,0.0058,0.6906,,,,88954.96,sl_hit,2,-2969.21,-0.013,-1.0833333333333333,54.82,,binance,1.0,backfilled from scheme_i_plus_trades.csv; scheme_i weights T1=1.0 T2=0.75 T3=0.5 T4=0 dropped; 5%/R risk; FEE=0.001; sig_rsi=37.24 sig_dist_ema200=1.0 d_rsi=36.84 w_rsi=43.03; equity_after=106663.14560774724 dd_pct=-20.67136386387145
si+-20250320000000-0207,backtest_scheme_i_plus_c3c5,binance,BTCUSDT,4h,2025-03-20T00:00:00Z,,short,T3b_H4_sweep_hi_short_loose,T3b_H4_sweep_hi_short_loose,3,,85891.01,87179.38,83314.28,1288.37000000001,1.99999223825452,,,,2666.58,1235.44,,,,,,,1.229,,,,,57.74,-2.25,2.45,0.521,44.03,41.05,bull,bull,0.015300000000000001,0.7757,,,,83314.28,tp_hit,8,5155.39,0.029,1.9333333333333336,53.33,,binance,1.0,backfilled from scheme_i_plus_trades.csv; scheme_i weights T1=1.0 T2=0.75 T3=0.5 T4=0 dropped; 5%/R risk; FEE=0.001; sig_rsi=57.74 sig_dist_ema200=-2.25 d_rsi=44.03 w_rsi=41.05; equity_after=111818.53097878836 dd_pct=-16.83714645062523
si+-20250325040000-0208,backtest_scheme_i_plus_c3c5,binance,BTCUSDT,1h,2025-03-25T04:00:00Z,,long,T3a_H1_fail_brkdn_long,T3a_H1_fail_brkdn_long,3,,86547.16,85508.59,88710.84,1038.570000000007,2.0833261118653326,,,,2795.46,571.64,,,,,,,0.525,,,,,31.76,1.84,0.05,0.074,60.17,34.86,bull,bull,0.0217,0.6878,,,,87521.61,time_exit,47,2389.89,0.010259,0.8549166666666667,55.91,,binance,1.0,backfilled from scheme_i_plus_trades.csv; scheme_i weights T1=1.0 T2=0.75 T3=0.5 T4=0 dropped; 5%/R risk; FEE=0.001; sig_rsi=31.76 sig_dist_ema200=1.84 d_rsi=60.17 w_rsi=34.86; equity_after=114208.41912318712 dd_pct=-15.059713711952227
si+-20250407000000-0209,backtest_scheme_i_plus_c3c5,binance,BTCUSDT,1w,2025-04-07T00:00:00Z,,long,T1b_W_rsi_os_long,T1b_W_rsi_os_long,1,,83760.0,75384.0,104700.0,8376.0,2.5,,,,5710.42,9803.4,,,,,,,1.369,,,,,40.23,69.37,9.38,0.46,30.29,29.14,bear,bull,-0.08070000000000001,0.597,,,,104700.0,tp_hit,3,14218.95,0.249,2.49,114.21,,binance,1.0,backfilled from scheme_i_plus_trades.csv; scheme_i weights T1=1.0 T2=0.75 T3=0.5 T4=0 dropped; 5%/R risk; FEE=0.001; sig_rsi=40.23 sig_dist_ema200=69.37 d_rsi=30.29 w_rsi=29.14; equity_after=128427.36730402394 dd_pct=-4.484648069090258
si+-20250409200000-0210,backtest_scheme_i_plus_c3c5,binance,BTCUSDT,4h,2025-04-09T20:00:00Z,,short,T3b_H4_sweep_hi_short_loose,T3b_H4_sweep_hi_short_loose,3,,82615.22,83854.45,80136.76,1239.229999999996,2.0000000000000115,,,,3210.68,2233.02,,,,,,,1.16,,,,,61.24,-1.93,2.31,0.177,42.13,40.23,bear,bull,-0.0296,0.6937000000000001,,,,80136.76,tp_hit,3,6207.32,0.029,1.9333333333333336,64.21,,binance,1.0,backfilled from scheme_i_plus_trades.csv; scheme_i weights T1=1.0 T2=0.75 T3=0.5 T4=0 dropped; 5%/R risk; FEE=0.001; sig_rsi=61.24 sig_dist_ema200=-1.93 d_rsi=42.13 w_rsi=40.23; equity_after=134634.69005705175 dd_pct=0.0
si+-20250411200000-0211,backtest_scheme_i_plus_c3c5,binance,BTCUSDT,4h,2025-04-11T20:00:00Z,,short,T3b_H4_sweep_hi_short_loose,T3b_H4_sweep_hi_short_loose,3,,83423.83,84675.19,80921.12,1251.3600000000006,1.9999920086945446,,,,3365.87,1934.58,,,,,,,0.363,,,,,70.01,-0.6,2.92,0.382,48.38,40.23,bear,bull,-0.019299999999999998,0.6937000000000001,,,,84675.19,sl_hit,3,-3590.26,-0.016,-1.0666666666666669,67.32,,binance,1.0,backfilled from scheme_i_plus_trades.csv; scheme_i weights T1=1.0 T2=0.75 T3=0.5 T4=0 dropped; 5%/R risk; FEE=0.001; sig_rsi=70.01 sig_dist_ema200=-0.6 d_rsi=48.38 w_rsi=40.23; equity_after=131044.43165553038 dd_pct=-2.6666666666666505
si+-20250413140000-0212,backtest_scheme_i_plus_c3c5,binance,BTCUSDT,1h,2025-04-13T14:00:00Z,,long,T3a_H1_fail_brkdn_long,T3a_H1_fail_brkdn_long,3,,84093.22,83084.1,86195.55,1009.1199999999953,2.083330030125269,,,,3276.11,602.05,,,,,,,0.809,,,,,32.17,2.3,0.23,0.72,52.12,40.23,bear,bull,-0.0152,0.6937000000000001,,,,83084.1,sl_hit,4,-3549.12,-0.013,-1.0833333333333333,65.52,,binance,1.0,backfilled from scheme_i_plus_trades.csv; scheme_i weights T1=1.0 T2=0.75 T3=0.5 T4=0 dropped; 5%/R risk; FEE=0.001; sig_rsi=32.17 sig_dist_ema200=2.3 d_rsi=52.12 w_rsi=40.23; equity_after=127495.31163152642 dd_pct=-5.302777777777779
si+-20250503040000-0213,backtest_scheme_i_plus_c3c5,binance,BTCUSDT,1h,2025-05-03T04:00:00Z,,long,T3a_H1_fail_brkdn_long,T3a_H1_fail_brkdn_long,3,,96519.04,95360.81,98932.02,1158.229999999996,2.0833340528219946,,,,3187.38,369.06,,,,,,,0.416,,,,,25.3,2.14,0.11,0.645,83.07,49.77,bull,bull,0.1127,0.86,,,,95360.81,sl_hit,29,-3453.0,-0.013,-1.0833333333333333,63.75,,binance,1.0,backfilled from scheme_i_plus_trades.csv; scheme_i weights T1=1.0 T2=0.75 T3=0.5 T4=0 dropped; 5%/R risk; FEE=0.001; sig_rsi=25.3 sig_dist_ema200=2.14 d_rsi=83.07 w_rsi=49.77; equity_after=124042.31360817258 dd_pct=-7.8674942129629555
si+-20250608100000-0214,backtest_scheme_i_plus_c3c5,binance,BTCUSDT,1h,2025-06-08T10:00:00Z,,long,T3a_H1_fail_brkdn_long,T3a_H1_fail_brkdn_long,3,,105357.64,104093.35,107991.58,1264.2899999999936,2.083335310727773,,,,3101.06,242.09,,,,,,,2.193,,,,,36.59,0.26,0.3,0.421,39.99,57.57,bull,bull,0.1524,0.9803000000000001,,,,107991.58,tp_hit,27,6202.12,0.024,2.0,62.02,,binance,1.0,backfilled from scheme_i_plus_trades.csv; scheme_i weights T1=1.0 T2=0.75 T3=0.5 T4=0 dropped; 5%/R risk; FEE=0.001; sig_rsi=36.59 sig_dist_ema200=0.26 d_rsi=39.99 w_rsi=57.57; equity_after=130244.42928858122 dd_pct=-3.2608689236111044
si+-20250622000000-0215,backtest_scheme_i_plus_c3c5,binance,BTCUSDT,1d,2025-06-22T00:00:00Z,,long,T2a_D_hammer_long,T2a_D_hammer_long,2,,100963.87,95915.68,113079.53,5048.190000000002,2.400000792363203,,,,4884.17,3149.67,,,,,,,1.899,,,,,36.8,7.92,-1.99,0.222,39.96,68.41,bull,bull,0.0924,0.8565999999999999,,,,113079.53,tp_hit,17,11624.32,0.119,2.38,97.68,,binance,1.0,backfilled from scheme_i_plus_trades.csv; scheme_i weights T1=1.0 T2=0.75 T3=0.5 T4=0 dropped; 5%/R risk; FEE=0.001; sig_rsi=36.8 sig_dist_ema200=7.92 d_rsi=39.96 w_rsi=68.41; equity_after=141868.7446025871 dd_pct=0.0
si+-20250712160000-0216,backtest_scheme_i_plus_c3c5,binance,BTCUSDT,1h,2025-07-12T16:00:00Z,,long,T3a_H1_fail_brkdn_long,T3a_H1_fail_brkdn_long,3,,117191.08,115784.79,120120.86,1406.2900000000081,2.0833398516664285,,,,3546.72,362.56,,,,,,,0.703,,,,,40.69,4.59,0.7,0.257,74.37,85.71,bull,bull,0.2177,1.1231,,,,120120.86,tp_hit,34,7093.44,0.024,2.0,70.93,,binance,1.0,backfilled from scheme_i_plus_trades.csv; scheme_i weights T1=1.0 T2=0.75 T3=0.5 T4=0 dropped; 5%/R risk; FEE=0.001; sig_rsi=40.69 sig_dist_ema200=4.59 d_rsi=74.37 w_rsi=85.71; equity_after=148962.18183271645 dd_pct=0.0
si+-20250808160000-0217,backtest_scheme_i_plus_c3c5,binance,BTCUSDT,1h,2025-08-08T16:00:00Z,,long,T3a_H1_fail_brkdn_long,T3a_H1_fail_brkdn_long,3,,116193.63,114799.31,119098.47,1394.320000000007,2.083338114636512,,,,3724.05,408.93,,,,,,,0.753,,,,,41.08,0.57,0.1,0.039,47.11,72.6,bull,bull,0.1515,1.0392000000000001,,,,119098.47,tp_hit,46,7448.11,0.024,2.0,74.48,,binance,1.0,backfilled from scheme_i_plus_trades.csv; scheme_i weights T1=1.0 T2=0.75 T3=0.5 T4=0 dropped; 5%/R risk; FEE=0.001; sig_rsi=41.08 sig_dist_ema200=0.57 d_rsi=47.11 w_rsi=72.6; equity_after=156410.29092435227 dd_pct=0.0
si+-20250811000000-0218,backtest_scheme_i_plus_c3c5,binance,BTCUSDT,1w,2025-08-11T00:00:00Z,,short,T2b_W_sweep_hi_short,T2b_W_sweep_hi_short,2,,117405.01,126797.41,93924.01,9392.400000000009,2.499999999999998,,,,5865.39,7873.65,,,,,,,0.922,,,,,64.02,98.7,25.82,0.246,49.65,72.6,bull,bull,0.1736,1.0392000000000001,,,,114559.4,time_exit,9,1703.75,0.023238,0.290475,117.31,,binance,1.0,backfilled from scheme_i_plus_trades.csv; scheme_i weights T1=1.0 T2=0.75 T3=0.5 T4=0 dropped; 5%/R risk; FEE=0.001; sig_rsi=64.02 sig_dist_ema200=98.7 d_rsi=49.65 w_rsi=72.6; equity_after=158114.03889646172 dd_pct=0.0
si+-20250828120000-0219,backtest_scheme_i_plus_c3c5,binance,BTCUSDT,4h,2025-08-28T12:00:00Z,,short,T3b_H4_sweep_hi_short_loose,T3b_H4_sweep_hi_short_loose,3,,112678.53,114368.71,109298.17,1690.1800000000076,1.9999999999999913,,,,3952.85,1209.62,,,,,,,1.051,,,,,64.42,-1.98,-0.3,0.211,37.78,49.27,bull,bull,0.0832,0.8007,,,,109298.17,tp_hit,5,7642.18,0.029,1.9333333333333336,79.06,,binance,1.0,backfilled from scheme_i_plus_trades.csv; scheme_i weights T1=1.0 T2=0.75 T3=0.5 T4=0 dropped; 5%/R risk; FEE=0.001; sig_rsi=64.42 sig_dist_ema200=-1.98 d_rsi=37.78 w_rsi=49.27; equity_after=165756.21744312404 dd_pct=0.0
si+-20250903000000-0220,backtest_scheme_i_plus_c3c5,binance,BTCUSDT,4h,2025-09-03T00:00:00Z,,short,T3b_H4_sweep_hi_short_loose,T3b_H4_sweep_hi_short_loose,3,,111054.0,112719.81,107722.38,1665.8099999999977,2.0,,,,4143.91,1394.99,,,,,,,0.961,,,,,64.05,-2.08,0.51,0.209,46.87,55.37,bull,bull,0.0678,0.8334,,,,112719.81,sl_hit,12,-4420.17,-0.016,-1.0666666666666669,82.88,,binance,1.0,backfilled from scheme_i_plus_trades.csv; scheme_i weights T1=1.0 T2=0.75 T3=0.5 T4=0 dropped; 5%/R risk; FEE=0.001; sig_rsi=64.05 sig_dist_ema200=-2.08 d_rsi=46.87 w_rsi=55.37; equity_after=161336.05164464074 dd_pct=-2.6666666666666616
si+-20250913170000-0221,backtest_scheme_i_plus_c3c5,binance,BTCUSDT,1h,2025-09-13T17:00:00Z,,long,T3a_H1_fail_brkdn_long,T3a_H1_fail_brkdn_long,3,,115571.79,114184.93,118461.08,1386.8600000000006,2.083332131577814,,,,4033.4,278.1,,,,,,,1.174,,,,,38.92,1.95,0.2,0.584,78.32,58.63,bull,bull,0.1033,0.8845999999999999,,,,115120.03,time_exit,47,-1650.0,-0.004909,-0.4090833333333333,80.67,,binance,1.0,backfilled from scheme_i_plus_trades.csv; scheme_i weights T1=1.0 T2=0.75 T3=0.5 T4=0 dropped; 5%/R risk; FEE=0.001; sig_rsi=38.92 sig_dist_ema200=1.95 d_rsi=78.32 w_rsi=58.63; equity_after=159686.05439980005 dd_pct=-3.662102777777765
si+-20251004190000-0222,backtest_scheme_i_plus_c3c5,binance,BTCUSDT,1h,2025-10-04T19:00:00Z,,long,T3a_H1_fail_brkdn_long,T3a_H1_fail_brkdn_long,3,,121959.25,120495.74,125008.23,1463.5099999999948,2.083333902740676,,,,3992.15,315.45,,,,,,,0.576,,,,,37.26,4.25,0.7,1.0,64.42,63.16,bull,bull,0.14400000000000002,0.9659,,,,125008.23,tp_hit,8,7984.3,0.024,2.0,79.84,,binance,1.0,backfilled from scheme_i_plus_trades.csv; scheme_i weights T1=1.0 T2=0.75 T3=0.5 T4=0 dropped; 5%/R risk; FEE=0.001; sig_rsi=37.26 sig_dist_ema200=4.25 d_rsi=64.42 w_rsi=63.16; equity_after=167670.35711979005 dd_pct=0.0
si+-20251019090000-0223,backtest_scheme_i_plus_c3c5,binance,BTCUSDT,1h,2025-10-19T09:00:00Z,,long,T3a_H1_fail_brkdn_long,T3a_H1_fail_brkdn_long,3,,107401.47,106112.65,110086.51,1288.820000000007,2.083332040160751,,,,4191.76,496.88,,,,,,,5.423,,,,,55.26,-3.11,0.13,0.454,28.56,41.52,bull,bull,0.005600000000000001,0.7033,,,,110086.51,tp_hit,17,8383.52,0.024,2.0,83.84,,binance,1.0,backfilled from scheme_i_plus_trades.csv; scheme_i weights T1=1.0 T2=0.75 T3=0.5 T4=0 dropped; 5%/R risk; FEE=0.001; sig_rsi=55.26 sig_dist_ema200=-3.11 d_rsi=28.56 w_rsi=41.52; equity_after=176053.8749757796 dd_pct=0.0
si+-20251020080000-0224,backtest_scheme_i_plus_c3c5,binance,BTCUSDT,4h,2025-10-20T08:00:00Z,,short,T3b_H4_sweep_hi_short_loose,T3b_H4_sweep_hi_short_loose,3,,111016.75,112682.0,107686.25,1665.25,2.0,,,,4401.35,1129.97,,,,,,,0.943,,,,,77.81,-2.6,0.43,0.143,30.0,47.94,bull,bull,0.022799999999999997,0.782,,,,107686.25,tp_hit,4,8509.27,0.029,1.9333333333333336,88.03,,binance,1.0,backfilled from scheme_i_plus_trades.csv; scheme_i weights T1=1.0 T2=0.75 T3=0.5 T4=0 dropped; 5%/R risk; FEE=0.001; sig_rsi=77.81 sig_dist_ema200=-2.6 d_rsi=30.0 w_rsi=47.94; equity_after=184563.1455996089 dd_pct=0.0
si+-20251027230000-0225,backtest_scheme_i_plus_c3c5,binance,BTCUSDT,1h,2025-10-27T23:00:00Z,,long,T3a_H1_fail_brkdn_long,T3a_H1_fail_brkdn_long,3,,114107.65,112738.36,116960.34,1369.2899999999936,2.0833351590970617,,,,4614.08,538.63,,,,,,,0.787,,,,,34.61,2.1,0.13,0.012,47.72,43.43,bull,bull,0.053899999999999997,0.7071999999999999,,,,112738.36,sl_hit,20,-4998.59,-0.013,-1.0833333333333333,92.28,,binance,1.0,backfilled from scheme_i_plus_trades.csv; scheme_i weights T1=1.0 T2=0.75 T3=0.5 T4=0 dropped; 5%/R risk; FEE=0.001; sig_rsi=34.61 sig_dist_ema200=2.1 d_rsi=47.72 w_rsi=43.43; equity_after=179564.56040628615 dd_pct=-2.708333333333346
si+-20251124200000-0226,backtest_scheme_i_plus_c3c5,binance,BTCUSDT,4h,2025-11-24T20:00:00Z,,short,T3b_H4_sweep_hi_short_loose,T3b_H4_sweep_hi_short_loose,3,,88300.01,89624.51,85651.01,1324.5,2.0,,,,4489.11,1330.35,,,,,,,0.83,,,,,73.61,-11.04,-1.05,0.028,18.74,35.3,bear,bull,-0.16690000000000002,0.3713,,,,89624.51,sl_hit,10,-4788.39,-0.016,-1.0666666666666669,89.78,,binance,1.0,backfilled from scheme_i_plus_trades.csv; scheme_i weights T1=1.0 T2=0.75 T3=0.5 T4=0 dropped; 5%/R risk; FEE=0.001; sig_rsi=73.61 sig_dist_ema200=-11.04 d_rsi=18.74 w_rsi=35.3; equity_after=174776.1721287852 dd_pct=-5.30277777777779
si+-20251203040000-0227,backtest_scheme_i_plus_c3c5,binance,BTCUSDT,4h,2025-12-03T04:00:00Z,,short,T3b_H4_sweep_hi_short_loose,T3b_H4_sweep_hi_short_loose,3,,93000.0,94395.0,90210.0,1395.0,2.0,,,,4369.4,1872.57,,,,,,,1.117,,,,,58.43,-2.55,3.87,0.278,53.41,37.86,bear,bull,-0.10710000000000001,0.3668,,,,90210.0,tp_hit,13,8447.51,0.029,1.9333333333333336,87.39,,binance,1.0,backfilled from scheme_i_plus_trades.csv; scheme_i weights T1=1.0 T2=0.75 T3=0.5 T4=0 dropped; 5%/R risk; FEE=0.001; sig_rsi=58.43 sig_dist_ema200=-2.55 d_rsi=53.41 w_rsi=37.86; equity_after=183223.68711500985 dd_pct=-0.7257453703703787
si+-20251204150000-0228,backtest_scheme_i_plus_c3c5,binance,BTCUSDT,1h,2025-12-04T15:00:00Z,,long,T3a_H1_fail_brkdn_long,T3a_H1_fail_brkdn_long,3,,92971.49,91855.83,95295.78,1115.6600000000035,2.0833318394492824,,,,4580.59,644.99,,,,,,,1.944,,,,,47.84,2.76,0.87,0.786,61.38,37.86,bear,bull,-0.11900000000000001,0.3668,,,,91855.83,sl_hit,1,-4962.31,-0.013,-1.0833333333333333,91.61,,binance,1.0,backfilled from scheme_i_plus_trades.csv; scheme_i weights T1=1.0 T2=0.75 T3=0.5 T4=0 dropped; 5%/R risk; FEE=0.001; sig_rsi=47.84 sig_dist_ema200=2.76 d_rsi=61.38 w_rsi=37.86; equity_after=178261.37892231162 dd_pct=-3.414423099922858
si+-20251221140000-0229,backtest_scheme_i_plus_c3c5,binance,BTCUSDT,1h,2025-12-21T14:00:00Z,,long,T3a_H1_fail_brkdn_long,T3a_H1_fail_brkdn_long,3,,88065.19,87008.41,90266.82,1056.7799999999988,2.083338064687075,,,,4456.53,369.47,,,,,,,1.97,,,,,44.94,-0.17,0.0,0.741,44.72,30.77,bear,bull,-0.1317,0.33159999999999995,,,,90266.82,tp_hit,21,8913.07,0.024,2.0,89.13,,binance,1.0,backfilled from scheme_i_plus_trades.csv; scheme_i weights T1=1.0 T2=0.75 T3=0.5 T4=0 dropped; 5%/R risk; FEE=0.001; sig_rsi=44.94 sig_dist_ema200=-0.17 d_rsi=44.72 w_rsi=30.77; equity_after=187174.44786842723 dd_pct=0.0
si+-20251222120000-0230,backtest_scheme_i_plus_c3c5,binance,BTCUSDT,4h,2025-12-22T12:00:00Z,,short,T3b_H4_sweep_hi_short_loose,T3b_H4_sweep_hi_short_loose,3,,89726.93,91072.83,87035.12,1345.9000000000087,2.0000074299724946,,,,4679.36,747.29,,,,,,,2.133,,,,,69.44,-1.58,1.47,0.157,43.8,30.47,bear,bull,-0.131,0.31679999999999997,,,,87035.12,tp_hit,5,9046.76,0.029,1.9333333333333336,93.59,,binance,1.0,backfilled from scheme_i_plus_trades.csv; scheme_i weights T1=1.0 T2=0.75 T3=0.5 T4=0 dropped; 5%/R risk; FEE=0.001; sig_rsi=69.44 sig_dist_ema200=-1.58 d_rsi=43.8 w_rsi=30.47; equity_after=196221.21284873452 dd_pct=0.0
si+-20251226040000-0231,backtest_scheme_i_plus_c3c5,binance,BTCUSDT,4h,2025-12-26T04:00:00Z,,short,T3b_H4_sweep_hi_short_loose,T3b_H4_sweep_hi_short_loose,3,,88470.75,89797.81,85816.63,1327.0599999999977,2.0,,,,4905.53,899.6,,,,,,,1.649,,,,,58.04,-2.24,0.47,0.307,38.59,30.47,bear,bull,-0.1384,0.31679999999999997,,,,89797.81,sl_hit,16,-5232.57,-0.016,-1.0666666666666669,98.11,,binance,1.0,backfilled from scheme_i_plus_trades.csv; scheme_i weights T1=1.0 T2=0.75 T3=0.5 T4=0 dropped; 5%/R risk; FEE=0.001; sig_rsi=58.04 sig_dist_ema200=-2.24 d_rsi=38.59 w_rsi=30.47; equity_after=190988.64717276828 dd_pct=-2.6666666666666727
si+-20251229040000-0232,backtest_scheme_i_plus_c3c5,binance,BTCUSDT,4h,2025-12-29T04:00:00Z,,short,T1d_H4_sweep_hi_short,T1d_H4_sweep_hi_short,1,,89617.71,92306.24,83344.47,2688.529999999999,2.33333457316824,,,,9549.43,510.53,,,,,,,1.972,,,,,75.53,-0.51,1.8,0.563,53.96,35.34,bear,bull,-0.1363,0.3653,,,,91529.73,time_exit,39,-7109.55,-0.022335,-0.7445,190.99,,binance,1.0,backfilled from scheme_i_plus_trades.csv; scheme_i weights T1=1.0 T2=0.75 T3=0.5 T4=0 dropped; 5%/R risk; FEE=0.001; sig_rsi=75.53 sig_dist_ema200=-0.51 d_rsi=53.96 w_rsi=35.34; equity_after=183879.094781762 dd_pct=-6.289899999999982
si+-20251229040000-0233,backtest_scheme_i_plus_c3c5,binance,BTCUSDT,4h,2025-12-29T04:00:00Z,,short,T3b_H4_sweep_hi_short_loose,T3b_H4_sweep_hi_short_loose,3,,89617.71,90961.98,86929.18,1344.2699999999895,1.9999925610182734,,,,4596.98,510.53,,,,,,,1.972,,,,,75.53,-0.51,1.8,0.563,53.96,35.34,bear,bull,-0.1363,0.3653,,,,86929.18,tp_hit,1,8887.49,0.029,1.9333333333333336,91.94,,binance,1.0,backfilled from scheme_i_plus_trades.csv; scheme_i weights T1=1.0 T2=0.75 T3=0.5 T4=0 dropped; 5%/R risk; FEE=0.001; sig_rsi=75.53 sig_dist_ema200=-0.51 d_rsi=53.96 w_rsi=35.34; equity_after=192766.58436288053 dd_pct=-1.7605784999999765
si+-20260127180000-0234,backtest_scheme_i_plus_c3c5,binance,BTCUSDT,1h,2026-01-27T18:00:00Z,,long,T3a_H1_fail_brkdn_long,T3a_H1_fail_brkdn_long,3,,88285.05,87225.63,90492.18,1059.4199999999983,2.0833380528968624,,,,4819.16,507.22,,,,,,,1.618,,,,,46.3,-1.41,0.14,0.697,31.59,17.69,bear,bull,-0.0943,0.1349,,,,90492.18,tp_hit,22,9638.33,0.024,2.0,96.38,,binance,1.0,backfilled from scheme_i_plus_trades.csv; scheme_i weights T1=1.0 T2=0.75 T3=0.5 T4=0 dropped; 5%/R risk; FEE=0.001; sig_rsi=46.3 sig_dist_ema200=-1.41 d_rsi=31.59 w_rsi=17.69; equity_after=202404.91358102456 dd_pct=0.0
si+-20260128120000-0235,backtest_scheme_i_plus_c3c5,binance,BTCUSDT,4h,2026-01-28T12:00:00Z,,short,T3b_H4_sweep_hi_short_loose,T3b_H4_sweep_hi_short_loose,3,,89479.66,90821.85,86795.27,1342.1900000000023,2.0000074505099836,,,,5060.12,1043.42,,,,,,,1.682,,,,,64.13,-1.44,-0.03,0.379,24.92,17.69,bear,bull,-0.0929,0.1349,,,,86795.27,tp_hit,5,9782.9,0.029,1.9333333333333336,101.2,,binance,1.0,backfilled from scheme_i_plus_trades.csv; scheme_i weights T1=1.0 T2=0.75 T3=0.5 T4=0 dropped; 5%/R risk; FEE=0.001; sig_rsi=64.13 sig_dist_ema200=-1.44 d_rsi=24.92 w_rsi=17.69; equity_after=212187.81773744075 dd_pct=0.0
si+-20260208200000-0236,backtest_scheme_i_plus_c3c5,binance,BTCUSDT,4h,2026-02-08T20:00:00Z,,short,T3b_H4_sweep_hi_short_loose,T3b_H4_sweep_hi_short_loose,3,,70330.38,71385.34,68220.47,1054.9599999999919,1.9999905209676383,,,,5304.7,1706.24,,,,,,,0.463,,,,,58.02,-15.3,-4.19,0.481,30.8,16.93,bear,bull,-0.2673,0.0366,,,,71385.34,sl_hit,0,-5658.34,-0.016,-1.0666666666666669,106.09,,binance,1.0,backfilled from scheme_i_plus_trades.csv; scheme_i weights T1=1.0 T2=0.75 T3=0.5 T4=0 dropped; 5%/R risk; FEE=0.001; sig_rsi=58.02 sig_dist_ema200=-15.3 d_rsi=30.8 w_rsi=16.93; equity_after=206529.47593110905 dd_pct=-2.6666666666666616
si+-20260215080000-0237,backtest_scheme_i_plus_c3c5,binance,BTCUSDT,4h,2026-02-15T08:00:00Z,,short,T3b_H4_sweep_hi_short_loose,T3b_H4_sweep_hi_short_loose,3,,70295.22,71349.65,68186.36,1054.429999999993,2.0000000000000138,,,,5163.24,965.22,,,,,,,0.6,,,,,75.9,-10.32,0.84,0.666,38.76,18.22,bear,bull,-0.2688,0.0144,,,,68186.36,tp_hit,1,9982.26,0.029,1.9333333333333336,103.26,,binance,1.0,backfilled from scheme_i_plus_trades.csv; scheme_i weights T1=1.0 T2=0.75 T3=0.5 T4=0 dropped; 5%/R risk; FEE=0.001; sig_rsi=75.9 sig_dist_ema200=-10.32 d_rsi=38.76 w_rsi=18.22; equity_after=216511.73393444595 dd_pct=0.0
si+-20260225200000-0238,backtest_scheme_i_plus_c3c5,binance,BTCUSDT,4h,2026-02-25T20:00:00Z,,short,T3b_H4_sweep_hi_short_loose,T3b_H4_sweep_hi_short_loose,3,,67988.04,69007.86,65948.4,1019.820000000007,1.9999999999999858,,,,5412.79,1438.08,,,,,,,1.058,,,,,60.06,-6.88,1.93,0.44,52.62,24.71,bear,bear,-0.25739999999999996,-0.030299999999999997,,,,65948.4,tp_hit,9,10464.73,0.029,1.9333333333333336,108.26,,binance,1.0,backfilled from scheme_i_plus_trades.csv; scheme_i weights T1=1.0 T2=0.75 T3=0.5 T4=0 dropped; 5%/R risk; FEE=0.001; sig_rsi=60.06 sig_dist_ema200=-6.88 d_rsi=52.62 w_rsi=24.71; equity_after=226976.4677412775 dd_pct=0.0
si+-20260302160000-0239,backtest_scheme_i_plus_c3c5,binance,BTCUSDT,4h,2026-03-02T16:00:00Z,,short,T3b_H4_sweep_hi_short_loose,T3b_H4_sweep_hi_short_loose,3,,68966.52,70001.02,66897.52,1034.5,2.0,,,,5674.41,1641.14,,,,,,,1.598,,,,,72.72,-3.43,3.4,0.108,49.84,18.16,bear,bear,-0.2382,-0.027200000000000002,,,,66897.52,tp_hit,3,10970.53,0.029,1.9333333333333336,113.49,,binance,1.0,backfilled from scheme_i_plus_trades.csv; scheme_i weights T1=1.0 T2=0.75 T3=0.5 T4=0 dropped; 5%/R risk; FEE=0.001; sig_rsi=72.72 sig_dist_ema200=-3.43 d_rsi=49.84 w_rsi=18.16; equity_after=237946.9970154393 dd_pct=0.0
si+-20260305160000-0240,backtest_scheme_i_plus_c3c5,binance,BTCUSDT,1h,2026-03-05T16:00:00Z,,long,T3a_H1_fail_brkdn_long,T3a_H1_fail_brkdn_long,3,,71305.92,70450.25,73088.57,855.6699999999983,2.0833382028118463,,,,5948.67,760.1,,,,,,,1.447,,,,,38.16,3.96,0.1,0.399,58.46,18.16,bear,bear,-0.21030000000000001,-0.027200000000000002,,,,70450.25,sl_hit,8,-6444.4,-0.013,-1.0833333333333333,118.97,,binance,1.0,backfilled from scheme_i_plus_trades.csv; scheme_i weights T1=1.0 T2=0.75 T3=0.5 T4=0 dropped; 5%/R risk; FEE=0.001; sig_rsi=38.16 sig_dist_ema200=3.96 d_rsi=58.46 w_rsi=18.16; equity_after=231502.59917960444 dd_pct=-2.708333333333335
ttr-20170818010000-00000,backtest_tiered_raw_all_tf,binance,BTCUSDT,1h,2017-08-18T01:00:00Z,,long,T4c_H1_sweep_lo_long,,4,,0,,,,,,,,,,,,,,,,1.714548807537843,,,,,31.47972659636666,-1.6999620034080605,-1.9823963911345068,,,,bull,bull,,,,,,,tp_hit,,,0.0189999999999999,,,,binance,1.0,backfilled from tiered_trades.csv; signal-TF rsi=31.47972659636666; atr_rank=nan; dist_ema200=-1.6999620034080605
ttr-20170818170000-00001,backtest_tiered_raw_all_tf,binance,BTCUSDT,1h,2017-08-18T17:00:00Z,,long,T4c_H1_sweep_lo_long,,4,,0,,,,,,,,,,,,,,,,1.0965382734157134,,,,,36.468466499071006,-2.760959643966994,-2.6561759905862274,,,,bull,bull,,,,,,,sl_hit,,,-0.0109999999999999,,,,binance,1.0,backfilled from tiered_trades.csv; signal-TF rsi=36.468466499071006; atr_rank=nan; dist_ema200=-2.760959643966994
ttr-20170819070000-00002,backtest_tiered_raw_all_tf,binance,BTCUSDT,1h,2017-08-19T07:00:00Z,,long,T4c_H1_sweep_lo_long,,4,,0,,,,,,,,,,,,,,,,0.8974283017202368,,,,,38.74686787353244,-5.829447896774812,-4.260936284003763,,,,bull,bull,,,,,,,sl_hit,,,-0.0109999999999999,,,,binance,1.0,backfilled from tiered_trades.csv; signal-TF rsi=38.74686787353244; atr_rank=nan; dist_ema200=-5.829447896774812
ttr-20170820090000-00003,backtest_tiered_raw_all_tf,binance,BTCUSDT,1h,2017-08-20T09:00:00Z,,short,T4d_H1_fail_brk_short,,4,,0,,,,,,,,,,,,,,,,0.0785000089479461,,,,,62.1578298397042,-1.929915029461156,0.5081849266938697,,,,bull,bull,,,,,,,sl_hit,,,-0.0109999999999999,,,,binance,1.0,backfilled from tiered_trades.csv; signal-TF rsi=62.1578298397042; atr_rank=nan; dist_ema200=-1.929915029461156
ttr-20170821140000-00004,backtest_tiered_raw_all_tf,binance,BTCUSDT,1h,2017-08-21T14:00:00Z,,long,T4c_H1_sweep_lo_long,,4,,0,,,,,,,,,,,,,,,,0.191250642735151,,,,,37.29872678026833,-4.963458270631017,-2.4624993666738817,,,,bull,bull,,,,,,,sl_hit,,,-0.011,,,,binance,1.0,backfilled from tiered_trades.csv; signal-TF rsi=37.29872678026833; atr_rank=nan; dist_ema200=-4.963458270631017
ttr-20170822050000-00005,backtest_tiered_raw_all_tf,binance,BTCUSDT,1h,2017-08-22T05:00:00Z,,long,T4c_H1_sweep_lo_long,,4,,0,,,,,,,,,,,,,,,,0.8348251422601891,,,,,34.00626776474016,-12.706749064005546,-9.158450643044972,,,,bull,bull,,,,,,,tp_hit,,,0.0189999999999999,,,,binance,1.0,backfilled from tiered_trades.csv; signal-TF rsi=34.00626776474016; atr_rank=1.0; dist_ema200=-12.706749064005546
ttr-20170822190000-00006,backtest_tiered_raw_all_tf,binance,BTCUSDT,1h,2017-08-22T19:00:00Z,,short,T4d_H1_fail_brk_short,,4,,0,,,,,,,,,,,,,,,,0.8152710825191427,,,,,72.75390749398107,-3.3077243049715586,0.809392193962384,,,,bull,bull,,,,,,,sl_hit,,,-0.011,,,,binance,1.0,backfilled from tiered_trades.csv; signal-TF rsi=72.75390749398107; atr_rank=0.85; dist_ema200=-3.3077243049715586
ttr-20170830110000-00007,backtest_tiered_raw_all_tf,binance,BTCUSDT,1h,2017-08-30T11:00:00Z,,long,T3b_H1_fail_brkdn_long,,3,,0,,,,,,,,,,,,,,,,1.3498710240837366,,,,,25.685594450717787,4.16335777455542,0.7460869883926747,,,,bull,bull,,,,,,,sl_hit,,,-0.013,,,,binance,1.0,backfilled from tiered_trades.csv; signal-TF rsi=25.685594450717787; atr_rank=0.71; dist_ema200=4.16335777455542
ttr-20170902150000-00008,backtest_tiered_raw_all_tf,binance,BTCUSDT,1h,2017-09-02T15:00:00Z,,long,T4c_H1_sweep_lo_long,,4,,0,,,,,,,,,,,,,,,,1.7794851584446183,,,,,26.66607366995777,-1.1366127421860066,-4.663056346440795,,,,bull,bull,,,,,,,sl_hit,,,-0.011,,,,binance,1.0,backfilled from tiered_trades.csv; signal-TF rsi=26.66607366995777; atr_rank=1.0; dist_ema200=-1.1366127421860066
ttr-20170902200000-00009,backtest_tiered_raw_all_tf,binance,BTCUSDT,4h,2017-09-02T20:00:00Z,,long,T4a_H4_hammer_long,,4,,0,,,,,,,,,,,,,,,,1.207606709427274,,,,,37.0620972466316,2.528697242911584,-0.8965202268103437,,,,bull,bull,,,,,,,tp_hit,,,0.029,,,,binance,1.0,backfilled from tiered_trades.csv; signal-TF rsi=37.0620972466316; atr_rank=nan; dist_ema200=2.528697242911584
ttr-20170904180000-00010,backtest_tiered_raw_all_tf,binance,BTCUSDT,1h,2017-09-04T18:00:00Z,,long,T4c_H1_sweep_lo_long,,4,,0,,,,,,,,,,,,,,,,0.493637840527185,,,,,39.38321609778596,-7.827768850615167,-6.023335957570432,,,,bull,bull,,,,,,,tp_hit,,,0.0190000000000001,,,,binance,1.0,backfilled from tiered_trades.csv; signal-TF rsi=39.38321609778596; atr_rank=0.98; dist_ema200=-7.827768850615167
ttr-20170910030000-00011,backtest_tiered_raw_all_tf,binance,BTCUSDT,1h,2017-09-10T03:00:00Z,,long,T4c_H1_sweep_lo_long,,4,,0,,,,,,,,,,,,,,,,2.320113756887921,,,,,28.86073207710629,-5.94714755928087,-4.100017665591645,,,,bull,bull,,,,,,,sl_hit,,,-0.0109999999999999,,,,binance,1.0,backfilled from tiered_trades.csv; signal-TF rsi=28.86073207710629; atr_rank=0.07; dist_ema200=-5.94714755928087
ttr-20170911040000-00012,backtest_tiered_raw_all_tf,binance,BTCUSDT,1h,2017-09-11T04:00:00Z,,short,T4d_H1_fail_brk_short,,4,,0,,,,,,,,,,,,,,,,2.8427674226073494,,,,,53.58785989907988,-4.085126794135191,-1.1197982991367614,,,,bull,bull,,,,,,,tp_hit,,,0.0190000000000001,,,,binance,1.0,backfilled from tiered_trades.csv; signal-TF rsi=53.58785989907988; atr_rank=0.77; dist_ema200=-4.085126794135191
ttr-20170913040000-00013,backtest_tiered_raw_all_tf,binance,BTCUSDT,1h,2017-09-13T04:00:00Z,,long,T4c_H1_sweep_lo_long,,4,,0,,,,,,,,,,,,,,,,2.472266749189892,,,,,22.72817955112214,-8.110370583341481,-5.905043169710371,,,,bull,bull,,,,,,,sl_hit,,,-0.0109999999999999,,,,binance,1.0,backfilled from tiered_trades.csv; signal-TF rsi=22.72817955112214; atr_rank=0.64; dist_ema200=-8.110370583341481
ttr-20170914130000-00014,backtest_tiered_raw_all_tf,binance,BTCUSDT,1h,2017-09-14T13:00:00Z,,long,T4c_H1_sweep_lo_long,,4,,0,,,,,,,,,,,,,,,,3.326560307584812,,,,,24.267015049116864,-15.085302866811872,-9.528022034318198,,,,bull,bull,,,,,,,sl_hit,,,-0.011,,,,binance,1.0,backfilled from tiered_trades.csv; signal-TF rsi=24.267015049116864; atr_rank=1.0; dist_ema200=-15.085302866811872
ttr-20170915080000-00015,backtest_tiered_raw_all_tf,binance,BTCUSDT,1h,2017-09-15T08:00:00Z,,long,T4c_H1_sweep_lo_long,,4,,0,,,,,,,,,,,,,,,,0.884929255836178,,,,,33.1203137382399,-22.61129707996107,-13.387881935365368,,,,bull,bull,,,,,,,sl_hit,,,-0.0109999999999999,,,,binance,1.0,backfilled from tiered_trades.csv; signal-TF rsi=33.1203137382399; atr_rank=0.91; dist_ema200=-22.61129707996107
ttr-20170915150000-00016,backtest_tiered_raw_all_tf,binance,BTCUSDT,1h,2017-09-15T15:00:00Z,,short,T4d_H1_fail_brk_short,,4,,0,,,,,,,,,,,,,,,,1.3887459937418625,,,,,64.14715719063545,-3.5442881879115617,8.589324067168253,,,,bull,bull,,,,,,,tp_hit,,,0.019,,,,binance,1.0,backfilled from tiered_trades.csv; signal-TF rsi=64.14715719063545; atr_rank=1.0; dist_ema200=-3.5442881879115617
ttr-20170918030000-00017,backtest_tiered_raw_all_tf,binance,BTCUSDT,1h,2017-09-18T03:00:00Z,,short,T4d_H1_fail_brk_short,,4,,0,,,,,,,,,,,,,,,,1.2962703576390455,,,,,76.18657937806864,-0.1767837054567706,4.542905692814582,,,,bull,bull,,,,,,,sl_hit,,,-0.011,,,,binance,1.0,backfilled from tiered_trades.csv; signal-TF rsi=76.18657937806864; atr_rank=0.08; dist_ema200=-0.1767837054567706
ttr-20170921040000-00018,backtest_tiered_raw_all_tf,binance,BTCUSDT,1h,2017-09-21T04:00:00Z,,long,T4c_H1_sweep_lo_long,,4,,0,,,,,,,,,,,,,,,,1.1330163622049931,,,,,29.62341393953268,-0.913043921888591,-1.5260002968615118,,,,bull,bull,,,,,,,sl_hit,,,-0.011,,,,binance,1.0,backfilled from tiered_trades.csv; signal-TF rsi=29.62341393953268; atr_rank=0.06; dist_ema200=-0.913043921888591
ttr-20170921200000-00019,backtest_tiered_raw_all_tf,binance,BTCUSDT,1h,2017-09-21T20:00:00Z,,long,T4c_H1_sweep_lo_long,,4,,0,,,,,,,,,,,,,,,,1.5445956465709143,,,,,18.074613482596533,-6.256917318919365,-5.565519984029351,,,,bull,bull,,,,,,,sl_hit,,,-0.0109999999999999,,,,binance,1.0,backfilled from tiered_trades.csv; signal-TF rsi=18.074613482596533; atr_rank=0.71; dist_ema200=-6.256917318919365
ttr-20170923060000-00020,backtest_tiered_raw_all_tf,binance,BTCUSDT,1h,2017-09-23T06:00:00Z,,short,T4d_H1_fail_brk_short,,4,,0,,,,,,,,,,,,,,,,0.6965007884045058,,,,,77.46354226788253,-2.807908185492348,0.4517286973124264,,,,bull,bull,,,,,,,sl_hit,,,-0.011,,,,binance,1.0,backfilled from tiered_trades.csv; signal-TF rsi=77.46354226788253; atr_rank=0.06; dist_ema200=-2.807908185492348
ttr-20170925030000-00021,backtest_tiered_raw_all_tf,binance,BTCUSDT,1h,2017-09-25T03:00:00Z,,short,T4d_H1_fail_brk_short,,4,,0,,,,,,,,,,,,,,,,1.2488389181974968,,,,,55.95724400871461,-0.4245222718019296,1.486783721698274,,,,bull,bull,,,,,,,sl_hit,,,-0.011,,,,binance,1.0,backfilled from tiered_trades.csv; signal-TF rsi=55.95724400871461; atr_rank=0.03; dist_ema200=-0.4245222718019296
ttr-20170925160000-00022,backtest_tiered_raw_all_tf,binance,BTCUSDT,4h,2017-09-25T16:00:00Z,,short,T4b_H4_sstar_short,,4,,0,,,,,,,,,,,,,,,,0.879911422838112,,,,,62.58127067411887,-2.3232320077217907,3.970621009340096,,,,bull,bull,,,,,,,sl_hit,,,-0.0159999999999998,,,,binance,1.0,backfilled from tiered_trades.csv; signal-TF rsi=62.58127067411887; atr_rank=0.01; dist_ema200=-2.3232320077217907
ttr-20171001140000-00023,backtest_tiered_raw_all_tf,binance,BTCUSDT,1h,2017-10-01T14:00:00Z,,long,T3b_H1_fail_brkdn_long,,3,,0,,,,,,,,,,,,,,,,1.0534737564391796,,,,,43.536877999494855,5.46766466659427,0.7471129876140516,,,,bull,bull,,,,,,,tp_hit,,,0.024,,,,binance,1.0,backfilled from tiered_trades.csv; signal-TF rsi=43.536877999494855; atr_rank=0.29; dist_ema200=5.46766466659427
ttr-20171003100000-00024,backtest_tiered_raw_all_tf,binance,BTCUSDT,1h,2017-10-03T10:00:00Z,,long,T4c_H1_sweep_lo_long,,4,,0,,,,,,,,,,,,,,,,1.5063069358537349,,,,,26.924625690961733,1.9865148328318565,-1.9072724197733248,,,,bull,bull,,,,,,,sl_hit,,,-0.011,,,,binance,1.0,backfilled from tiered_trades.csv; signal-TF rsi=26.924625690961733; atr_rank=0.71; dist_ema200=1.9865148328318565
ttr-20171004120000-00025,backtest_tiered_raw_all_tf,binance,BTCUSDT,4h,2017-10-04T12:00:00Z,,long,T4a_H4_hammer_long,,4,,0,,,,,,,,,,,,,,,,1.4280318143542283,,,,,29.854727045738212,2.524167192983477,0.0081120867654644,,,,bull,bull,,,,,,,sl_hit,,,-0.0159999999999999,,,,binance,1.0,backfilled from tiered_trades.csv; signal-TF rsi=29.854727045738212; atr_rank=0.45; dist_ema200=2.524167192983477
ttr-20171004130000-00026,backtest_tiered_raw_all_tf,binance,BTCUSDT,1h,2017-10-04T13:00:00Z,,long,T4c_H1_sweep_lo_long,,4,,0,,,,,,,,,,,,,,,,2.134010380424582,,,,,35.87504119779646,-0.38761857278216,-2.425812732761908,,,,bull,bull,,,,,,,sl_hit,,,-0.011,,,,binance,1.0,backfilled from tiered_trades.csv; signal-TF rsi=35.87504119779646; atr_rank=0.85; dist_ema200=-0.38761857278216
ttr-20171015090000-00027,backtest_tiered_raw_all_tf,binance,BTCUSDT,1h,2017-10-15T09:00:00Z,,long,T4c_H1_sweep_lo_long,,4,,0,,,,,,,,,,,,,,,,0.8595568901433008,,,,,32.94847569594262,7.551562877973973,-2.347201077213459,,,,bull,bull,,,,,,,sl_hit,,,-0.0109999999999999,,,,binance,1.0,backfilled from tiered_trades.csv; signal-TF rsi=32.94847569594262; atr_rank=0.55; dist_ema200=7.551562877973973
ttr-20171018030000-00028,backtest_tiered_raw_all_tf,binance,BTCUSDT,1h,2017-10-18T03:00:00Z,,long,T4c_H1_sweep_lo_long,,4,,0,,,,,,,,,,,,,,,,1.4975430565080954,,,,,30.32350675722978,2.151970873708545,-2.2922062651764814,,,,bull,bull,,,,,,,sl_hit,,,-0.0109999999999999,,,,binance,1.0,backfilled from tiered_trades.csv; signal-TF rsi=30.32350675722978; atr_rank=0.12; dist_ema200=2.151970873708545
ttr-20171018080000-00029,backtest_tiered_raw_all_tf,binance,BTCUSDT,4h,2017-10-18T08:00:00Z,,long,T4a_H4_hammer_long,,4,,0,,,,,,,,,,,,,,,,1.9084298465711584,,,,,31.56713218870567,12.45693960590878,-1.7207751593588765,,,,bull,bull,,,,,,,sl_hit,,,-0.0159999999999999,,,,binance,1.0,backfilled from tiered_trades.csv; signal-TF rsi=31.56713218870567; atr_rank=0.52; dist_ema200=12.45693960590878
ttr-20171022110000-00030,backtest_tiered_raw_all_tf,binance,BTCUSDT,1h,2017-10-22T11:00:00Z,,long,T4c_H1_sweep_lo_long,,4,,0,,,,,,,,,,,,,,,,0.9941023727443242,,,,,33.71111352407837,2.894687804659661,-1.708463260457407,,,,bull,bull,,,,,,,tp_hit,,,0.0189999999999999,,,,binance,1.0,backfilled from tiered_trades.csv; signal-TF rsi=33.71111352407837; atr_rank=0.82; dist_ema200=2.894687804659661
ttr-20171024020000-00031,backtest_tiered_raw_all_tf,binance,BTCUSDT,1h,2017-10-24T02:00:00Z,,long,T4c_H1_sweep_lo_long,,4,,0,,,,,,,,,,,,,,,,2.017777226323168,,,,,39.89431968295908,-1.9288771048727855,-4.22893935951758,,,,bull,bull,,,,,,,sl_hit,,,-0.0109999999999999,,,,binance,1.0,backfilled from tiered_trades.csv; signal-TF rsi=39.89431968295908; atr_rank=1.0; dist_ema200=-1.9288771048727855
ttr-20171025000000-00032,backtest_tiered_raw_all_tf,binance,BTCUSDT,4h,2017-10-25T00:00:00Z,,long,T4a_H4_hammer_long,,4,,0,,,,,,,,,,,,,,,,1.5242400991581435,,,,,34.47690307516784,9.184904501467388,-3.2616117859588263,,,,bull,bull,,,,,,,sl_hit,,,-0.0159999999999999,,,,binance,1.0,backfilled from tiered_trades.csv; signal-TF rsi=34.47690307516784; atr_rank=0.9; dist_ema200=9.184904501467388
ttr-20171104020000-00033,backtest_tiered_raw_all_tf,binance,BTCUSDT,1h,2017-11-04T02:00:00Z,,long,T3b_H1_fail_brkdn_long,,3,,0,,,,,,,,,,,,,,,,0.8783333813568949,,,,,37.39510801642568,9.826453018030328,1.023510654320212,,,,bull,bull,,,,,,,tp_hit,,,0.0239999999999999,,,,binance,1.0,backfilled from tiered_trades.csv; signal-TF rsi=37.39510801642568; atr_rank=0.76; dist_ema200=9.826453018030328
ttr-20171106190000-00034,backtest_tiered_raw_all_tf,binance,BTCUSDT,1h,2017-11-06T19:00:00Z,,long,T4c_H1_sweep_lo_long,,4,,0,,,,,,,,,,,,,,,,2.131837920609954,,,,,30.079662307985203,2.2723349507114667,-3.454813019762236,,,,bull,bull,,,,,,,tp_hit,,,0.019,,,,binance,1.0,backfilled from tiered_trades.csv; signal-TF rsi=30.079662307985203; atr_rank=0.51; dist_ema200=2.2723349507114667
ttr-20171110120000-00035,backtest_tiered_raw_all_tf,binance,BTCUSDT,4h,2017-11-10T12:00:00Z,,long,T4a_H4_hammer_long,,4,,0,,,,,,,,,,,,,,,,2.3952235112487523,,,,,35.0056609504874,10.236365115033031,-3.885856921451457,,,,bull,bull,,,,,,,sl_hit,,,-0.016,,,,binance,1.0,backfilled from tiered_trades.csv; signal-TF rsi=35.0056609504874; atr_rank=1.0; dist_ema200=10.236365115033031
ttr-20171110190000-00036,backtest_tiered_raw_all_tf,binance,BTCUSDT,1h,2017-11-10T19:00:00Z,,long,T4c_H1_sweep_lo_long,,4,,0,,,,,,,,,,,,,,,,1.7544102954032643,,,,,27.63706025774989,-7.074104146788317,-7.1892009113914925,,,,bull,bull,,,,,,,sl_hit,,,-0.011,,,,binance,1.0,backfilled from tiered_trades.csv; signal-TF rsi=27.63706025774989; atr_rank=0.9; dist_ema200=-7.074104146788317
ttr-20171111160000-00037,backtest_tiered_raw_all_tf,binance,BTCUSDT,4h,2017-11-11T16:00:00Z,,long,T4a_H4_hammer_long,,4,,0,,,,,,,,,,,,,,,,1.164173423326292,,,,,24.923357510963925,1.3839040673966436,-9.47297173187391,,,,bull,bull,,,,,,,sl_hit,,,-0.016,,,,binance,1.0,backfilled from tiered_trades.csv; signal-TF rsi=24.923357510963925; atr_rank=0.97; dist_ema200=1.3839040673966436
ttr-20171111190000-00038,backtest_tiered_raw_all_tf,binance,BTCUSDT,1h,2017-11-11T19:00:00Z,,long,T4c_H1_sweep_lo_long,,4,,0,,,,,,,,,,,,,,,,1.1940780749280375,,,,,31.31870394005516,-9.684084440418877,-6.567018018966831,,,,bull,bull,,,,,,,tp_hit,,,0.019,,,,binance,1.0,backfilled from tiered_trades.csv; signal-TF rsi=31.31870394005516; atr_rank=0.75; dist_ema200=-9.684084440418877
ttr-20171113130000-00039,backtest_tiered_raw_all_tf,binance,BTCUSDT,1h,2017-11-13T13:00:00Z,,short,T4d_H1_fail_brk_short,,4,,0,,,,,,,,,,,,,,,,2.2139076779313216,,,,,77.344045919408,-1.134087592451674,5.044392512727074,,,,bull,bull,,,,,,,tp_hit,,,0.0189999999999999,,,,binance,1.0,backfilled from tiered_trades.csv; signal-TF rsi=77.344045919408; atr_rank=0.5; dist_ema200=-1.134087592451674
ttr-20171118030000-00040,backtest_tiered_raw_all_tf,binance,BTCUSDT,1h,2017-11-18T03:00:00Z,,long,T3b_H1_fail_brkdn_long,,3,,0,,,,,,,,,,,,,,,,0.9509501495931644,,,,,41.8284864814643,7.302968283981389,0.2008951529556923,,,,bull,bull,,,,,,,tp_hit,,,0.0239999999999998,,,,binance,1.0,backfilled from tiered_trades.csv; signal-TF rsi=41.8284864814643; atr_rank=0.87; dist_ema200=7.302968283981389
ttr-20171209110000-00041,backtest_tiered_raw_all_tf,binance,BTCUSDT,1h,2017-12-09T11:00:00Z,,long,T4c_H1_sweep_lo_long,,4,,0,,,,,,,,,,,,,,,,1.1719503293568052,,,,,34.93943361972585,13.733293888855098,-1.8546622417325296,,,,bull,bull,,,,,,,tp_hit,,,0.0189999999999999,,,,binance,1.0,backfilled from tiered_trades.csv; signal-TF rsi=34.93943361972585; atr_rank=0.48; dist_ema200=13.733293888855098
ttr-20171210040000-00042,backtest_tiered_raw_all_tf,binance,BTCUSDT,1h,2017-12-10T04:00:00Z,,long,T4c_H1_sweep_lo_long,,4,,0,,,,,,,,,,,,,,,,1.5470449065536307,,,,,38.52535528688547,2.054482279587736,-7.676374414639729,,,,bull,bull,,,,,,,sl_hit,,,-0.0109999999999999,,,,binance,1.0,backfilled from tiered_trades.csv; signal-TF rsi=38.52535528688547; atr_rank=0.92; dist_ema200=2.054482279587736
ttr-20171212150000-00043,backtest_tiered_raw_all_tf,binance,BTCUSDT,1h,2017-12-12T15:00:00Z,,long,T4c_H1_sweep_lo_long,,4,,0,,,,,,,,,,,,,,,,1.0823394575080238,,,,,39.86082873310716,13.613000046141394,1.321231574044671,,,,bull,bull,,,,,,,sl_hit,,,-0.0109999999999999,,,,binance,1.0,backfilled from tiered_trades.csv; signal-TF rsi=39.86082873310716; atr_rank=0.21; dist_ema200=13.613000046141394
ttr-20171213030000-00044,backtest_tiered_raw_all_tf,binance,BTCUSDT,1h,2017-12-13T03:00:00Z,,long,T4c_H1_sweep_lo_long,,4,,0,,,,,,,,,,,,,,,,1.2766693356025869,,,,,30.59790869302472,7.556373471242783,-2.886354891754813,,,,bull,bull,,,,,,,sl_hit,,,-0.0109999999999999,,,,binance,1.0,backfilled from tiered_trades.csv; signal-TF rsi=30.59790869302472; atr_rank=0.51; dist_ema200=7.556373471242783
ttr-20171217190000-00045,backtest_tiered_raw_all_tf,binance,BTCUSDT,1h,2017-12-17T19:00:00Z,,long,T3b_H1_fail_brkdn_long,,3,,0,,,,,,,,,,,,,,,,1.0471907618202525,,,,,44.194784862063386,12.83256452122908,1.4332444706337826,,,,bull,bull,,,,,,,tp_hit,,,0.024,,,,binance,1.0,backfilled from tiered_trades.csv; signal-TF rsi=44.194784862063386; atr_rank=0.36; dist_ema200=12.83256452122908
ttr-20171218010000-00046,backtest_tiered_raw_all_tf,binance,BTCUSDT,1h,2017-12-18T01:00:00Z,,long,T4c_H1_sweep_lo_long,,4,,0,,,,,,,,,,,,,,,,2.9983088687125843,,,,,30.25614924485609,7.87758517418365,-2.4391088951966067,,,,bull,bull,,,,,,,tp_hit,,,0.0189999999999999,,,,binance,1.0,backfilled from tiered_trades.csv; signal-TF rsi=30.25614924485609; atr_rank=1.0; dist_ema200=7.87758517418365
ttr-20171220000000-00047,backtest_tiered_raw_all_tf,binance,BTCUSDT,4h,2017-12-20T00:00:00Z,,long,T4a_H4_hammer_long,,4,,0,,,,,,,,,,,,,,,,2.620376105034578,,,,,27.34054866972517,26.126548262649194,-3.5523783267978803,,,,bull,bull,,,,,,,sl_hit,,,-0.0159999999999999,,,,binance,1.0,backfilled from tiered_trades.csv; signal-TF rsi=27.34054866972517; atr_rank=0.75; dist_ema200=26.126548262649194
ttr-20171223150000-00048,backtest_tiered_raw_all_tf,binance,BTCUSDT,1h,2017-12-23T15:00:00Z,,short,T4d_H1_fail_brk_short,,4,,0,,,,,,,,,,,,,,,,1.3074741811614126,,,,,57.17459462578621,-10.331631223091824,-0.5996392121032352,,,,bull,bull,,,,,,,sl_hit,,,-0.011,,,,binance,1.0,backfilled from tiered_trades.csv; signal-TF rsi=57.17459462578621; atr_rank=0.46; dist_ema200=-10.331631223091824
ttr-20171224120000-00049,backtest_tiered_raw_all_tf,binance,BTCUSDT,1h,2017-12-24T12:00:00Z,,long,T4c_H1_sweep_lo_long,,4,,0,,,,,,,,,,,,,,,,1.6270948870911828,,,,,33.032541178652,-20.687491345390946,-11.250025419004531,,,,bull,bull,,,,,,,tp_hit,,,0.019,,,,binance,1.0,backfilled from tiered_trades.csv; signal-TF rsi=33.032541178652; atr_rank=0.83; dist_ema200=-20.687491345390946
ttr-20171225090000-00050,backtest_tiered_raw_all_tf,binance,BTCUSDT,1h,2017-12-25T09:00:00Z,,short,T4d_H1_fail_brk_short,,4,,0,,,,,,,,,,,,,,,,0.757702291170658,,,,,70.47872180315335,-8.960019692354788,1.5597810196619128,,,,bull,bull,,,,,,,sl_hit,,,-0.0109999999999999,,,,binance,1.0,backfilled from tiered_trades.csv; signal-TF rsi=70.47872180315335; atr_rank=0.14; dist_ema200=-8.960019692354788
ttr-20171227150000-00051,backtest_tiered_raw_all_tf,binance,BTCUSDT,1h,2017-12-27T15:00:00Z,,long,T4c_H1_sweep_lo_long,,4,,0,,,,,,,,,,,,,,,,1.773721370110184,,,,,36.6887168117588,0.9767361100971992,-0.0360405430598015,,,,bull,bull,,,,,,,sl_hit,,,-0.0109999999999999,,,,binance,1.0,backfilled from tiered_trades.csv; signal-TF rsi=36.6887168117588; atr_rank=0.22; dist_ema200=0.9767361100971992
ttr-20171228110000-00052,backtest_tiered_raw_all_tf,binance,BTCUSDT,1h,2017-12-28T11:00:00Z,,long,T4c_H1_sweep_lo_long,,4,,0,,,,,,,,,,,,,,,,1.388719108605128,,,,,34.76080525290425,-8.873373210418055,-7.64543596820601,,,,bull,bull,,,,,,,sl_hit,,,-0.011,,,,binance,1.0,backfilled from tiered_trades.csv; signal-TF rsi=34.76080525290425; atr_rank=0.87; dist_ema200=-8.873373210418055
ttr-20171229030000-00053,backtest_tiered_raw_all_tf,binance,BTCUSDT,1h,2017-12-29T03:00:00Z,,short,T4d_H1_fail_brk_short,,4,,0,,,,,,,,,,,,,,,,0.9962793748858064,,,,,63.633613629269206,-0.3133232151464872,2.2780154333270444,,,,bull,bull,,,,,,,sl_hit,,,-0.0109999999999999,,,,binance,1.0,backfilled from tiered_trades.csv; signal-TF rsi=63.633613629269206; atr_rank=0.51; dist_ema200=-0.3133232151464872
ttr-20171230110000-00054,backtest_tiered_raw_all_tf,binance,BTCUSDT,1h,2017-12-30T11:00:00Z,,long,T4c_H1_sweep_lo_long,,4,,0,,,,,,,,,,,,,,,,0.6586605360618416,,,,,34.4728496685633,-9.67435229552432,-6.136410919657241,,,,bull,bull,,,,,,,sl_hit,,,-0.011,,,,binance,1.0,backfilled from tiered_trades.csv; signal-TF rsi=34.4728496685633; atr_rank=0.74; dist_ema200=-9.67435229552432
ttr-20171231170000-00055,backtest_tiered_raw_all_tf,binance,BTCUSDT,1h,2017-12-31T17:00:00Z,,short,T4d_H1_fail_brk_short,,4,,0,,,,,,,,,,,,,,,,1.294775356218044,,,,,65.44771427138664,-2.4992290104538,3.836279102720532,,,,bull,bull,,,,,,,sl_hit,,,-0.011,,,,binance,1.0,backfilled from tiered_trades.csv; signal-TF rsi=65.44771427138664; atr_rank=0.21; dist_ema200=-2.4992290104538
ttr-20180102140000-00056,backtest_tiered_raw_all_tf,binance,BTCUSDT,1h,2018-01-02T14:00:00Z,,short,T4d_H1_fail_brk_short,,4,,0,,,,,,,,,,,,,,,,1.1758176483170877,,,,,47.53525384495792,-1.5140060697122677,1.9016797320430736,,,,bull,bull,,,,,,,sl_hit,,,-0.011,,,,binance,1.0,backfilled from tiered_trades.csv; signal-TF rsi=47.53525384495792; atr_rank=0.05; dist_ema200=-1.5140060697122677
ttr-20180104090000-00057,backtest_tiered_raw_all_tf,binance,BTCUSDT,1h,2018-01-04T09:00:00Z,,long,T4c_H1_sweep_lo_long,,4,,0,,,,,,,,,,,,,,,,1.7517380556253452,,,,,39.76328620849338,0.871805918048516,-1.5380847238582618,,,,bull,bull,,,,,,,tp_hit,,,0.0189999999999999,,,,binance,1.0,backfilled from tiered_trades.csv; signal-TF rsi=39.76328620849338; atr_rank=0.25; dist_ema200=0.871805918048516
ttr-20180107140000-00058,backtest_tiered_raw_all_tf,binance,BTCUSDT,1h,2018-01-07T14:00:00Z,,long,T3b_H1_fail_brkdn_long,,3,,0,,,,,,,,,,,,,,,,0.45765692296403,,,,,34.21346537465868,8.231152870205111,0.6470954828833099,,,,bull,bull,,,,,,,sl_hit,,,-0.013,,,,binance,1.0,backfilled from tiered_trades.csv; signal-TF rsi=34.21346537465868; atr_rank=0.01; dist_ema200=8.231152870205111
ttr-20180107180000-00059,backtest_tiered_raw_all_tf,binance,BTCUSDT,1h,2018-01-07T18:00:00Z,,long,T4c_H1_sweep_lo_long,,4,,0,,,,,,,,,,,,,,,,1.2512650808737873,,,,,36.977937910270974,4.735305585488232,-2.0895639690319263,,,,bull,bull,,,,,,,tp_hit,,,0.0189999999999999,,,,binance,1.0,backfilled from tiered_trades.csv; signal-TF rsi=36.977937910270974; atr_rank=0.4; dist_ema200=4.735305585488232
ttr-20180108100000-00060,backtest_tiered_raw_all_tf,binance,BTCUSDT,1h,2018-01-08T10:00:00Z,,long,T4c_H1_sweep_lo_long,,4,,0,,,,,,,,,,,,,,,,1.9117903505348208,,,,,36.17083709717321,-1.200772657909674,-5.503172401244911,,,,bull,bull,,,,,,,tp_hit,,,0.019,,,,binance,1.0,backfilled from tiered_trades.csv; signal-TF rsi=36.17083709717321; atr_rank=1.0; dist_ema200=-1.200772657909674
ttr-20180111000000-00061,backtest_tiered_raw_all_tf,binance,BTCUSDT,1h,2018-01-11T00:00:00Z,,short,T4d_H1_fail_brk_short,,4,,0,,,,,,,,,,,,,,,,0.777102599530403,,,,,65.62347083468765,-2.66575471656136,0.2321691357126671,,,,bull,bull,,,,,,,tp_hit,,,0.019,,,,binance,1.0,backfilled from tiered_trades.csv; signal-TF rsi=65.62347083468765; atr_rank=0.55; dist_ema200=-2.66575471656136
ttr-20180113020000-00062,backtest_tiered_raw_all_tf,binance,BTCUSDT,1h,2018-01-13T02:00:00Z,,short,T4d_H1_fail_brk_short,,4,,0,,,,,,,,,,,,,,,,0.9181993146400672,,,,,50.498023243924905,-2.6297214798096795,1.9073788853807685,,,,bull,bull,,,,,,,sl_hit,,,-0.0109999999999999,,,,binance,1.0,backfilled from tiered_trades.csv; signal-TF rsi=50.498023243924905; atr_rank=0.01; dist_ema200=-2.6297214798096795
ttr-20180114050000-00063,backtest_tiered_raw_all_tf,binance,BTCUSDT,1h,2018-01-14T05:00:00Z,,long,T4c_H1_sweep_lo_long,,4,,0,,,,,,,,,,,,,,,,1.8269817843213496,,,,,35.04489320242352,-4.270877134095978,-1.9366877938219464,,,,bull,bull,,,,,,,sl_hit,,,-0.011,,,,binance,1.0,backfilled from tiered_trades.csv; signal-TF rsi=35.04489320242352; atr_rank=0.23; dist_ema200=-4.270877134095978
ttr-20180115130000-00064,backtest_tiered_raw_all_tf,binance,BTCUSDT,1h,2018-01-15T13:00:00Z,,short,T4d_H1_fail_brk_short,,4,,0,,,,,,,,,,,,,,,,1.8004197898850505,,,,,62.64137659702232,-0.2876674186156507,3.194925978321238,,,,bull,bull,,,,,,,sl_hit,,,-0.0109999999999999,,,,binance,1.0,backfilled from tiered_trades.csv; signal-TF rsi=62.64137659702232; atr_rank=0.44; dist_ema200=-0.2876674186156507
ttr-20180116010000-00065,backtest_tiered_raw_all_tf,binance,BTCUSDT,1h,2018-01-16T01:00:00Z,,long,T4c_H1_sweep_lo_long,,4,,0,,,,,,,,,,,,,,,,2.91106432719322,,,,,35.20414462081132,-7.832112360958961,-4.963808721800404,,,,bull,bull,,,,,,,sl_hit,,,-0.011,,,,binance,1.0,backfilled from tiered_trades.csv; signal-TF rsi=35.20414462081132; atr_rank=0.69; dist_ema200=-7.832112360958961
ttr-20180117220000-00066,backtest_tiered_raw_all_tf,binance,BTCUSDT,1h,2018-01-17T22:00:00Z,,short,T4d_H1_fail_brk_short,,4,,0,,,,,,,,,,,,,,,,1.5289412430430958,,,,,51.01846301212576,-17.53326919791281,-4.198648068702004,,,,bull,bull,,,,,,,sl_hit,,,-0.011,,,,binance,1.0,backfilled from tiered_trades.csv; signal-TF rsi=51.01846301212576; atr_rank=0.82; dist_ema200=-17.53326919791281
ttr-20180119000000-00067,backtest_tiered_raw_all_tf,binance,BTCUSDT,1d,2018-01-19T00:00:00Z,,long,T3c_D_bull_engulf_long,,3,,0,,,,,,,,,,,,,,,,1.3583150787360894,,,,,22.55733512368539,28.22861413716043,-13.017420642392764,,,60.08734726447904,bull,bull,,1.2868285399512198,,,,,tp_hit,,,0.079,,,,binance,1.0,backfilled from tiered_trades.csv; signal-TF rsi=22.55733512368539; atr_rank=0.92; dist_ema200=28.22861413716043
ttr-20180121170000-00068,backtest_tiered_raw_all_tf,binance,BTCUSDT,1h,2018-01-21T17:00:00Z,,long,T4c_H1_sweep_lo_long,,4,,0,,,,,,,,,,,,,,,,1.348005908914453,,,,,30.30058452016867,-7.626361202661515,-5.309457997654702,,,,bull,bull,,,,,,,sl_hit,,,-0.0109999999999999,,,,binance,1.0,backfilled from tiered_trades.csv; signal-TF rsi=30.30058452016867; atr_rank=0.5; dist_ema200=-7.626361202661515
ttr-20180122210000-00069,backtest_tiered_raw_all_tf,binance,BTCUSDT,1h,2018-01-22T21:00:00Z,,long,T4c_H1_sweep_lo_long,,4,,0,,,,,,,,,,,,,,,,1.926691604128524,,,,,20.770506328085037,-13.902784772496751,-8.997817755825903,,,,bull,bull,,,,,,,tp_hit,,,0.0189999999999999,,,,binance,1.0,backfilled from tiered_trades.csv; signal-TF rsi=20.770506328085037; atr_rank=0.82; dist_ema200=-13.902784772496751
ttr-20180123170000-00070,backtest_tiered_raw_all_tf,binance,BTCUSDT,1h,2018-01-23T17:00:00Z,,short,T4d_H1_fail_brk_short,,4,,0,,,,,,,,,,,,,,,,1.296770451938395,,,,,55.54814848293111,-4.995557429675322,2.012322875777859,,,,bull,bull,,,,,,,sl_hit,,,-0.011,,,,binance,1.0,backfilled from tiered_trades.csv; signal-TF rsi=55.54814848293111; atr_rank=0.75; dist_ema200=-4.995557429675322
ttr-20180129080000-00071,backtest_tiered_raw_all_tf,binance,BTCUSDT,1h,2018-01-29T08:00:00Z,,long,T4c_H1_sweep_lo_long,,4,,0,,,,,,,,,,,,,,,,1.213075824469132,,,,,36.85625082838752,-0.4036161059891421,-1.4427036306457792,,,,bull,bull,,,,,,,sl_hit,,,-0.0109999999999999,,,,binance,1.0,backfilled from tiered_trades.csv; signal-TF rsi=36.85625082838752; atr_rank=0.22; dist_ema200=-0.4036161059891421
ttr-20180130030000-00072,backtest_tiered_raw_all_tf,binance,BTCUSDT,1h,2018-01-30T03:00:00Z,,long,T4c_H1_sweep_lo_long,,4,,0,,,,,,,,,,,,,,,,1.7546115451332074,,,,,29.817118424404995,-3.86590699146968,-3.641087389446376,,,,bull,bull,,,,,,,sl_hit,,,-0.011,,,,binance,1.0,backfilled from tiered_trades.csv; signal-TF rsi=29.817118424404995; atr_rank=0.08; dist_ema200=-3.86590699146968
ttr-20180131010000-00073,backtest_tiered_raw_all_tf,binance,BTCUSDT,1h,2018-01-31T01:00:00Z,,long,T4c_H1_sweep_lo_long,,4,,0,,,,,,,,,,,,,,,,1.791488669682371,,,,,29.52452824464534,-11.522864366519316,-8.349223225679108,,,,bull,bull,,,,,,,tp_hit,,,0.019,,,,binance,1.0,backfilled from tiered_trades.csv; signal-TF rsi=29.52452824464534; atr_rank=1.0; dist_ema200=-11.522864366519316
ttr-20180201200000-00074,backtest_tiered_raw_all_tf,binance,BTCUSDT,1h,2018-02-01T20:00:00Z,,long,T4c_H1_sweep_lo_long,,4,,0,,,,,,,,,,,,,,,,2.509190376703516,,,,,34.156580176154975,-12.822762061639231,-5.587028265351809,,,,bull,bull,,,,,,,sl_hit,,,-0.011,,,,binance,1.0,backfilled from tiered_trades.csv; signal-TF rsi=34.156580176154975; atr_rank=0.91; dist_ema200=-12.822762061639231
ttr-20180202000000-00075,backtest_tiered_raw_all_tf,binance,BTCUSDT,1d,2018-02-02T00:00:00Z,,long,T2a_D_hammer_long,,2,,0,,,,,,,,,,,,,,,,1.5155488371721946,,,,,33.95607011122445,-3.566897323682122,-27.04252009190502,,,53.10612561152672,bull,bull,,0.5922042431218405,,,,,sl_hit,,,-0.0509999999999999,,,,binance,1.0,backfilled from tiered_trades.csv; signal-TF rsi=33.95607011122445; atr_rank=0.7; dist_ema200=-3.566897323682122
ttr-20180202120000-00076,backtest_tiered_raw_all_tf,binance,BTCUSDT,1h,2018-02-02T12:00:00Z,,long,T4c_H1_sweep_lo_long,,4,,0,,,,,,,,,,,,,,,,2.4251708123436018,,,,,33.25907114351851,-19.26661232898015,-9.727871775802685,,,,bull,bull,,,,,,,tp_hit,,,0.0189999999999999,,,,binance,1.0,backfilled from tiered_trades.csv; signal-TF rsi=33.25907114351851; atr_rank=0.95; dist_ema200=-19.26661232898015
ttr-20180203150000-00077,backtest_tiered_raw_all_tf,binance,BTCUSDT,1h,2018-02-03T15:00:00Z,,short,T4d_H1_fail_brk_short,,4,,0,,,,,,,,,,,,,,,,1.90077569166934,,,,,64.86525904817462,-9.125334933006792,1.5202252139029264,,,,bull,bull,,,,,,,sl_hit,,,-0.011,,,,binance,1.0,backfilled from tiered_trades.csv; signal-TF rsi=64.86525904817462; atr_rank=0.56; dist_ema200=-9.125334933006792
ttr-20180204100000-00078,backtest_tiered_raw_all_tf,binance,BTCUSDT,1h,2018-02-04T10:00:00Z,,long,T4c_H1_sweep_lo_long,,4,,0,,,,,,,,,,,,,,,,1.2912772261741483,,,,,36.46018126304863,-10.880191677764206,-2.6117683271396257,,,,bull,bull,,,,,,,sl_hit,,,-0.011,,,,binance,1.0,backfilled from tiered_trades.csv; signal-TF rsi=36.46018126304863; atr_rank=0.22; dist_ema200=-10.880191677764206
ttr-20180206050000-00079,backtest_tiered_raw_all_tf,binance,BTCUSDT,1h,2018-02-06T05:00:00Z,,long,T4c_H1_sweep_lo_long,,4,,0,,,,,,,,,,,,,,,,1.867878300046644,,,,,34.66233159815299,-28.717214577893547,-15.09586516327707,,,,bull,bull,,,,,,,sl_hit,,,-0.0109999999999999,,,,binance,1.0,backfilled from tiered_trades.csv; signal-TF rsi=34.66233159815299; atr_rank=0.99; dist_ema200=-28.717214577893547
ttr-20180206200000-00080,backtest_tiered_raw_all_tf,binance,BTCUSDT,1h,2018-02-06T20:00:00Z,,short,T4d_H1_fail_brk_short,,4,,0,,,,,,,,,,,,,,,,1.067858481669176,,,,,73.27466978199014,-14.969326791409513,2.16351766542129,,,,bull,bull,,,,,,,sl_hit,,,-0.0109999999999999,,,,binance,1.0,backfilled from tiered_trades.csv; signal-TF rsi=73.27466978199014; atr_rank=0.82; dist_ema200=-14.969326791409513
ttr-20180209120000-00081,backtest_tiered_raw_all_tf,binance,BTCUSDT,4h,2018-02-09T12:00:00Z,,short,T3a_H4_sweep_hi_short_loose,,3,,0,,,,,,,,,,,,,,,,0.5273058599959753,,,,,71.72283752305573,-22.96211199333856,-1.9833405234690664,,,,bull,bull,,,,,,,sl_hit,,,-0.0159999999999998,,,,binance,1.0,backfilled from tiered_trades.csv; signal-TF rsi=71.72283752305573; atr_rank=0.85; dist_ema200=-22.96211199333856
ttr-20180209120000-00082,backtest_tiered_raw_all_tf,binance,BTCUSDT,4h,2018-02-09T12:00:00Z,,short,T4b_H4_sstar_short,,4,,0,,,,,,,,,,,,,,,,0.5273058599959753,,,,,71.72283752305573,-22.96211199333856,-1.9833405234690664,,,,bull,bull,,,,,,,sl_hit,,,-0.0159999999999998,,,,binance,1.0,backfilled from tiered_trades.csv; signal-TF rsi=71.72283752305573; atr_rank=0.85; dist_ema200=-22.96211199333856
ttr-20180210162814-00083,backtest_tiered_raw_all_tf,binance,BTCUSDT,1h,2018-02-10T16:28:14Z,,long,T4c_H1_sweep_lo_long,,4,,0,,,,,,,,,,,,,,,,1.632923339451912,,,,,24.79522523384433,-3.3547555315983946,-0.8178665916561703,,,,bull,bull,,,,,,,sl_hit,,,-0.0109999999999999,,,,binance,1.0,backfilled from tiered_trades.csv; signal-TF rsi=24.79522523384433; atr_rank=0.21; dist_ema200=-3.3547555315983946
ttr-20180211080000-00084,backtest_tiered_raw_all_tf,binance,BTCUSDT,1h,2018-02-11T08:00:00Z,,long,T4c_H1_sweep_lo_long,,4,,0,,,,,,,,,,,,,,,,1.2932815480557134,,,,,38.98985877227907,-7.116999745744915,-4.171294881233684,,,,bull,bull,,,,,,,sl_hit,,,-0.0109999999999999,,,,binance,1.0,backfilled from tiered_trades.csv; signal-TF rsi=38.98985877227907; atr_rank=0.37; dist_ema200=-7.116999745744915
ttr-20180213100000-00085,backtest_tiered_raw_all_tf,binance,BTCUSDT,1h,2018-02-13T10:00:00Z,,long,T4c_H1_sweep_lo_long,,4,,0,,,,,,,,,,,,,,,,1.0586344325504466,,,,,30.45053366174068,-0.447963494329078,-0.8139668726694536,,,,bull,bull,,,,,,,sl_hit,,,-0.0109999999999999,,,,binance,1.0,backfilled from tiered_trades.csv; signal-TF rsi=30.45053366174068; atr_rank=0.13; dist_ema200=-0.447963494329078
ttr-20180214160000-00086,backtest_tiered_raw_all_tf,binance,BTCUSDT,4h,2018-02-14T16:00:00Z,,short,T3a_H4_sweep_hi_short_loose,,3,,0,,,,,,,,,,,,,,,,1.085702966640171,,,,,67.0342475486713,-9.67049502847242,7.317717781003703,,,,bull,bull,,,,,,,sl_hit,,,-0.0159999999999998,,,,binance,1.0,backfilled from tiered_trades.csv; signal-TF rsi=67.0342475486713; atr_rank=0.01; dist_ema200=-9.67049502847242
ttr-20180216000000-00087,backtest_tiered_raw_all_tf,binance,BTCUSDT,4h,2018-02-16T00:00:00Z,,short,T4b_H4_sstar_short,,4,,0,,,,,,,,,,,,,,,,0.8974718621696701,,,,,79.41318264443211,-0.9030918973534288,12.981517718574686,,,,bull,bull,,,,,,,tp_hit,,,0.0289999999999999,,,,binance,1.0,backfilled from tiered_trades.csv; signal-TF rsi=79.41318264443211; atr_rank=0.16; dist_ema200=-0.9030918973534288
ttr-20180218100000-00088,backtest_tiered_raw_all_tf,binance,BTCUSDT,1h,2018-02-18T10:00:00Z,,long,T3b_H1_fail_brkdn_long,,3,,0,,,,,,,,,,,,,,,,1.6622523934522777,,,,,44.75735114690093,9.283882913878662,0.1624161578290746,,,,bull,bull,,,,,,,tp_hit,,,0.0239999999999999,,,,binance,1.0,backfilled from tiered_trades.csv; signal-TF rsi=44.75735114690093; atr_rank=1.0; dist_ema200=9.283882913878662
ttr-20180221200000-00089,backtest_tiered_raw_all_tf,binance,BTCUSDT,4h,2018-02-21T20:00:00Z,,long,T4a_H4_hammer_long,,4,,0,,,,,,,,,,,,,,,,1.1312176884193277,,,,,35.944721636141566,0.6340181296264759,0.5077423909976589,,,,bull,bull,,,,,,,tp_hit,,,0.0289999999999999,,,,binance,1.0,backfilled from tiered_trades.csv; signal-TF rsi=35.944721636141566; atr_rank=0.45; dist_ema200=0.6340181296264759
ttr-20180221200000-00090,backtest_tiered_raw_all_tf,binance,BTCUSDT,1h,2018-02-21T20:00:00Z,,long,T4c_H1_sweep_lo_long,,4,,0,,,,,,,,,,,,,,,,1.2678070815637326,,,,,26.078287984988137,-0.0528386957677389,-5.3174589194408215,,,,bull,bull,,,,,,,sl_hit,,,-0.011,,,,binance,1.0,backfilled from tiered_trades.csv; signal-TF rsi=26.078287984988137; atr_rank=0.74; dist_ema200=-0.0528386957677389
ttr-20180222130000-00091,backtest_tiered_raw_all_tf,binance,BTCUSDT,1h,2018-02-22T13:00:00Z,,long,T4c_H1_sweep_lo_long,,4,,0,,,,,,,,,,,,,,,,2.437359662007137,,,,,34.3321893115681,-4.797389111050466,-7.445215376349823,,,,bull,bull,,,,,,,sl_hit,,,-0.0109999999999999,,,,binance,1.0,backfilled from tiered_trades.csv; signal-TF rsi=34.3321893115681; atr_rank=0.81; dist_ema200=-4.797389111050466
ttr-20180223010000-00092,backtest_tiered_raw_all_tf,binance,BTCUSDT,1h,2018-02-23T01:00:00Z,,long,T4c_H1_sweep_lo_long,,4,,0,,,,,,,,,,,,,,,,0.91958576904676,,,,,31.36825760161705,-6.105664667220829,-6.483667066504026,,,,bull,bull,,,,,,,tp_hit,,,0.019,,,,binance,1.0,backfilled from tiered_trades.csv; signal-TF rsi=31.36825760161705; atr_rank=0.77; dist_ema200=-6.105664667220829
ttr-20180224120000-00093,backtest_tiered_raw_all_tf,binance,BTCUSDT,1h,2018-02-24T12:00:00Z,,long,T4c_H1_sweep_lo_long,,4,,0,,,,,,,,,,,,,,,,0.8088193256556774,,,,,35.19882550335564,-4.635831944962005,-3.683945454724095,,,,bull,bull,,,,,,,sl_hit,,,-0.011,,,,binance,1.0,backfilled from tiered_trades.csv; signal-TF rsi=35.19882550335564; atr_rank=0.47; dist_ema200=-4.635831944962005
ttr-20180225150000-00094,backtest_tiered_raw_all_tf,binance,BTCUSDT,1h,2018-02-25T15:00:00Z,,long,T4c_H1_sweep_lo_long,,4,,0,,,,,,,,,,,,,,,,1.65151771140754,,,,,30.65506707117261,-7.071760176628706,-4.065174747856181,,,,bull,bull,,,,,,,sl_hit,,,-0.0109999999999999,,,,binance,1.0,backfilled from tiered_trades.csv; signal-TF rsi=30.65506707117261; atr_rank=0.07; dist_ema200=-7.071760176628706
ttr-20180302150000-00095,backtest_tiered_raw_all_tf,binance,BTCUSDT,1h,2018-03-02T15:00:00Z,,long,T3b_H1_fail_brkdn_long,,3,,0,,,,,,,,,,,,,,,,0.6011256890631257,,,,,36.79860169560748,4.050331049806231,0.5315982580353048,,,,bull,bull,,,,,,,tp_hit,,,0.0239999999999998,,,,binance,1.0,backfilled from tiered_trades.csv; signal-TF rsi=36.79860169560748; atr_rank=0.35; dist_ema200=4.050331049806231
ttr-20180304040000-00096,backtest_tiered_raw_all_tf,binance,BTCUSDT,1h,2018-03-04T04:00:00Z,,long,T3b_H1_fail_brkdn_long,,3,,0,,,,,,,,,,,,,,,,1.2452956858170614,,,,,38.24310755972054,4.842229888085791,0.1163737023182745,,,,bull,bull,,,,,,,sl_hit,,,-0.013,,,,binance,1.0,backfilled from tiered_trades.csv; signal-TF rsi=38.24310755972054; atr_rank=0.19; dist_ema200=4.842229888085791
ttr-20180304040000-00097,backtest_tiered_raw_all_tf,binance,BTCUSDT,1h,2018-03-04T04:00:00Z,,long,T4c_H1_sweep_lo_long,,4,,0,,,,,,,,,,,,,,,,1.2452956858170614,,,,,38.24310755972054,4.842229888085791,0.1163737023182745,,,,bull,bull,,,,,,,sl_hit,,,-0.011,,,,binance,1.0,backfilled from tiered_trades.csv; signal-TF rsi=38.24310755972054; atr_rank=0.19; dist_ema200=4.842229888085791
ttr-20180306010000-00098,backtest_tiered_raw_all_tf,binance,BTCUSDT,1h,2018-03-06T01:00:00Z,,long,T4c_H1_sweep_lo_long,,4,,0,,,,,,,,,,,,,,,,1.989548951087719,,,,,36.0752530949298,3.2309057127629304,-0.8937402166486391,,,,bull,bull,,,,,,,sl_hit,,,-0.011,,,,binance,1.0,backfilled from tiered_trades.csv; signal-TF rsi=36.0752530949298; atr_rank=0.29; dist_ema200=3.2309057127629304
ttr-20180306190000-00099,backtest_tiered_raw_all_tf,binance,BTCUSDT,1h,2018-03-06T19:00:00Z,,long,T4c_H1_sweep_lo_long,,4,,0,,,,,,,,,,,,,,,,1.8737572537399,,,,,19.082921198491363,-2.4401218588826743,-4.488315759418193,,,,bull,bull,,,,,,,sl_hit,,,-0.0109999999999999,,,,binance,1.0,backfilled from tiered_trades.csv; signal-TF rsi=19.082921198491363; atr_rank=1.0; dist_ema200=-2.4401218588826743
ttr-20180307070000-00100,backtest_tiered_raw_all_tf,binance,BTCUSDT,1h,2018-03-07T07:00:00Z,,long,T4c_H1_sweep_lo_long,,4,,0,,,,,,,,,,,,,,,,1.4571856199368889,,,,,37.73446050496283,-3.9803461309083374,-4.622444551054408,,,,bull,bull,,,,,,,tp_hit,,,0.019,,,,binance,1.0,backfilled from tiered_trades.csv; signal-TF rsi=37.73446050496283; atr_rank=0.97; dist_ema200=-3.9803461309083374
ttr-20180309060000-00101,backtest_tiered_raw_all_tf,binance,BTCUSDT,1h,2018-03-09T06:00:00Z,,long,T4c_H1_sweep_lo_long,,4,,0,,,,,,,,,,,,,,,,2.2430321067886,,,,,31.08309264607867,-15.67637991762309,-9.18632055300982,,,,bull,bull,,,,,,,sl_hit,,,-0.011,,,,binance,1.0,backfilled from tiered_trades.csv; signal-TF rsi=31.08309264607867; atr_rank=0.95; dist_ema200=-15.67637991762309
ttr-20180309230000-00102,backtest_tiered_raw_all_tf,binance,BTCUSDT,1h,2018-03-09T23:00:00Z,,short,T4d_H1_fail_brk_short,,4,,0,,,,,,,,,,,,,,,,0.9872172983388136,,,,,66.84186785385083,-9.708414480959735,-0.9465102579427812,,,,bull,bull,,,,,,,sl_hit,,,-0.0109999999999999,,,,binance,1.0,backfilled from tiered_trades.csv; signal-TF rsi=66.84186785385083; atr_rank=0.72; dist_ema200=-9.708414480959735
ttr-20180310220000-00103,backtest_tiered_raw_all_tf,binance,BTCUSDT,1h,2018-03-10T22:00:00Z,,long,T4c_H1_sweep_lo_long,,4,,0,,,,,,,,,,,,,,,,1.3495989328062807,,,,,30.891317733990192,-11.81275764846391,-4.428978068555033,,,,bull,bull,,,,,,,sl_hit,,,-0.011,,,,binance,1.0,backfilled from tiered_trades.csv; signal-TF rsi=30.891317733990192; atr_rank=0.35; dist_ema200=-11.81275764846391
ttr-20180311180000-00104,backtest_tiered_raw_all_tf,binance,BTCUSDT,1h,2018-03-11T18:00:00Z,,short,T4d_H1_fail_brk_short,,4,,0,,,,,,,,,,,,,,,,1.4620356868175814,,,,,73.80056686421028,-2.3150724214673284,5.433405471416453,,,,bull,bull,,,,,,,sl_hit,,,-0.0109999999999999,,,,binance,1.0,backfilled from tiered_trades.csv; signal-TF rsi=73.80056686421028; atr_rank=0.49; dist_ema200=-2.3150724214673284
ttr-20180312160000-00105,backtest_tiered_raw_all_tf,binance,BTCUSDT,1h,2018-03-12T16:00:00Z,,long,T4c_H1_sweep_lo_long,,4,,0,,,,,,,,,,,,,,,,1.9215033587815835,,,,,36.16707337835537,-5.847333659783334,-1.804458573736264,,,,bull,bull,,,,,,,sl_hit,,,-0.011,,,,binance,1.0,backfilled from tiered_trades.csv; signal-TF rsi=36.16707337835537; atr_rank=0.47; dist_ema200=-5.847333659783334
ttr-20180314120000-00106,backtest_tiered_raw_all_tf,binance,BTCUSDT,1h,2018-03-14T12:00:00Z,,long,T4c_H1_sweep_lo_long,,4,,0,,,,,,,,,,,,,,,,1.8073699772308307,,,,,28.06274993459664,-8.798885146804404,-4.730976608161129,,,,bull,bull,,,,,,,sl_hit,,,-0.011,,,,binance,1.0,backfilled from tiered_trades.csv; signal-TF rsi=28.06274993459664; atr_rank=0.09; dist_ema200=-8.798885146804404
ttr-20180315060000-00107,backtest_tiered_raw_all_tf,binance,BTCUSDT,1h,2018-03-15T06:00:00Z,,long,T4c_H1_sweep_lo_long,,4,,0,,,,,,,,,,,,,,,,1.2372297046820715,,,,,29.10901521193541,-15.635478859871116,-8.870469653872787,,,,bull,bull,,,,,,,tp_hit,,,0.0189999999999999,,,,binance,1.0,backfilled from tiered_trades.csv; signal-TF rsi=29.10901521193541; atr_rank=0.9; dist_ema200=-15.635478859871116
ttr-20180316140000-00108,backtest_tiered_raw_all_tf,binance,BTCUSDT,1h,2018-03-16T14:00:00Z,,short,T4d_H1_fail_brk_short,,4,,0,,,,,,,,,,,,,,,,1.3672316585639168,,,,,69.93112285760051,-6.450048850282032,1.27137806560991,,,,bull,bull,,,,,,,sl_hit,,,-0.0109999999999999,,,,binance,1.0,backfilled from tiered_trades.csv; signal-TF rsi=69.93112285760051; atr_rank=0.18; dist_ema200=-6.450048850282032
ttr-20180317190000-00109,backtest_tiered_raw_all_tf,binance,BTCUSDT,1h,2018-03-17T19:00:00Z,,long,T4c_H1_sweep_lo_long,,4,,0,,,,,,,,,,,,,,,,1.2343830814329,,,,,26.843530979920004,-11.097663863605314,-4.576703848342042,,,,bull,bull,,,,,,,tp_hit,,,0.019,,,,binance,1.0,backfilled from tiered_trades.csv; signal-TF rsi=26.843530979920004; atr_rank=0.14; dist_ema200=-11.097663863605314
ttr-20180318220000-00110,backtest_tiered_raw_all_tf,binance,BTCUSDT,1h,2018-03-18T22:00:00Z,,short,T4d_H1_fail_brk_short,,4,,0,,,,,,,,,,,,,,,,1.8255390071447628,,,,,61.92794771121597,-4.555448624063816,3.662085053448158,,,,bull,bull,,,,,,,sl_hit,,,-0.011,,,,binance,1.0,backfilled from tiered_trades.csv; signal-TF rsi=61.92794771121597; atr_rank=0.96; dist_ema200=-4.555448624063816
ttr-20180320200000-00111,backtest_tiered_raw_all_tf,binance,BTCUSDT,4h,2018-03-20T20:00:00Z,,short,T4b_H4_sstar_short,,4,,0,,,,,,,,,,,,,,,,0.9547440785004117,,,,,81.92071000962865,-6.156698277997751,4.502250943497634,,,,bull,bull,,,,,,,sl_hit,,,-0.0159999999999998,,,,binance,1.0,backfilled from tiered_trades.csv; signal-TF rsi=81.92071000962865; atr_rank=0.33; dist_ema200=-6.156698277997751
ttr-20180321040000-00112,backtest_tiered_raw_all_tf,binance,BTCUSDT,4h,2018-03-21T04:00:00Z,,short,T3a_H4_sweep_hi_short_loose,,3,,0,,,,,,,,,,,,,,,,0.7620082988216464,,,,,70.2776956840596,-5.8354010254828985,4.316711167024028,,,,bull,bull,,,,,,,sl_hit,,,-0.0159999999999998,,,,binance,1.0,backfilled from tiered_trades.csv; signal-TF rsi=70.2776956840596; atr_rank=0.19; dist_ema200=-5.8354010254828985
ttr-20180323030000-00113,backtest_tiered_raw_all_tf,binance,BTCUSDT,1h,2018-03-23T03:00:00Z,,long,T4c_H1_sweep_lo_long,,4,,0,,,,,,,,,,,,,,,,0.8767165520590577,,,,,39.63110029460741,-2.7048758577087826,-3.5344144794203696,,,,bull,bull,,,,,,,sl_hit,,,-0.0109999999999999,,,,binance,1.0,backfilled from tiered_trades.csv; signal-TF rsi=39.63110029460741; atr_rank=0.37; dist_ema200=-2.7048758577087826
ttr-20180325000000-00114,backtest_tiered_raw_all_tf,binance,BTCUSDT,1h,2018-03-25T00:00:00Z,,long,T4c_H1_sweep_lo_long,,4,,0,,,,,,,,,,,,,,,,1.249673079669663,,,,,37.74484994023452,-1.522466191479403,-2.4078434082653684,,,,bull,bull,,,,,,,sl_hit,,,-0.0109999999999999,,,,binance,1.0,backfilled from tiered_trades.csv; signal-TF rsi=37.74484994023452; atr_rank=0.83; dist_ema200=-1.522466191479403
ttr-20180326120000-00115,backtest_tiered_raw_all_tf,binance,BTCUSDT,1h,2018-03-26T12:00:00Z,,long,T4c_H1_sweep_lo_long,,4,,0,,,,,,,,,,,,,,,,2.148591816392946,,,,,21.633817771583807,-5.785104113830033,-4.617124914857186,,,,bull,bull,,,,,,,sl_hit,,,-0.011,,,,binance,1.0,backfilled from tiered_trades.csv; signal-TF rsi=21.633817771583807; atr_rank=0.09; dist_ema200=-5.785104113830033
ttr-20180329060000-00116,backtest_tiered_raw_all_tf,binance,BTCUSDT,1h,2018-03-29T06:00:00Z,,long,T4c_H1_sweep_lo_long,,4,,0,,,,,,,,,,,,,,,,1.4199691735008244,,,,,32.89695362775157,-7.755016554659077,-3.794691136888244,,,,bull,bull,,,,,,,sl_hit,,,-0.011,,,,binance,1.0,backfilled from tiered_trades.csv; signal-TF rsi=32.89695362775157; atr_rank=0.45; dist_ema200=-7.755016554659077
ttr-20180330010000-00117,backtest_tiered_raw_all_tf,binance,BTCUSDT,1h,2018-03-30T01:00:00Z,,long,T4c_H1_sweep_lo_long,,4,,0,,,,,,,,,,,,,,,,1.8389930701634536,,,,,28.695881514204917,-14.301764373721964,-8.46751450159871,,,,bull,bull,,,,,,,sl_hit,,,-0.011,,,,binance,1.0,backfilled from tiered_trades.csv; signal-TF rsi=28.695881514204917; atr_rank=1.0; dist_ema200=-14.301764373721964
ttr-20180331130000-00118,backtest_tiered_raw_all_tf,binance,BTCUSDT,1h,2018-03-31T13:00:00Z,,short,T4d_H1_fail_brk_short,,4,,0,,,,,,,,,,,,,,,,0.9551253526465552,,,,,58.47126064542108,-9.30183972889461,-0.91137894238538,,,,bull,bull,,,,,,,sl_hit,,,-0.0109999999999999,,,,binance,1.0,backfilled from tiered_trades.csv; signal-TF rsi=58.47126064542108; atr_rank=0.61; dist_ema200=-9.30183972889461
ttr-20180401090000-00119,backtest_tiered_raw_all_tf,binance,BTCUSDT,1h,2018-04-01T09:00:00Z,,long,T4c_H1_sweep_lo_long,,4,,0,,,,,,,,,,,,,,,,1.8156788139031037,,,,,29.89038964712539,-11.082047184682756,-3.366936259922932,,,,bull,bull,,,,,,,sl_hit,,,-0.0109999999999999,,,,binance,1.0,backfilled from tiered_trades.csv; signal-TF rsi=29.89038964712539; atr_rank=0.37; dist_ema200=-11.082047184682756
ttr-20180402010000-00120,backtest_tiered_raw_all_tf,binance,BTCUSDT,1h,2018-04-02T01:00:00Z,,short,T4d_H1_fail_brk_short,,4,,0,,,,,,,,,,,,,,,,0.6819569787240103,,,,,61.05597197634562,-7.510365447310503,0.37835809919112,,,,bull,bull,,,,,,,sl_hit,,,-0.011,,,,binance,1.0,backfilled from tiered_trades.csv; signal-TF rsi=61.05597197634562; atr_rank=0.66; dist_ema200=-7.510365447310503
ttr-20180403050000-00121,backtest_tiered_raw_all_tf,binance,BTCUSDT,1h,2018-04-03T05:00:00Z,,short,T4d_H1_fail_brk_short,,4,,0,,,,,,,,,,,,,,,,1.6005030062672232,,,,,74.66627211152755,-0.712467361085843,4.53499655222591,,,,bull,bull,,,,,,,sl_hit,,,-0.011,,,,binance,1.0,backfilled from tiered_trades.csv; signal-TF rsi=74.66627211152755; atr_rank=0.07; dist_ema200=-0.712467361085843
ttr-20180404110000-00122,backtest_tiered_raw_all_tf,binance,BTCUSDT,1h,2018-04-04T11:00:00Z,,long,T4c_H1_sweep_lo_long,,4,,0,,,,,,,,,,,,,,,,1.3813917006478138,,,,,17.842609835161,-4.121434479402523,-2.2170405585474176,,,,bull,bull,,,,,,,sl_hit,,,-0.011,,,,binance,1.0,backfilled from tiered_trades.csv; signal-TF rsi=17.842609835161; atr_rank=0.3; dist_ema200=-4.121434479402523
ttr-20180404230000-00123,backtest_tiered_raw_all_tf,binance,BTCUSDT,1h,2018-04-04T23:00:00Z,,long,T4c_H1_sweep_lo_long,,4,,0,,,,,,,,,,,,,,,,0.6440903648686228,,,,,27.59673818677915,-6.9703428262877125,-4.02233784332601,,,,bull,bull,,,,,,,sl_hit,,,-0.011,,,,binance,1.0,backfilled from tiered_trades.csv; signal-TF rsi=27.59673818677915; atr_rank=0.77; dist_ema200=-6.9703428262877125
ttr-20180407160000-00124,backtest_tiered_raw_all_tf,binance,BTCUSDT,1h,2018-04-07T16:00:00Z,,short,T4d_H1_fail_brk_short,,4,,0,,,,,,,,,,,,,,,,1.7141490405456177,,,,,74.50743582457139,-0.099267352348896,3.4588419464009994,,,,bull,bull,,,,,,,tp_hit,,,0.019,,,,binance,1.0,backfilled from tiered_trades.csv; signal-TF rsi=74.50743582457139; atr_rank=0.01; dist_ema200=-0.099267352348896
ttr-20180408120000-00125,backtest_tiered_raw_all_tf,binance,BTCUSDT,4h,2018-04-08T12:00:00Z,,short,T3a_H4_sweep_hi_short_loose,,3,,0,,,,,,,,,,,,,,,,0.8364953516304531,,,,,72.98650507134266,-12.750194088533748,0.2705521144785568,,,,bull,bull,,,,,,,sl_hit,,,-0.0159999999999998,,,,binance,1.0,backfilled from tiered_trades.csv; signal-TF rsi=72.98650507134266; atr_rank=0.01; dist_ema200=-12.750194088533748
ttr-20180409200000-00126,backtest_tiered_raw_all_tf,binance,BTCUSDT,1h,2018-04-09T20:00:00Z,,long,T4c_H1_sweep_lo_long,,4,,0,,,,,,,,,,,,,,,,1.0570972249056745,,,,,12.535260636611028,-4.718546374745989,-3.3313914503796727,,,,bull,bull,,,,,,,tp_hit,,,0.019,,,,binance,1.0,backfilled from tiered_trades.csv; signal-TF rsi=12.535260636611028; atr_rank=0.72; dist_ema200=-4.718546374745989
ttr-20180410160000-00127,backtest_tiered_raw_all_tf,binance,BTCUSDT,1h,2018-04-10T16:00:00Z,,short,T4d_H1_fail_brk_short,,4,,0,,,,,,,,,,,,,,,,0.945943202859299,,,,,60.51760529598004,-1.7186771035247324,0.1985069574352306,,,,bull,bull,,,,,,,sl_hit,,,-0.0109999999999999,,,,binance,1.0,backfilled from tiered_trades.csv; signal-TF rsi=60.51760529598004; atr_rank=0.24; dist_ema200=-1.7186771035247324
ttr-20180416130000-00128,backtest_tiered_raw_all_tf,binance,BTCUSDT,1h,2018-04-16T13:00:00Z,,long,T4c_H1_sweep_lo_long,,4,,0,,,,,,,,,,,,,,,,1.7587519674788104,,,,,25.10641551754901,4.1651480118242645,-1.748616387263917,,,,bull,bull,,,,,,,tp_hit,,,0.0189999999999999,,,,binance,1.0,backfilled from tiered_trades.csv; signal-TF rsi=25.10641551754901; atr_rank=0.48; dist_ema200=4.1651480118242645
ttr-20180426000000-00129,backtest_tiered_raw_all_tf,binance,BTCUSDT,1h,2018-04-26T00:00:00Z,,long,T4c_H1_sweep_lo_long,,4,,0,,,,,,,,,,,,,,,,1.2130541750853503,,,,,36.32480691105867,0.4832308502255861,-3.642914649658037,,,,bull,bull,,,,,,,sl_hit,,,-0.011,,,,binance,1.0,backfilled from tiered_trades.csv; signal-TF rsi=36.32480691105867; atr_rank=0.88; dist_ema200=0.4832308502255861
ttr-20180426080000-00130,backtest_tiered_raw_all_tf,binance,BTCUSDT,4h,2018-04-26T08:00:00Z,,long,T4a_H4_hammer_long,,4,,0,,,,,,,,,,,,,,,,0.9232007496527574,,,,,38.23178603502472,7.3062314832758,1.0632311651229638,,,,bull,bull,,,,,,,tp_hit,,,0.029,,,,binance,1.0,backfilled from tiered_trades.csv; signal-TF rsi=38.23178603502472; atr_rank=0.93; dist_ema200=7.3062314832758
ttr-20180428000000-00131,backtest_tiered_raw_all_tf,binance,BTCUSDT,1h,2018-04-28T00:00:00Z,,long,T4c_H1_sweep_lo_long,,4,,0,,,,,,,,,,,,,,,,1.123684794382646,,,,,30.10594764280513,1.499570833644971,-1.1177583355653795,,,,bull,bull,,,,,,,tp_hit,,,0.019,,,,binance,1.0,backfilled from tiered_trades.csv; signal-TF rsi=30.10594764280513; atr_rank=0.62; dist_ema200=1.499570833644971
ttr-20180501010000-00132,backtest_tiered_raw_all_tf,binance,BTCUSDT,1h,2018-05-01T01:00:00Z,,long,T4c_H1_sweep_lo_long,,4,,0,,,,,,,,,,,,,,,,2.4588415176174623,,,,,31.62396515870823,-1.097879379695242,-2.9537812072706053,,,,bull,bull,,,,,,,sl_hit,,,-0.011,,,,binance,1.0,backfilled from tiered_trades.csv; signal-TF rsi=31.62396515870823; atr_rank=0.4; dist_ema200=-1.097879379695242
ttr-20180506120000-00133,backtest_tiered_raw_all_tf,binance,BTCUSDT,1h,2018-05-06T12:00:00Z,,long,T4c_H1_sweep_lo_long,,4,,0,,,,,,,,,,,,,,,,1.5575034120983025,,,,,25.615301450012765,1.008812165076172,-2.069680418444235,,,,bull,bull,,,,,,,sl_hit,,,-0.011,,,,binance,1.0,backfilled from tiered_trades.csv; signal-TF rsi=25.615301450012765; atr_rank=0.83; dist_ema200=1.008812165076172
ttr-20180507030000-00134,backtest_tiered_raw_all_tf,binance,BTCUSDT,1h,2018-05-07T03:00:00Z,,long,T4c_H1_sweep_lo_long,,4,,0,,,,,,,,,,,,,,,,1.6990837848901823,,,,,35.25646401118102,-1.0750751779265797,-2.979265504217284,,,,bull,bull,,,,,,,sl_hit,,,-0.011,,,,binance,1.0,backfilled from tiered_trades.csv; signal-TF rsi=35.25646401118102; atr_rank=0.82; dist_ema200=-1.0750751779265797
ttr-20180507120000-00135,backtest_tiered_raw_all_tf,binance,BTCUSDT,4h,2018-05-07T12:00:00Z,,long,T4a_H4_hammer_long,,4,,0,,,,,,,,,,,,,,,,1.395869476764853,,,,,30.04753989955857,6.280594255041681,-0.7441969123748701,,,,bull,bull,,,,,,,sl_hit,,,-0.016,,,,binance,1.0,backfilled from tiered_trades.csv; signal-TF rsi=30.04753989955857; atr_rank=0.58; dist_ema200=6.280594255041681
ttr-20180508120000-00136,backtest_tiered_raw_all_tf,binance,BTCUSDT,4h,2018-05-08T12:00:00Z,,long,T4a_H4_hammer_long,,4,,0,,,,,,,,,,,,,,,,1.293484662303105,,,,,27.93375075742276,4.042004681898908,-2.26403829239364,,,,bull,bull,,,,,,,sl_hit,,,-0.016,,,,binance,1.0,backfilled from tiered_trades.csv; signal-TF rsi=27.93375075742276; atr_rank=0.52; dist_ema200=4.042004681898908
ttr-20180509130000-00137,backtest_tiered_raw_all_tf,binance,BTCUSDT,1h,2018-05-09T13:00:00Z,,short,T4d_H1_fail_brk_short,,4,,0,,,,,,,,,,,,,,,,0.8400677205706114,,,,,56.96707105719246,-0.940784446466556,0.2203750140198665,,,,bull,bull,,,,,,,sl_hit,,,-0.011,,,,binance,1.0,backfilled from tiered_trades.csv; signal-TF rsi=56.96707105719246; atr_rank=0.48; dist_ema200=-0.940784446466556
ttr-20180510180000-00138,backtest_tiered_raw_all_tf,binance,BTCUSDT,1h,2018-05-10T18:00:00Z,,long,T4c_H1_sweep_lo_long,,4,,0,,,,,,,,,,,,,,,,1.7397500811727422,,,,,31.44086384342829,-2.3741300976107147,-1.7883189860589694,,,,bull,bull,,,,,,,sl_hit,,,-0.011,,,,binance,1.0,backfilled from tiered_trades.csv; signal-TF rsi=31.44086384342829; atr_rank=0.32; dist_ema200=-2.3741300976107147
ttr-20180512060000-00139,backtest_tiered_raw_all_tf,binance,BTCUSDT,1h,2018-05-12T06:00:00Z,,long,T4c_H1_sweep_lo_long,,4,,0,,,,,,,,,,,,,,,,2.3415917399845627,,,,,17.96670184876247,-9.575554857771582,-5.538258718594153,,,,bull,bull,,,,,,,sl_hit,,,-0.0109999999999999,,,,binance,1.0,backfilled from tiered_trades.csv; signal-TF rsi=17.96670184876247; atr_rank=0.91; dist_ema200=-9.575554857771582
ttr-20180513150000-00140,backtest_tiered_raw_all_tf,binance,BTCUSDT,1h,2018-05-13T15:00:00Z,,short,T4d_H1_fail_brk_short,,4,,0,,,,,,,,,,,,,,,,1.5698376182173033,,,,,63.61493908528061,-3.613990238676636,0.908119819595156,,,,bull,bull,,,,,,,sl_hit,,,-0.0109999999999999,,,,binance,1.0,backfilled from tiered_trades.csv; signal-TF rsi=63.61493908528061; atr_rank=0.46; dist_ema200=-3.613990238676636
ttr-20180514050000-00141,backtest_tiered_raw_all_tf,binance,BTCUSDT,1h,2018-05-14T05:00:00Z,,long,T4c_H1_sweep_lo_long,,4,,0,,,,,,,,,,,,,,,,1.1581499867407892,,,,,35.86457873842083,-5.991244723967608,-2.268319358898617,,,,bull,bull,,,,,,,tp_hit,,,0.0189999999999999,,,,binance,1.0,backfilled from tiered_trades.csv; signal-TF rsi=35.86457873842083; atr_rank=0.7; dist_ema200=-5.991244723967608
ttr-20180514200000-00142,backtest_tiered_raw_all_tf,binance,BTCUSDT,4h,2018-05-14T20:00:00Z,,short,T3a_H4_sweep_hi_short_loose,,3,,0,,,,,,,,,,,,,,,,0.9050716293095604,,,,,63.44303952954545,-1.754324925804399,-2.087716307492365,,,,bull,bull,,,,,,,sl_hit,,,-0.0159999999999999,,,,binance,1.0,backfilled from tiered_trades.csv; signal-TF rsi=63.44303952954545; atr_rank=0.86; dist_ema200=-1.754324925804399
ttr-20180515150000-00143,backtest_tiered_raw_all_tf,binance,BTCUSDT,1h,2018-05-15T15:00:00Z,,long,T4c_H1_sweep_lo_long,,4,,0,,,,,,,,,,,,,,,,1.634314290989253,,,,,34.520892656115606,-3.5488063696656225,-1.4332147650157077,,,,bull,bull,,,,,,,sl_hit,,,-0.011,,,,binance,1.0,backfilled from tiered_trades.csv; signal-TF rsi=34.520892656115606; atr_rank=0.14; dist_ema200=-3.5488063696656225
ttr-20180518200000-00144,backtest_tiered_raw_all_tf,binance,BTCUSDT,1h,2018-05-18T20:00:00Z,,short,T4d_H1_fail_brk_short,,4,,0,,,,,,,,,,,,,,,,0.6037742275716111,,,,,77.57051771454526,-3.256935867886021,0.457085146804241,,,,bull,bull,,,,,,,sl_hit,,,-0.011,,,,binance,1.0,backfilled from tiered_trades.csv; signal-TF rsi=77.57051771454526; atr_rank=0.23; dist_ema200=-3.256935867886021
ttr-20180520200000-00145,backtest_tiered_raw_all_tf,binance,BTCUSDT,4h,2018-05-20T20:00:00Z,,short,T3a_H4_sweep_hi_short_loose,,3,,0,,,,,,,,,,,,,,,,0.8155721178838012,,,,,74.5916044490051,-1.5855993235681252,1.136088168009053,,,,bull,bull,,,,,,,tp_hit,,,0.029,,,,binance,1.0,backfilled from tiered_trades.csv; signal-TF rsi=74.5916044490051; atr_rank=0.04; dist_ema200=-1.5855993235681252
ttr-20180520200000-00146,backtest_tiered_raw_all_tf,binance,BTCUSDT,4h,2018-05-20T20:00:00Z,,short,T4b_H4_sstar_short,,4,,0,,,,,,,,,,,,,,,,0.8155721178838012,,,,,74.5916044490051,-1.5855993235681252,1.136088168009053,,,,bull,bull,,,,,,,tp_hit,,,0.029,,,,binance,1.0,backfilled from tiered_trades.csv; signal-TF rsi=74.5916044490051; atr_rank=0.04; dist_ema200=-1.5855993235681252
ttr-20180524090000-00147,backtest_tiered_raw_all_tf,binance,BTCUSDT,1h,2018-05-24T09:00:00Z,,long,T4c_H1_sweep_lo_long,,4,,0,,,,,,,,,,,,,,,,1.9005339880811216,,,,,37.20123453836403,-9.892077065399947,-5.599574139818772,,,,bull,bull,,,,,,,sl_hit,,,-0.0109999999999999,,,,binance,1.0,backfilled from tiered_trades.csv; signal-TF rsi=37.20123453836403; atr_rank=0.93; dist_ema200=-9.892077065399947
ttr-20180526080000-00148,backtest_tiered_raw_all_tf,binance,BTCUSDT,1h,2018-05-26T08:00:00Z,,short,T4d_H1_fail_brk_short,,4,,0,,,,,,,,,,,,,,,,1.0095032405266915,,,,,63.6201379970833,-4.775683450955484,0.2711864444329603,,,,bull,bull,,,,,,,sl_hit,,,-0.0109999999999999,,,,binance,1.0,backfilled from tiered_trades.csv; signal-TF rsi=63.6201379970833; atr_rank=0.33; dist_ema200=-4.775683450955484
ttr-20180528220000-00149,backtest_tiered_raw_all_tf,binance,BTCUSDT,1h,2018-05-28T22:00:00Z,,long,T4c_H1_sweep_lo_long,,4,,0,,,,,,,,,,,,,,,,1.743413525194962,,,,,37.953064548971696,-6.677379600304888,-2.2172373155906056,,,,bull,bull,,,,,,,sl_hit,,,-0.011,,,,binance,1.0,backfilled from tiered_trades.csv; signal-TF rsi=37.953064548971696; atr_rank=0.27; dist_ema200=-6.677379600304888
ttr-20180529120000-00150,backtest_tiered_raw_all_tf,binance,BTCUSDT,1h,2018-05-29T12:00:00Z,,short,T4d_H1_fail_brk_short,,4,,0,,,,,,,,,,,,,,,,1.1978580788361075,,,,,77.54813914271146,-2.2004218245924,2.358338328709334,,,,bull,bull,,,,,,,sl_hit,,,-0.011,,,,binance,1.0,backfilled from tiered_trades.csv; signal-TF rsi=77.54813914271146; atr_rank=0.76; dist_ema200=-2.2004218245924
ttr-20180531160000-00151,backtest_tiered_raw_all_tf,binance,BTCUSDT,4h,2018-05-31T16:00:00Z,,short,T3a_H4_sweep_hi_short_loose,,3,,0,,,,,,,,,,,,,,,,0.9536892060597194,,,,,60.509121636915054,-7.269967349735082,0.151691896323195,,,,bull,bull,,,,,,,sl_hit,,,-0.0159999999999998,,,,binance,1.0,backfilled from tiered_trades.csv; signal-TF rsi=60.509121636915054; atr_rank=0.19; dist_ema200=-7.269967349735082
ttr-20180531160000-00152,backtest_tiered_raw_all_tf,binance,BTCUSDT,4h,2018-05-31T16:00:00Z,,short,T4b_H4_sstar_short,,4,,0,,,,,,,,,,,,,,,,0.9536892060597194,,,,,60.509121636915054,-7.269967349735082,0.151691896323195,,,,bull,bull,,,,,,,sl_hit,,,-0.0159999999999998,,,,binance,1.0,backfilled from tiered_trades.csv; signal-TF rsi=60.509121636915054; atr_rank=0.19; dist_ema200=-7.269967349735082
ttr-20180605030000-00153,backtest_tiered_raw_all_tf,binance,BTCUSDT,1h,2018-06-05T03:00:00Z,,long,T4c_H1_sweep_lo_long,,4,,0,,,,,,,,,,,,,,,,1.1565708831174466,,,,,37.70237303171434,-1.9698101855530128,-1.985738365638948,,,,bull,bull,,,,,,,tp_hit,,,0.019,,,,binance,1.0,backfilled from tiered_trades.csv; signal-TF rsi=37.70237303171434; atr_rank=0.51; dist_ema200=-1.9698101855530128
ttr-20180607200000-00154,backtest_tiered_raw_all_tf,binance,BTCUSDT,1h,2018-06-07T20:00:00Z,,long,T4c_H1_sweep_lo_long,,4,,0,,,,,,,,,,,,,,,,1.0679888693988746,,,,,32.854918421231034,0.9918171862386612,0.2308425155044108,,,,bull,bull,,,,,,,sl_hit,,,-0.011,,,,binance,1.0,backfilled from tiered_trades.csv; signal-TF rsi=32.854918421231034; atr_rank=0.14; dist_ema200=0.9918171862386612
ttr-20180609170000-00155,backtest_tiered_raw_all_tf,binance,BTCUSDT,1h,2018-06-09T17:00:00Z,,long,T4c_H1_sweep_lo_long,,4,,0,,,,,,,,,,,,,,,,1.2868472699726643,,,,,36.34809369122939,-0.1158422006730178,-0.4344928644165402,,,,bull,bull,,,,,,,sl_hit,,,-0.0109999999999999,,,,binance,1.0,backfilled from tiered_trades.csv; signal-TF rsi=36.34809369122939; atr_rank=0.13; dist_ema200=-0.1158422006730178
ttr-20180610180000-00156,backtest_tiered_raw_all_tf,binance,BTCUSDT,1h,2018-06-10T18:00:00Z,,long,T4c_H1_sweep_lo_long,,4,,0,,,,,,,,,,,,,,,,2.527382825560677,,,,,16.445176263143594,-10.271552937700212,-8.453034723162961,,,,bull,bull,,,,,,,sl_hit,,,-0.0109999999999999,,,,binance,1.0,backfilled from tiered_trades.csv; signal-TF rsi=16.445176263143594; atr_rank=1.0; dist_ema200=-10.271552937700212
ttr-20180612000000-00157,backtest_tiered_raw_all_tf,binance,BTCUSDT,1h,2018-06-12T00:00:00Z,,short,T4d_H1_fail_brk_short,,4,,0,,,,,,,,,,,,,,,,0.7999510804553746,,,,,62.00895077076071,-6.667196897125481,-1.4640689167834318,,,,bull,bull,,,,,,,tp_hit,,,0.019,,,,binance,1.0,backfilled from tiered_trades.csv; signal-TF rsi=62.00895077076071; atr_rank=0.64; dist_ema200=-6.667196897125481
ttr-20180614180000-00158,backtest_tiered_raw_all_tf,binance,BTCUSDT,1h,2018-06-14T18:00:00Z,,short,T4d_H1_fail_brk_short,,4,,0,,,,,,,,,,,,,,,,1.462117742657535,,,,,63.99927307971892,-4.164855107588433,2.152044470469798,,,,bull,bull,,,,,,,tp_hit,,,0.019,,,,binance,1.0,backfilled from tiered_trades.csv; signal-TF rsi=63.99927307971892; atr_rank=0.7; dist_ema200=-4.164855107588433
ttr-20180615200000-00159,backtest_tiered_raw_all_tf,binance,BTCUSDT,1h,2018-06-15T20:00:00Z,,long,T4c_H1_sweep_lo_long,,4,,0,,,,,,,,,,,,,,,,1.484545013979253,,,,,33.49486995040307,-5.270046843814251,-0.7560635042836671,,,,bull,bull,,,,,,,sl_hit,,,-0.011,,,,binance,1.0,backfilled from tiered_trades.csv; signal-TF rsi=33.49486995040307; atr_rank=0.35; dist_ema200=-5.270046843814251
ttr-20180616160000-00160,backtest_tiered_raw_all_tf,binance,BTCUSDT,1h,2018-06-16T16:00:00Z,,long,T3b_H1_fail_brkdn_long,,3,,0,,,,,,,,,,,,,,,,2.083844061453028,,,,,59.32832003273987,-3.893685307638236,0.4778146725099312,,,,bull,bull,,,,,,,sl_hit,,,-0.0129999999999999,,,,binance,1.0,backfilled from tiered_trades.csv; signal-TF rsi=59.32832003273987; atr_rank=0.18; dist_ema200=-3.893685307638236
ttr-20180619120000-00161,backtest_tiered_raw_all_tf,binance,BTCUSDT,4h,2018-06-19T12:00:00Z,,short,T4b_H4_sstar_short,,4,,0,,,,,,,,,,,,,,,,1.6016523275981258,,,,,69.13392388094847,-8.091295624438748,1.0263012311038304,,,,bull,bull,,,,,,,tp_hit,,,0.0289999999999999,,,,binance,1.0,backfilled from tiered_trades.csv; signal-TF rsi=69.13392388094847; atr_rank=0.45; dist_ema200=-8.091295624438748
ttr-20180619120000-00162,backtest_tiered_raw_all_tf,binance,BTCUSDT,4h,2018-06-19T12:00:00Z,,short,T3a_H4_sweep_hi_short_loose,,3,,0,,,,,,,,,,,,,,,,1.6016523275981258,,,,,69.13392388094847,-8.091295624438748,1.0263012311038304,,,,bull,bull,,,,,,,tp_hit,,,0.0289999999999999,,,,binance,1.0,backfilled from tiered_trades.csv; signal-TF rsi=69.13392388094847; atr_rank=0.45; dist_ema200=-8.091295624438748
ttr-20180622210000-00163,backtest_tiered_raw_all_tf,binance,BTCUSDT,1h,2018-06-22T21:00:00Z,,long,T4c_H1_sweep_lo_long,,4,,0,,,,,,,,,,,,,,,,1.826111394542102,,,,,21.8306954379928,-9.160271052413664,-7.107563193435,,,,bull,bull,,,,,,,sl_hit,,,-0.011,,,,binance,1.0,backfilled from tiered_trades.csv; signal-TF rsi=21.8306954379928; atr_rank=0.99; dist_ema200=-9.160271052413664
ttr-20180623220000-00164,backtest_tiered_raw_all_tf,binance,BTCUSDT,1h,2018-06-23T22:00:00Z,,short,T4d_H1_fail_brk_short,,4,,0,,,,,,,,,,,,,,,,0.9529545863511742,,,,,69.69471080540796,-4.912510830926155,-0.959242357548056,,,,bull,bull,,,,,,,tp_hit,,,0.019,,,,binance,1.0,backfilled from tiered_trades.csv; signal-TF rsi=69.69471080540796; atr_rank=0.64; dist_ema200=-4.912510830926155
ttr-20180624060000-00165,backtest_tiered_raw_all_tf,binance,BTCUSDT,1h,2018-06-24T06:00:00Z,,long,T4c_H1_sweep_lo_long,,4,,0,,,,,,,,,,,,,,,,2.055977110731732,,,,,25.3367145674838,-9.678875862430235,-5.442284821312585,,,,bull,bull,,,,,,,sl_hit,,,-0.011,,,,binance,1.0,backfilled from tiered_trades.csv; signal-TF rsi=25.3367145674838; atr_rank=0.79; dist_ema200=-9.678875862430235
ttr-20180624160000-00166,backtest_tiered_raw_all_tf,binance,BTCUSDT,1h,2018-06-24T16:00:00Z,,long,T3b_H1_fail_brkdn_long,,3,,0,,,,,,,,,,,,,,,,3.010885188104969,,,,,54.788301781909134,-3.5522305642776697,1.6247614239255213,,,,bull,bull,,,,,,,sl_hit,,,-0.0129999999999999,,,,binance,1.0,backfilled from tiered_trades.csv; signal-TF rsi=54.788301781909134; atr_rank=0.97; dist_ema200=-3.5522305642776697
ttr-20180625150000-00167,backtest_tiered_raw_all_tf,binance,BTCUSDT,1h,2018-06-25T15:00:00Z,,short,T4d_H1_fail_brk_short,,4,,0,,,,,,,,,,,,,,,,1.1479312675135362,,,,,66.55545936358453,-1.2022172887536564,2.45170038867277,,,,bull,bull,,,,,,,tp_hit,,,0.0189999999999999,,,,binance,1.0,backfilled from tiered_trades.csv; signal-TF rsi=66.55545936358453; atr_rank=0.51; dist_ema200=-1.2022172887536564
ttr-20180627000000-00168,backtest_tiered_raw_all_tf,binance,BTCUSDT,1h,2018-06-27T00:00:00Z,,long,T4c_H1_sweep_lo_long,,4,,0,,,,,,,,,,,,,,,,1.2518761276941162,,,,,34.37958514341608,-3.9548190093942712,-1.419079395122467,,,,bull,bull,,,,,,,sl_hit,,,-0.011,,,,binance,1.0,backfilled from tiered_trades.csv; signal-TF rsi=34.37958514341608; atr_rank=0.39; dist_ema200=-3.9548190093942712
ttr-20180628220000-00169,backtest_tiered_raw_all_tf,binance,BTCUSDT,1h,2018-06-28T22:00:00Z,,long,T4c_H1_sweep_lo_long,,4,,0,,,,,,,,,,,,,,,,1.4476468549549764,,,,,19.086209305574823,-4.888757482220989,-2.642627720797928,,,,bull,bull,,,,,,,sl_hit,,,-0.0109999999999999,,,,binance,1.0,backfilled from tiered_trades.csv; signal-TF rsi=19.086209305574823; atr_rank=0.23; dist_ema200=-4.888757482220989
ttr-20180701150000-00170,backtest_tiered_raw_all_tf,binance,BTCUSDT,1h,2018-07-01T15:00:00Z,,long,T3b_H1_fail_brkdn_long,,3,,0,,,,,,,,,,,,,,,,1.3777923644286352,,,,,44.597847161864046,1.2997340887187052,0.4932757087235555,,,,bull,bull,,,,,,,tp_hit,,,0.0239999999999999,,,,binance,1.0,backfilled from tiered_trades.csv; signal-TF rsi=44.597847161864046; atr_rank=0.18; dist_ema200=1.2997340887187052
ttr-20180702160000-00171,backtest_tiered_raw_all_tf,binance,BTCUSDT,4h,2018-07-02T16:00:00Z,,short,T4b_H4_sstar_short,,4,,0,,,,,,,,,,,,,,,,1.1777575480966107,,,,,68.20138647083026,-1.9246436653060384,5.495085981688759,,,,bull,bull,,,,,,,sl_hit,,,-0.0159999999999999,,,,binance,1.0,backfilled from tiered_trades.csv; signal-TF rsi=68.20138647083026; atr_rank=0.33; dist_ema200=-1.9246436653060384
ttr-20180703110000-00172,backtest_tiered_raw_all_tf,binance,BTCUSDT,1h,2018-07-03T11:00:00Z,,long,T3b_H1_fail_brkdn_long,,3,,0,,,,,,,,,,,,,,,,0.8599381762518574,,,,,32.144739995207345,3.889078540364996,1.1885493114840284,,,,bull,bull,,,,,,,sl_hit,,,-0.013,,,,binance,1.0,backfilled from tiered_trades.csv; signal-TF rsi=32.144739995207345; atr_rank=0.09; dist_ema200=3.889078540364996
ttr-20180706070000-00173,backtest_tiered_raw_all_tf,binance,BTCUSDT,1h,2018-07-06T07:00:00Z,,long,T4c_H1_sweep_lo_long,,4,,0,,,,,,,,,,,,,,,,1.1741602629476688,,,,,37.14267978521989,0.5476675889022493,-1.1933497134487143,,,,bull,bull,,,,,,,tp_hit,,,0.019,,,,binance,1.0,backfilled from tiered_trades.csv; signal-TF rsi=37.14267978521989; atr_rank=0.37; dist_ema200=0.5476675889022493
ttr-20180710100000-00174,backtest_tiered_raw_all_tf,binance,BTCUSDT,1h,2018-07-10T10:00:00Z,,long,T4c_H1_sweep_lo_long,,4,,0,,,,,,,,,,,,,,,,1.5296774253475636,,,,,20.181078598609048,-1.626424247001546,-2.786623941918035,,,,bull,bull,,,,,,,sl_hit,,,-0.011,,,,binance,1.0,backfilled from tiered_trades.csv; signal-TF rsi=20.181078598609048; atr_rank=1.0; dist_ema200=-1.626424247001546
ttr-20180712080000-00175,backtest_tiered_raw_all_tf,binance,BTCUSDT,1h,2018-07-12T08:00:00Z,,long,T4c_H1_sweep_lo_long,,4,,0,,,,,,,,,,,,,,,,1.4967433261707996,,,,,26.992858521521057,-4.556323384052542,-2.93323923440404,,,,bull,bull,,,,,,,sl_hit,,,-0.011,,,,binance,1.0,backfilled from tiered_trades.csv; signal-TF rsi=26.992858521521057; atr_rank=0.7; dist_ema200=-4.556323384052542
ttr-20180718200000-00176,backtest_tiered_raw_all_tf,binance,BTCUSDT,1h,2018-07-18T20:00:00Z,,long,T4c_H1_sweep_lo_long,,4,,0,,,,,,,,,,,,,,,,1.9546907759138168,,,,,35.62510762872405,9.82623630147163,2.768759334490803,,,,bull,bull,,,,,,,tp_hit,,,0.019,,,,binance,1.0,backfilled from tiered_trades.csv; signal-TF rsi=35.62510762872405; atr_rank=0.87; dist_ema200=9.82623630147163
ttr-20180725160000-00177,backtest_tiered_raw_all_tf,binance,BTCUSDT,1h,2018-07-25T16:00:00Z,,long,T3b_H1_fail_brkdn_long,,3,,0,,,,,,,,,,,,,,,,1.239404456040177,,,,,33.202933985330134,7.936142062716267,0.8848748303951546,,,,bull,bull,,,,,,,sl_hit,,,-0.013,,,,binance,1.0,backfilled from tiered_trades.csv; signal-TF rsi=33.202933985330134; atr_rank=0.71; dist_ema200=7.936142062716267
ttr-20180726230000-00178,backtest_tiered_raw_all_tf,binance,BTCUSDT,1h,2018-07-26T23:00:00Z,,long,T4c_H1_sweep_lo_long,,4,,0,,,,,,,,,,,,,,,,2.1575051549021573,,,,,17.431311800827288,2.395507333884616,-2.881636457933132,,,,bull,bull,,,,,,,sl_hit,,,-0.0109999999999999,,,,binance,1.0,backfilled from tiered_trades.csv; signal-TF rsi=17.431311800827288; atr_rank=0.68; dist_ema200=2.395507333884616
ttr-20180730180000-00179,backtest_tiered_raw_all_tf,binance,BTCUSDT,1h,2018-07-30T18:00:00Z,,long,T4c_H1_sweep_lo_long,,4,,0,,,,,,,,,,,,,,,,2.3607079859615707,,,,,28.567863313495835,-0.2271484547282024,-2.3261486158938296,,,,bull,bull,,,,,,,tp_hit,,,0.019,,,,binance,1.0,backfilled from tiered_trades.csv; signal-TF rsi=28.567863313495835; atr_rank=0.72; dist_ema200=-0.2271484547282024
ttr-20180731140000-00180,backtest_tiered_raw_all_tf,binance,BTCUSDT,1h,2018-07-31T14:00:00Z,,long,T4c_H1_sweep_lo_long,,4,,0,,,,,,,,,,,,,,,,2.098966946606401,,,,,13.171739587916733,-3.1664968037354204,-4.235392099752929,,,,bull,bull,,,,,,,sl_hit,,,-0.0109999999999999,,,,binance,1.0,backfilled from tiered_trades.csv; signal-TF rsi=13.171739587916733; atr_rank=0.85; dist_ema200=-3.1664968037354204
ttr-20180731200000-00181,backtest_tiered_raw_all_tf,binance,BTCUSDT,4h,2018-07-31T20:00:00Z,,long,T4a_H4_hammer_long,,4,,0,,,,,,,,,,,,,,,,1.2125951426977224,,,,,8.926708938297764,5.220068042991458,-3.087049232775559,,,,bull,bull,,,,,,,sl_hit,,,-0.016,,,,binance,1.0,backfilled from tiered_trades.csv; signal-TF rsi=8.926708938297764; atr_rank=0.58; dist_ema200=5.220068042991458
ttr-20180801030000-00182,backtest_tiered_raw_all_tf,binance,BTCUSDT,1h,2018-08-01T03:00:00Z,,long,T4c_H1_sweep_lo_long,,4,,0,,,,,,,,,,,,,,,,0.6843582017201943,,,,,30.673935596737092,-5.223689879583306,-4.772536752505526,,,,bull,bull,,,,,,,sl_hit,,,-0.0109999999999999,,,,binance,1.0,backfilled from tiered_trades.csv; signal-TF rsi=30.673935596737092; atr_rank=0.9; dist_ema200=-5.223689879583306
ttr-20180801200000-00183,backtest_tiered_raw_all_tf,binance,BTCUSDT,4h,2018-08-01T20:00:00Z,,long,T4a_H4_hammer_long,,4,,0,,,,,,,,,,,,,,,,1.228352445130246,,,,,18.747286672133527,3.315905872688864,-3.6306275481216983,,,,bull,bull,,,,,,,sl_hit,,,-0.0159999999999999,,,,binance,1.0,backfilled from tiered_trades.csv; signal-TF rsi=18.747286672133527; atr_rank=0.75; dist_ema200=3.315905872688864
ttr-20180802010000-00184,backtest_tiered_raw_all_tf,binance,BTCUSDT,1h,2018-08-02T01:00:00Z,,short,T4d_H1_fail_brk_short,,4,,0,,,,,,,,,,,,,,,,0.8118336490570045,,,,,60.61057482223016,-2.630400297419755,-0.5861387889120203,,,,bull,bull,,,,,,,tp_hit,,,0.019,,,,binance,1.0,backfilled from tiered_trades.csv; signal-TF rsi=60.61057482223016; atr_rank=0.64; dist_ema200=-2.630400297419755
ttr-20180803020000-00185,backtest_tiered_raw_all_tf,binance,BTCUSDT,1h,2018-08-03T02:00:00Z,,long,T4c_H1_sweep_lo_long,,4,,0,,,,,,,,,,,,,,,,0.6306846694215665,,,,,30.439085009435303,-5.959587388057071,-3.3639509730992825,,,,bull,bull,,,,,,,tp_hit,,,0.019,,,,binance,1.0,backfilled from tiered_trades.csv; signal-TF rsi=30.439085009435303; atr_rank=0.69; dist_ema200=-5.959587388057071
ttr-20180804170000-00186,backtest_tiered_raw_all_tf,binance,BTCUSDT,1h,2018-08-04T17:00:00Z,,long,T4c_H1_sweep_lo_long,,4,,0,,,,,,,,,,,,,,,,1.1578929441596102,,,,,11.143695014662896,-8.811996356891399,-5.455768413392883,,,,bull,bull,,,,,,,sl_hit,,,-0.0109999999999999,,,,binance,1.0,backfilled from tiered_trades.csv; signal-TF rsi=11.143695014662896; atr_rank=0.87; dist_ema200=-8.811996356891399
ttr-20180806020000-00187,backtest_tiered_raw_all_tf,binance,BTCUSDT,1h,2018-08-06T02:00:00Z,,short,T4d_H1_fail_brk_short,,4,,0,,,,,,,,,,,,,,,,0.9785018724723992,,,,,60.10332950631456,-4.570267353256053,0.2717157066472354,,,,bull,bull,,,,,,,tp_hit,,,0.0189999999999999,,,,binance,1.0,backfilled from tiered_trades.csv; signal-TF rsi=60.10332950631456; atr_rank=0.73; dist_ema200=-4.570267353256053
ttr-20180806130000-00188,backtest_tiered_raw_all_tf,binance,BTCUSDT,1h,2018-08-06T13:00:00Z,,long,T4c_H1_sweep_lo_long,,4,,0,,,,,,,,,,,,,,,,1.5261087184287208,,,,,37.144850159632966,-6.749862619784574,-2.109977263503327,,,,bull,bull,,,,,,,sl_hit,,,-0.011,,,,binance,1.0,backfilled from tiered_trades.csv; signal-TF rsi=37.144850159632966; atr_rank=0.59; dist_ema200=-6.749862619784574
ttr-20180807080000-00189,backtest_tiered_raw_all_tf,binance,BTCUSDT,1h,2018-08-07T08:00:00Z,,short,T4d_H1_fail_brk_short,,4,,0,,,,,,,,,,,,,,,,0.7124843351626308,,,,,63.84253710703419,-4.106973654829684,0.5115112622071107,,,,bull,bull,,,,,,,sl_hit,,,-0.011,,,,binance,1.0,backfilled from tiered_trades.csv; signal-TF rsi=63.84253710703419; atr_rank=0.43; dist_ema200=-4.106973654829684
ttr-20180808050000-00190,backtest_tiered_raw_all_tf,binance,BTCUSDT,1h,2018-08-08T05:00:00Z,,long,T4c_H1_sweep_lo_long,,4,,0,,,,,,,,,,,,,,,,1.5136188246446254,,,,,12.104504976427478,-9.907842374448132,-5.35675139490079,,,,bull,bull,,,,,,,sl_hit,,,-0.0109999999999999,,,,binance,1.0,backfilled from tiered_trades.csv; signal-TF rsi=12.104504976427478; atr_rank=1.0; dist_ema200=-9.907842374448132
ttr-20180808180000-00191,backtest_tiered_raw_all_tf,binance,BTCUSDT,1h,2018-08-08T18:00:00Z,,long,T4c_H1_sweep_lo_long,,4,,0,,,,,,,,,,,,,,,,1.6445458685128118,,,,,30.634081688729395,-12.44162855414481,-6.644589215376792,,,,bull,bull,,,,,,,sl_hit,,,-0.011,,,,binance,1.0,backfilled from tiered_trades.csv; signal-TF rsi=30.634081688729395; atr_rank=0.97; dist_ema200=-12.44162855414481
ttr-20180809150000-00192,backtest_tiered_raw_all_tf,binance,BTCUSDT,1h,2018-08-09T15:00:00Z,,short,T4d_H1_fail_brk_short,,4,,0,,,,,,,,,,,,,,,,1.5258185495291574,,,,,61.274370488262456,-7.90732135798442,-0.8340793599939653,,,,bull,bull,,,,,,,sl_hit,,,-0.011,,,,binance,1.0,backfilled from tiered_trades.csv; signal-TF rsi=61.274370488262456; atr_rank=0.72; dist_ema200=-7.90732135798442
ttr-20180811050000-00193,backtest_tiered_raw_all_tf,binance,BTCUSDT,1h,2018-08-11T05:00:00Z,,long,T4c_H1_sweep_lo_long,,4,,0,,,,,,,,,,,,,,,,1.569659550769373,,,,,24.84449219633565,-10.267647681342496,-3.92996083908441,,,,bull,bull,,,,,,,tp_hit,,,0.0189999999999999,,,,binance,1.0,backfilled from tiered_trades.csv; signal-TF rsi=24.84449219633565; atr_rank=0.97; dist_ema200=-10.267647681342496
ttr-20180811180000-00194,backtest_tiered_raw_all_tf,binance,BTCUSDT,1h,2018-08-11T18:00:00Z,,short,T4d_H1_fail_brk_short,,4,,0,,,,,,,,,,,,,,,,0.9735079520082596,,,,,79.04746587322317,-4.882264565199952,1.8530562320533148,,,,bull,bull,,,,,,,tp_hit,,,0.0189999999999999,,,,binance,1.0,backfilled from tiered_trades.csv; signal-TF rsi=79.04746587322317; atr_rank=0.66; dist_ema200=-4.882264565199952
ttr-20180813080000-00195,backtest_tiered_raw_all_tf,binance,BTCUSDT,4h,2018-08-13T08:00:00Z,,short,T4b_H4_sstar_short,,4,,0,,,,,,,,,,,,,,,,1.226031863527088,,,,,71.49193813754522,-8.413772783349708,-2.2630221611624504,,,,bull,bull,,,,,,,tp_hit,,,0.0289999999999999,,,,binance,1.0,backfilled from tiered_trades.csv; signal-TF rsi=71.49193813754522; atr_rank=0.79; dist_ema200=-8.413772783349708
ttr-20180813090000-00196,backtest_tiered_raw_all_tf,binance,BTCUSDT,1h,2018-08-13T09:00:00Z,,short,T4d_H1_fail_brk_short,,4,,0,,,,,,,,,,,,,,,,0.7993956162945923,,,,,69.13068474083929,-2.144233326712705,1.933604421860752,,,,bull,bull,,,,,,,tp_hit,,,0.019,,,,binance,1.0,backfilled from tiered_trades.csv; signal-TF rsi=69.13068474083929; atr_rank=0.05; dist_ema200=-2.144233326712705
ttr-20180814030000-00197,backtest_tiered_raw_all_tf,binance,BTCUSDT,1h,2018-08-14T03:00:00Z,,long,T4c_H1_sweep_lo_long,,4,,0,,,,,,,,,,,,,,,,0.9510544042374988,,,,,17.0485779158699,-8.58001825224542,-4.795168811791079,,,,bull,bull,,,,,,,tp_hit,,,0.019,,,,binance,1.0,backfilled from tiered_trades.csv; signal-TF rsi=17.0485779158699; atr_rank=0.88; dist_ema200=-8.58001825224542
ttr-20180815000000-00198,backtest_tiered_raw_all_tf,binance,BTCUSDT,1h,2018-08-15T00:00:00Z,,short,T4d_H1_fail_brk_short,,4,,0,,,,,,,,,,,,,,,,1.3567978470385436,,,,,71.7516768054904,-3.563608434729939,0.9533714779326856,,,,bull,bull,,,,,,,sl_hit,,,-0.0109999999999999,,,,binance,1.0,backfilled from tiered_trades.csv; signal-TF rsi=71.7516768054904; atr_rank=0.52; dist_ema200=-3.563608434729939
ttr-20180818150000-00199,backtest_tiered_raw_all_tf,binance,BTCUSDT,1h,2018-08-18T15:00:00Z,,long,T4c_H1_sweep_lo_long,,4,,0,,,,,,,,,,,,,,,,1.3284972595624356,,,,,26.84886193589044,-1.1639379811277175,-1.326966446792482,,,,bull,bull,,,,,,,sl_hit,,,-0.011,,,,binance,1.0,backfilled from tiered_trades.csv; signal-TF rsi=26.84886193589044; atr_rank=0.05; dist_ema200=-1.1639379811277175
ttr-20180822210000-00200,backtest_tiered_raw_all_tf,binance,BTCUSDT,1h,2018-08-22T21:00:00Z,,long,T4c_H1_sweep_lo_long,,4,,0,,,,,,,,,,,,,,,,0.8802992014658245,,,,,22.270114942528608,-1.3180857222083815,-2.076628180722888,,,,bull,bull,,,,,,,sl_hit,,,-0.011,,,,binance,1.0,backfilled from tiered_trades.csv; signal-TF rsi=22.270114942528608; atr_rank=0.86; dist_ema200=-1.3180857222083815
ttr-20180826060000-00201,backtest_tiered_raw_all_tf,binance,BTCUSDT,1h,2018-08-26T06:00:00Z,,long,T4c_H1_sweep_lo_long,,4,,0,,,,,,,,,,,,,,,,1.2041549416027209,,,,,32.26885644768849,1.1779641355818111,-0.5205092568579509,,,,bull,bull,,,,,,,tp_hit,,,0.019,,,,binance,1.0,backfilled from tiered_trades.csv; signal-TF rsi=32.26885644768849; atr_rank=0.28; dist_ema200=1.1779641355818111
ttr-20180829160000-00202,backtest_tiered_raw_all_tf,binance,BTCUSDT,1h,2018-08-29T16:00:00Z,,long,T3b_H1_fail_brkdn_long,,3,,0,,,,,,,,,,,,,,,,1.8234086999573,,,,,44.57419243392641,3.79339866775132,0.2497154857948542,,,,bull,bull,,,,,,,sl_hit,,,-0.0129999999999999,,,,binance,1.0,backfilled from tiered_trades.csv; signal-TF rsi=44.57419243392641; atr_rank=0.88; dist_ema200=3.79339866775132
ttr-20180830130000-00203,backtest_tiered_raw_all_tf,binance,BTCUSDT,1h,2018-08-30T13:00:00Z,,long,T4c_H1_sweep_lo_long,,4,,0,,,,,,,,,,,,,,,,1.4605509283024942,,,,,23.764872521246343,0.927582909662321,-1.7936198383520938,,,,bull,bull,,,,,,,tp_hit,,,0.0189999999999999,,,,binance,1.0,backfilled from tiered_trades.csv; signal-TF rsi=23.764872521246343; atr_rank=0.98; dist_ema200=0.927582909662321
ttr-20180906090000-00204,backtest_tiered_raw_all_tf,binance,BTCUSDT,1h,2018-09-06T09:00:00Z,,long,T4c_H1_sweep_lo_long,,4,,0,,,,,,,,,,,,,,,,1.1229046786725752,,,,,17.04441508283361,-9.102319237135903,-7.511891060788502,,,,bull,bull,,,,,,,tp_hit,,,0.019,,,,binance,1.0,backfilled from tiered_trades.csv; signal-TF rsi=17.04441508283361; atr_rank=1.0; dist_ema200=-9.102319237135903
ttr-20180908180000-00205,backtest_tiered_raw_all_tf,binance,BTCUSDT,1h,2018-09-08T18:00:00Z,,long,T4c_H1_sweep_lo_long,,4,,0,,,,,,,,,,,,,,,,2.5560397327858,,,,,17.74692977852422,-8.626430225156762,-4.295743337328046,,,,bull,bull,,,,,,,sl_hit,,,-0.0109999999999999,,,,binance,1.0,backfilled from tiered_trades.csv; signal-TF rsi=17.74692977852422; atr_rank=0.52; dist_ema200=-8.626430225156762
ttr-20180911020000-00206,backtest_tiered_raw_all_tf,binance,BTCUSDT,1h,2018-09-11T02:00:00Z,,short,T4d_H1_fail_brk_short,,4,,0,,,,,,,,,,,,,,,,1.2096706171068323,,,,,61.32075471698104,-3.1796293005996805,0.5540540869859354,,,,bull,bull,,,,,,,tp_hit,,,0.0189999999999999,,,,binance,1.0,backfilled from tiered_trades.csv; signal-TF rsi=61.32075471698104; atr_rank=0.35; dist_ema200=-3.1796293005996805
ttr-20180913010000-00207,backtest_tiered_raw_all_tf,binance,BTCUSDT,1h,2018-09-13T01:00:00Z,,short,T4d_H1_fail_brk_short,,4,,0,,,,,,,,,,,,,,,,1.1029836931056611,,,,,78.21785752969677,-0.9805026964364216,1.570345618613188,,,,bull,bull,,,,,,,sl_hit,,,-0.0109999999999999,,,,binance,1.0,backfilled from tiered_trades.csv; signal-TF rsi=78.21785752969677; atr_rank=0.39; dist_ema200=-0.9805026964364216
ttr-20180913120000-00208,backtest_tiered_raw_all_tf,binance,BTCUSDT,4h,2018-09-13T12:00:00Z,,short,T4b_H4_sstar_short,,4,,0,,,,,,,,,,,,,,,,1.4732850531668436,,,,,71.37319068596611,-3.13308324544406,0.3636321170500192,,,,bull,bull,,,,,,,sl_hit,,,-0.0159999999999999,,,,binance,1.0,backfilled from tiered_trades.csv; signal-TF rsi=71.37319068596611; atr_rank=0.34; dist_ema200=-3.13308324544406
ttr-20180918140000-00209,backtest_tiered_raw_all_tf,binance,BTCUSDT,1h,2018-09-18T14:00:00Z,,short,T4d_H1_fail_brk_short,,4,,0,,,,,,,,,,,,,,,,1.180619072632252,,,,,73.74645021828519,-1.1372691810348847,0.0936953618608873,,,,bull,bull,,,,,,,tp_hit,,,0.0189999999999999,,,,binance,1.0,backfilled from tiered_trades.csv; signal-TF rsi=73.74645021828519; atr_rank=0.43; dist_ema200=-1.1372691810348847
ttr-20180919120000-00210,backtest_tiered_raw_all_tf,binance,BTCUSDT,1h,2018-09-19T12:00:00Z,,long,T4c_H1_sweep_lo_long,,4,,0,,,,,,,,,,,,,,,,0.9167294356811782,,,,,36.66186515496489,-1.7970028059303076,-0.6685985649060618,,,,bull,bull,,,,,,,sl_hit,,,-0.011,,,,binance,1.0,backfilled from tiered_trades.csv; signal-TF rsi=36.66186515496489; atr_rank=0.56; dist_ema200=-1.7970028059303076
ttr-20180919190000-00211,backtest_tiered_raw_all_tf,binance,BTCUSDT,1h,2018-09-19T19:00:00Z,,long,T3b_H1_fail_brkdn_long,,3,,0,,,,,,,,,,,,,,,,5.063980152132732,,,,,55.3111804663117,0.0172804049292938,1.1797609591291174,,,,bull,bull,,,,,,,sl_hit,,,-0.0129999999999999,,,,binance,1.0,backfilled from tiered_trades.csv; signal-TF rsi=55.3111804663117; atr_rank=1.0; dist_ema200=0.0172804049292938
ttr-20180922090000-00212,backtest_tiered_raw_all_tf,binance,BTCUSDT,1h,2018-09-22T09:00:00Z,,long,T3b_H1_fail_brkdn_long,,3,,0,,,,,,,,,,,,,,,,0.5956595555554368,,,,,42.68694618543329,3.1312832539226725,1.059424545274624,,,,bull,bull,,,,,,,sl_hit,,,-0.013,,,,binance,1.0,backfilled from tiered_trades.csv; signal-TF rsi=42.68694618543329; atr_rank=0.66; dist_ema200=3.1312832539226725
ttr-20180925020000-00213,backtest_tiered_raw_all_tf,binance,BTCUSDT,1h,2018-09-25T02:00:00Z,,long,T4c_H1_sweep_lo_long,,4,,0,,,,,,,,,,,,,,,,1.2544085790937087,,,,,19.207192480588542,-2.133516126630329,-3.020980576781512,,,,bull,bull,,,,,,,sl_hit,,,-0.011,,,,binance,1.0,backfilled from tiered_trades.csv; signal-TF rsi=19.207192480588542; atr_rank=0.45; dist_ema200=-2.133516126630329
ttr-20180926120000-00214,backtest_tiered_raw_all_tf,binance,BTCUSDT,1h,2018-09-26T12:00:00Z,,short,T4d_H1_fail_brk_short,,4,,0,,,,,,,,,,,,,,,,1.3849261234889445,,,,,66.19103972950114,-0.5713783440130108,0.1702070162295406,,,,bull,bull,,,,,,,sl_hit,,,-0.0109999999999999,,,,binance,1.0,backfilled from tiered_trades.csv; signal-TF rsi=66.19103972950114; atr_rank=0.47; dist_ema200=-0.5713783440130108
ttr-20180929040000-00215,backtest_tiered_raw_all_tf,binance,BTCUSDT,1h,2018-09-29T04:00:00Z,,long,T4c_H1_sweep_lo_long,,4,,0,,,,,,,,,,,,,,,,0.9765877615997112,,,,,24.94355931110094,-0.7888806277248863,-1.395892631763971,,,,bull,bull,,,,,,,tp_hit,,,0.0189999999999999,,,,binance,1.0,backfilled from tiered_trades.csv; signal-TF rsi=24.94355931110094; atr_rank=0.87; dist_ema200=-0.7888806277248863
ttr-20181001140000-00216,backtest_tiered_raw_all_tf,binance,BTCUSDT,1h,2018-10-01T14:00:00Z,,long,T4c_H1_sweep_lo_long,,4,,0,,,,,,,,,,,,,,,,2.043151314451181,,,,,30.691538201324192,-0.148977344814374,-0.567809007371018,,,,bull,bull,,,,,,,sl_hit,,,-0.0109999999999999,,,,binance,1.0,backfilled from tiered_trades.csv; signal-TF rsi=30.691538201324192; atr_rank=0.44; dist_ema200=-0.148977344814374
ttr-20181002130000-00217,backtest_tiered_raw_all_tf,binance,BTCUSDT,1h,2018-10-02T13:00:00Z,,long,T4c_H1_sweep_lo_long,,4,,0,,,,,,,,,,,,,,,,1.6697443256325204,,,,,37.6915018986514,-0.1126645850967121,-0.3825424061295467,,,,bull,bull,,,,,,,sl_hit,,,-0.011,,,,binance,1.0,backfilled from tiered_trades.csv; signal-TF rsi=37.6915018986514; atr_rank=0.03; dist_ema200=-0.1126645850967121
ttr-20181006140000-00218,backtest_tiered_raw_all_tf,binance,BTCUSDT,1h,2018-10-06T14:00:00Z,,long,T4c_H1_sweep_lo_long,,4,,0,,,,,,,,,,,,,,,,0.6524601820094545,,,,,32.847630994886174,0.1783171521088635,-0.0834634714977967,,,,bull,bull,,,,,,,time,,,0.0096405905671945,,,,binance,1.0,backfilled from tiered_trades.csv; signal-TF rsi=32.847630994886174; atr_rank=0.07; dist_ema200=0.1783171521088635
ttr-20181009120000-00219,backtest_tiered_raw_all_tf,binance,BTCUSDT,1h,2018-10-09T12:00:00Z,,long,T4c_H1_sweep_lo_long,,4,,0,,,,,,,,,,,,,,,,1.4487484747601875,,,,,34.74244120940644,0.4953700143806443,-0.0792535894673051,,,,bull,bull,,,,,,,sl_hit,,,-0.0109999999999999,,,,binance,1.0,backfilled from tiered_trades.csv; signal-TF rsi=34.74244120940644; atr_rank=0.57; dist_ema200=0.4953700143806443
ttr-20181010060000-00220,backtest_tiered_raw_all_tf,binance,BTCUSDT,1h,2018-10-10T06:00:00Z,,long,T4c_H1_sweep_lo_long,,4,,0,,,,,,,,,,,,,,,,1.2079562140402067,,,,,32.47858431018915,-0.4691154933424515,-0.8826957355195879,,,,bull,bull,,,,,,,sl_hit,,,-0.0109999999999999,,,,binance,1.0,backfilled from tiered_trades.csv; signal-TF rsi=32.47858431018915; atr_rank=0.9; dist_ema200=-0.4691154933424515
ttr-20181011130000-00221,backtest_tiered_raw_all_tf,binance,BTCUSDT,1h,2018-10-11T13:00:00Z,,long,T4c_H1_sweep_lo_long,,4,,0,,,,,,,,,,,,,,,,1.6223912864332022,,,,,15.50837653712675,-3.976166441885296,-2.8535342748507104,,,,bull,bull,,,,,,,sl_hit,,,-0.011,,,,binance,1.0,backfilled from tiered_trades.csv; signal-TF rsi=15.50837653712675; atr_rank=1.0; dist_ema200=-3.976166441885296
ttr-20181014050000-00222,backtest_tiered_raw_all_tf,binance,BTCUSDT,1h,2018-10-14T05:00:00Z,,short,T4d_H1_fail_brk_short,,4,,0,,,,,,,,,,,,,,,,1.0698030223152262,,,,,64.70848895359848,-1.1796560258209805,0.5583890854839876,,,,bull,bull,,,,,,,sl_hit,,,-0.011,,,,binance,1.0,backfilled from tiered_trades.csv; signal-TF rsi=64.70848895359848; atr_rank=0.36; dist_ema200=-1.1796560258209805
ttr-20181018150000-00223,backtest_tiered_raw_all_tf,binance,BTCUSDT,1h,2018-10-18T15:00:00Z,,long,T4c_H1_sweep_lo_long,,4,,0,,,,,,,,,,,,,,,,1.5415661922353905,,,,,35.39180588703289,1.30396635101279,-0.3108923709989803,,,,bull,bull,,,,,,,sl_hit,,,-0.0109999999999999,,,,binance,1.0,backfilled from tiered_trades.csv; signal-TF rsi=35.39180588703289; atr_rank=0.13; dist_ema200=1.30396635101279
ttr-20181018200000-00224,backtest_tiered_raw_all_tf,binance,BTCUSDT,4h,2018-10-18T20:00:00Z,,long,T4a_H4_hammer_long,,4,,0,,,,,,,,,,,,,,,,0.5222288500227765,,,,,35.248492653515186,0.5508678976992343,-0.0273949876953018,,,,bull,bull,,,,,,,sl_hit,,,-0.016,,,,binance,1.0,backfilled from tiered_trades.csv; signal-TF rsi=35.248492653515186; atr_rank=0.46; dist_ema200=0.5508678976992343
ttr-20181020010000-00225,backtest_tiered_raw_all_tf,binance,BTCUSDT,1h,2018-10-20T01:00:00Z,,long,T4c_H1_sweep_lo_long,,4,,0,,,,,,,,,,,,,,,,1.0299962154397762,,,,,36.70390344119157,-0.9822143132139288,-1.1331003085958729,,,,bull,bull,,,,,,,time,,,0.0081287093019348,,,,binance,1.0,backfilled from tiered_trades.csv; signal-TF rsi=36.70390344119157; atr_rank=0.1; dist_ema200=-0.9822143132139288
ttr-20181020140000-00226,backtest_tiered_raw_all_tf,binance,BTCUSDT,1h,2018-10-20T14:00:00Z,,short,T4d_H1_fail_brk_short,,4,,0,,,,,,,,,,,,,,,,0.703540510436782,,,,,69.69480340940329,-0.2446535926877325,-0.1966538497588532,,,,bull,bull,,,,,,,sl_hit,,,-0.011,,,,binance,1.0,backfilled from tiered_trades.csv; signal-TF rsi=69.69480340940329; atr_rank=0.15; dist_ema200=-0.2446535926877325
ttr-20181022000000-00227,backtest_tiered_raw_all_tf,binance,BTCUSDT,1h,2018-10-22T00:00:00Z,,long,T4c_H1_sweep_lo_long,,4,,0,,,,,,,,,,,,,,,,1.7228670242078423,,,,,33.16630128405879,-0.2211203225408713,-0.2825687207079729,,,,bull,bull,,,,,,,sl_hit,,,-0.011,,,,binance,1.0,backfilled from tiered_trades.csv; signal-TF rsi=33.16630128405879; atr_rank=0.21; dist_ema200=-0.2211203225408713
ttr-20181023100000-00228,backtest_tiered_raw_all_tf,binance,BTCUSDT,1h,2018-10-23T10:00:00Z,,long,T4c_H1_sweep_lo_long,,4,,0,,,,,,,,,,,,,,,,1.6094696712882453,,,,,26.387315968290157,-0.877870413422191,-0.6852168843668556,,,,bull,bull,,,,,,,time,,,-0.0012246861272365,,,,binance,1.0,backfilled from tiered_trades.csv; signal-TF rsi=26.387315968290157; atr_rank=0.23; dist_ema200=-0.877870413422191
ttr-20181024230000-00229,backtest_tiered_raw_all_tf,binance,BTCUSDT,1h,2018-10-24T23:00:00Z,,long,T4c_H1_sweep_lo_long,,4,,0,,,,,,,,,,,,,,,,0.8614948431702528,,,,,29.668411867364696,-0.4383169248964565,-0.2867713374382693,,,,bull,bull,,,,,,,time,,,-0.0052912768909105,,,,binance,1.0,backfilled from tiered_trades.csv; signal-TF rsi=29.668411867364696; atr_rank=0.12; dist_ema200=-0.4383169248964565
ttr-20181026090000-00230,backtest_tiered_raw_all_tf,binance,BTCUSDT,1h,2018-10-26T09:00:00Z,,short,T4d_H1_fail_brk_short,,4,,0,,,,,,,,,,,,,,,,1.5199715401278182,,,,,52.62555702758048,-0.307618173941253,0.0718944091241698,,,,bull,bull,,,,,,,time,,,0.0093917682926829,,,,binance,1.0,backfilled from tiered_trades.csv; signal-TF rsi=52.62555702758048; atr_rank=0.72; dist_ema200=-0.307618173941253
ttr-20181028200000-00231,backtest_tiered_raw_all_tf,binance,BTCUSDT,1h,2018-10-28T20:00:00Z,,long,T4c_H1_sweep_lo_long,,4,,0,,,,,,,,,,,,,,,,1.335693360012182,,,,,36.66248431618568,-1.141888969797326,-0.5061142866399143,,,,bull,bull,,,,,,,sl_hit,,,-0.011,,,,binance,1.0,backfilled from tiered_trades.csv; signal-TF rsi=36.66248431618568; atr_rank=0.57; dist_ema200=-1.141888969797326
ttr-20181030200000-00232,backtest_tiered_raw_all_tf,binance,BTCUSDT,1h,2018-10-30T20:00:00Z,,long,T4c_H1_sweep_lo_long,,4,,0,,,,,,,,,,,,,,,,0.902201810042228,,,,,33.14805011469937,-2.2228901896304665,-0.7341769965196394,,,,bull,bull,,,,,,,sl_hit,,,-0.0109999999999999,,,,binance,1.0,backfilled from tiered_trades.csv; signal-TF rsi=33.14805011469937; atr_rank=0.59; dist_ema200=-2.2228901896304665
ttr-20181031150000-00233,backtest_tiered_raw_all_tf,binance,BTCUSDT,1h,2018-10-31T15:00:00Z,,long,T3b_H1_fail_brkdn_long,,3,,0,,,,,,,,,,,,,,,,5.950857712281557,,,,,62.29767403154,-1.041738218979785,0.544628942499407,,,,bull,bull,,,,,,,time,,,0.0039144583929001,,,,binance,1.0,backfilled from tiered_trades.csv; signal-TF rsi=62.29767403154; atr_rank=0.88; dist_ema200=-1.041738218979785
ttr-20181031160000-00234,backtest_tiered_raw_all_tf,binance,BTCUSDT,1h,2018-10-31T16:00:00Z,,short,T4d_H1_fail_brk_short,,4,,0,,,,,,,,,,,,,,,,1.651429783904957,,,,,57.7885296200142,-1.2873969683110311,0.2709659326026329,,,,bull,bull,,,,,,,sl_hit,,,-0.0109999999999999,,,,binance,1.0,backfilled from tiered_trades.csv; signal-TF rsi=57.7885296200142; atr_rank=0.91; dist_ema200=-1.2873969683110311
ttr-20181101220000-00235,backtest_tiered_raw_all_tf,binance,BTCUSDT,1h,2018-11-01T22:00:00Z,,short,T4d_H1_fail_brk_short,,4,,0,,,,,,,,,,,,,,,,0.935963048320526,,,,,66.79384615384558,-0.5806480497871845,0.4666758240901555,,,,bull,bull,,,,,,,time,,,0.0021194184579642,,,,binance,1.0,backfilled from tiered_trades.csv; signal-TF rsi=66.79384615384558; atr_rank=0.29; dist_ema200=-0.5806480497871845
ttr-20181104160000-00236,backtest_tiered_raw_all_tf,binance,BTCUSDT,4h,2018-11-04T16:00:00Z,,short,T4b_H4_sstar_short,,4,,0,,,,,,,,,,,,,,,,2.120412072160744,,,,,63.32530335474672,-0.4496569682606678,0.8495073809761235,,,,bull,bull,,,,,,,sl_hit,,,-0.0159999999999999,,,,binance,1.0,backfilled from tiered_trades.csv; signal-TF rsi=63.32530335474672; atr_rank=0.4; dist_ema200=-0.4496569682606678
ttr-20181109130000-00237,backtest_tiered_raw_all_tf,binance,BTCUSDT,1h,2018-11-09T13:00:00Z,,long,T4c_H1_sweep_lo_long,,4,,0,,,,,,,,,,,,,,,,1.780332803573462,,,,,32.1741983105061,-0.6834374244520832,-0.9709027469465972,,,,bull,bull,,,,,,,time,,,-0.0057061527899875,,,,binance,1.0,backfilled from tiered_trades.csv; signal-TF rsi=32.1741983105061; atr_rank=0.6; dist_ema200=-0.6834374244520832
ttr-20181113160000-00238,backtest_tiered_raw_all_tf,binance,BTCUSDT,4h,2018-11-13T16:00:00Z,,short,T4b_H4_sstar_short,,4,,0,,,,,,,,,,,,,,,,1.7155695859306384,,,,,62.37633318855267,-0.4938051590685788,0.079430631657196,,,,bull,bull,,,,,,,tp_hit,,,0.0289999999999999,,,,binance,1.0,backfilled from tiered_trades.csv; signal-TF rsi=62.37633318855267; atr_rank=0.94; dist_ema200=-0.4938051590685788
ttr-20181113160000-00239,backtest_tiered_raw_all_tf,binance,BTCUSDT,4h,2018-11-13T16:00:00Z,,short,T3a_H4_sweep_hi_short_loose,,3,,0,,,,,,,,,,,,,,,,1.7155695859306384,,,,,62.37633318855267,-0.4938051590685788,0.079430631657196,,,,bull,bull,,,,,,,tp_hit,,,0.0289999999999999,,,,binance,1.0,backfilled from tiered_trades.csv; signal-TF rsi=62.37633318855267; atr_rank=0.94; dist_ema200=-0.4938051590685788
ttr-20181114110000-00240,backtest_tiered_raw_all_tf,binance,BTCUSDT,1h,2018-11-14T11:00:00Z,,long,T4c_H1_sweep_lo_long,,4,,0,,,,,,,,,,,,,,,,1.5941632979129066,,,,,38.0075120729744,-1.1476836964870274,-1.0307816285342724,,,,bull,bull,,,,,,,sl_hit,,,-0.011,,,,binance,1.0,backfilled from tiered_trades.csv; signal-TF rsi=38.0075120729744; atr_rank=1.0; dist_ema200=-1.1476836964870274
ttr-20181115040000-00241,backtest_tiered_raw_all_tf,binance,BTCUSDT,1h,2018-11-15T04:00:00Z,,long,T4c_H1_sweep_lo_long,,4,,0,,,,,,,,,,,,,,,,0.958187061023506,,,,,20.928794961944103,-10.48864419815777,-7.749056469423031,,,,bull,bull,,,,,,,sl_hit,,,-0.011,,,,binance,1.0,backfilled from tiered_trades.csv; signal-TF rsi=20.928794961944103; atr_rank=1.0; dist_ema200=-10.48864419815777
ttr-20181118030000-00242,backtest_tiered_raw_all_tf,binance,BTCUSDT,1h,2018-11-18T03:00:00Z,,short,T4d_H1_fail_brk_short,,4,,0,,,,,,,,,,,,,,,,1.0666081674274157,,,,,60.39413499764876,-5.499533798091712,0.1429043824978174,,,,bull,bull,,,,,,,sl_hit,,,-0.0109999999999999,,,,binance,1.0,backfilled from tiered_trades.csv; signal-TF rsi=60.39413499764876; atr_rank=0.12; dist_ema200=-5.499533798091712
ttr-20181119190000-00243,backtest_tiered_raw_all_tf,binance,BTCUSDT,1h,2018-11-19T19:00:00Z,,long,T4c_H1_sweep_lo_long,,4,,0,,,,,,,,,,,,,,,,1.6055646878873255,,,,,16.683243309412035,-13.00394357230851,-7.238836188280519,,,,bull,bull,,,,,,,sl_hit,,,-0.011,,,,binance,1.0,backfilled from tiered_trades.csv; signal-TF rsi=16.683243309412035; atr_rank=0.91; dist_ema200=-13.00394357230851
ttr-20181123050000-00244,backtest_tiered_raw_all_tf,binance,BTCUSDT,1h,2018-11-23T05:00:00Z,,long,T4c_H1_sweep_lo_long,,4,,0,,,,,,,,,,,,,,,,2.046099950511598,,,,,32.37012713648224,-15.295830797469264,-4.579988214801421,,,,bull,bull,,,,,,,tp_hit,,,0.0189999999999999,,,,binance,1.0,backfilled from tiered_trades.csv; signal-TF rsi=32.37012713648224; atr_rank=0.43; dist_ema200=-15.295830797469264
ttr-20181124010000-00245,backtest_tiered_raw_all_tf,binance,BTCUSDT,1h,2018-11-24T01:00:00Z,,short,T4d_H1_fail_brk_short,,4,,0,,,,,,,,,,,,,,,,1.1314631540890292,,,,,60.92166313797922,-10.21813547311902,0.4387289070310659,,,,bull,bull,,,,,,,tp_hit,,,0.019,,,,binance,1.0,backfilled from tiered_trades.csv; signal-TF rsi=60.92166313797922; atr_rank=0.17; dist_ema200=-10.21813547311902
ttr-20181124170000-00246,backtest_tiered_raw_all_tf,binance,BTCUSDT,1h,2018-11-24T17:00:00Z,,long,T4c_H1_sweep_lo_long,,4,,0,,,,,,,,,,,,,,,,0.7928340158435212,,,,,31.556025886279272,-11.430289830183147,-1.8631448301473357,,,,bull,bull,,,,,,,sl_hit,,,-0.011,,,,binance,1.0,backfilled from tiered_trades.csv; signal-TF rsi=31.556025886279272; atr_rank=0.02; dist_ema200=-11.430289830183147
ttr-20181125100000-00247,backtest_tiered_raw_all_tf,binance,BTCUSDT,1h,2018-11-25T10:00:00Z,,long,T4c_H1_sweep_lo_long,,4,,0,,,,,,,,,,,,,,,,2.1640115189017206,,,,,25.8246331159596,-19.80745665383883,-8.532774086530877,,,,bull,bull,,,,,,,tp_hit,,,0.019,,,,binance,1.0,backfilled from tiered_trades.csv; signal-TF rsi=25.8246331159596; atr_rank=1.0; dist_ema200=-19.80745665383883
ttr-20181125210000-00248,backtest_tiered_raw_all_tf,binance,BTCUSDT,1h,2018-11-25T21:00:00Z,,short,T4d_H1_fail_brk_short,,4,,0,,,,,,,,,,,,,,,,1.6590105783222495,,,,,70.09324355324057,-10.922896198870411,1.719192632525486,,,,bull,bull,,,,,,,sl_hit,,,-0.0109999999999999,,,,binance,1.0,backfilled from tiered_trades.csv; signal-TF rsi=70.09324355324057; atr_rank=0.96; dist_ema200=-10.922896198870411
ttr-20181126000000-00249,backtest_tiered_raw_all_tf,binance,BTCUSDT,1w,2018-11-26T00:00:00Z,,long,T1a_W_fail_brkdn_long,,1,,0,,,,,,,,,,,,,,,,1.8788227182598087,,,,,26.089626115241103,-28.94054732137883,-39.89677664949718,,,,bull,bull,,,,,,,sl_hit,,,-0.081,,,,binance,1.0,backfilled from tiered_trades.csv; signal-TF rsi=26.089626115241103; atr_rank=nan; dist_ema200=-28.94054732137883
ttr-20181126160000-00250,backtest_tiered_raw_all_tf,binance,BTCUSDT,1h,2018-11-26T16:00:00Z,,long,T4c_H1_sweep_lo_long,,4,,0,,,,,,,,,,,,,,,,2.565842352892363,,,,,35.604566373797084,-14.481947160026351,-3.807894697522365,,,,bull,bull,,,,,,,sl_hit,,,-0.0109999999999999,,,,binance,1.0,backfilled from tiered_trades.csv; signal-TF rsi=35.604566373797084; atr_rank=0.68; dist_ema200=-14.481947160026351
ttr-20181128050000-00251,backtest_tiered_raw_all_tf,binance,BTCUSDT,1h,2018-11-28T05:00:00Z,,short,T4d_H1_fail_brk_short,,4,,0,,,,,,,,,,,,,,,,1.5561291030765412,,,,,75.9474949158809,-6.574815644998148,3.779084549272321,,,,bull,bull,,,,,,,sl_hit,,,-0.011,,,,binance,1.0,backfilled from tiered_trades.csv; signal-TF rsi=75.9474949158809; atr_rank=0.27; dist_ema200=-6.574815644998148
ttr-20181128200000-00252,backtest_tiered_raw_all_tf,binance,BTCUSDT,4h,2018-11-28T20:00:00Z,,short,T3a_H4_sweep_hi_short_loose,,3,,0,,,,,,,,,,,,,,,,1.0762333481955857,,,,,71.91962786152705,-21.049488495155487,-1.3249196110009904,,,,bull,bull,,,,,,,tp_hit,,,0.0289999999999999,,,,binance,1.0,backfilled from tiered_trades.csv; signal-TF rsi=71.91962786152705; atr_rank=0.65; dist_ema200=-21.049488495155487
ttr-20181130120000-00253,backtest_tiered_raw_all_tf,binance,BTCUSDT,1h,2018-11-30T12:00:00Z,,long,T4c_H1_sweep_lo_long,,4,,0,,,,,,,,,,,,,,,,2.143154730634594,,,,,23.27591796157417,-6.327772960643004,-4.047632965220728,,,,bull,bull,,,,,,,sl_hit,,,-0.011,,,,binance,1.0,backfilled from tiered_trades.csv; signal-TF rsi=23.27591796157417; atr_rank=0.4; dist_ema200=-6.327772960643004
ttr-20181201110000-00254,backtest_tiered_raw_all_tf,binance,BTCUSDT,1h,2018-12-01T11:00:00Z,,short,T4d_H1_fail_brk_short,,4,,0,,,,,,,,,,,,,,,,1.826461194892351,,,,,78.04263626916898,-1.636527994405059,1.7287448718844178,,,,bull,bull,,,,,,,sl_hit,,,-0.0109999999999999,,,,binance,1.0,backfilled from tiered_trades.csv; signal-TF rsi=78.04263626916898; atr_rank=0.06; dist_ema200=-1.636527994405059
ttr-20181203160000-00255,backtest_tiered_raw_all_tf,binance,BTCUSDT,1h,2018-12-03T16:00:00Z,,long,T4c_H1_sweep_lo_long,,4,,0,,,,,,,,,,,,,,,,1.994556753613548,,,,,33.65484493248256,-7.2342812237260175,-4.909620689636922,,,,bull,bull,,,,,,,sl_hit,,,-0.0109999999999999,,,,binance,1.0,backfilled from tiered_trades.csv; signal-TF rsi=33.65484493248256; atr_rank=0.22; dist_ema200=-7.2342812237260175
ttr-20181204150000-00256,backtest_tiered_raw_all_tf,binance,BTCUSDT,1h,2018-12-04T15:00:00Z,,short,T4d_H1_fail_brk_short,,4,,0,,,,,,,,,,,,,,,,1.8263112161828008,,,,,60.42592370201353,-2.9176498079221385,0.4020378831562828,,,,bull,bull,,,,,,,tp_hit,,,0.019,,,,binance,1.0,backfilled from tiered_trades.csv; signal-TF rsi=60.42592370201353; atr_rank=0.83; dist_ema200=-2.9176498079221385
ttr-20181205040000-00257,backtest_tiered_raw_all_tf,binance,BTCUSDT,1h,2018-12-05T04:00:00Z,,long,T4c_H1_sweep_lo_long,,4,,0,,,,,,,,,,,,,,,,0.9217497097707512,,,,,17.635405523198173,-5.819381813332468,-2.4570626392429107,,,,bull,bull,,,,,,,sl_hit,,,-0.0109999999999999,,,,binance,1.0,backfilled from tiered_trades.csv; signal-TF rsi=17.635405523198173; atr_rank=0.09; dist_ema200=-5.819381813332468
ttr-20181206030000-00258,backtest_tiered_raw_all_tf,binance,BTCUSDT,1h,2018-12-06T03:00:00Z,,long,T4c_H1_sweep_lo_long,,4,,0,,,,,,,,,,,,,,,,0.9882944203420924,,,,,35.137985586218974,-7.114144590204859,-2.873274201758119,,,,bull,bull,,,,,,,sl_hit,,,-0.0109999999999999,,,,binance,1.0,backfilled from tiered_trades.csv; signal-TF rsi=35.137985586218974; atr_rank=0.47; dist_ema200=-7.114144590204859
ttr-20181207170000-00259,backtest_tiered_raw_all_tf,binance,BTCUSDT,1h,2018-12-07T17:00:00Z,,long,T4c_H1_sweep_lo_long,,4,,0,,,,,,,,,,,,,,,,1.3393908495324136,,,,,36.00620374401391,-16.253142337711594,-8.720819290959822,,,,bull,bull,,,,,,,tp_hit,,,0.019,,,,binance,1.0,backfilled from tiered_trades.csv; signal-TF rsi=36.00620374401391; atr_rank=0.81; dist_ema200=-16.253142337711594
ttr-20181209170000-00260,backtest_tiered_raw_all_tf,binance,BTCUSDT,1h,2018-12-09T17:00:00Z,,short,T4d_H1_fail_brk_short,,4,,0,,,,,,,,,,,,,,,,2.7717698091516114,,,,,73.65288828514136,-4.103852813120442,3.0646597803145887,,,,bull,bull,,,,,,,sl_hit,,,-0.011,,,,binance,1.0,backfilled from tiered_trades.csv; signal-TF rsi=73.65288828514136; atr_rank=0.21; dist_ema200=-4.103852813120442
ttr-20181211160000-00261,backtest_tiered_raw_all_tf,binance,BTCUSDT,1h,2018-12-11T16:00:00Z,,long,T4c_H1_sweep_lo_long,,4,,0,,,,,,,,,,,,,,,,1.5124483994143072,,,,,38.34670947030494,-6.962763632818751,-2.0212743768528503,,,,bull,bull,,,,,,,tp_hit,,,0.0189999999999999,,,,binance,1.0,backfilled from tiered_trades.csv; signal-TF rsi=38.34670947030494; atr_rank=0.08; dist_ema200=-6.962763632818751
ttr-20181212110000-00262,backtest_tiered_raw_all_tf,binance,BTCUSDT,1h,2018-12-12T11:00:00Z,,short,T4d_H1_fail_brk_short,,4,,0,,,,,,,,,,,,,,,,1.7697470317883588,,,,,59.948183086427846,-4.000771474001332,0.6766791260899878,,,,bull,bull,,,,,,,sl_hit,,,-0.011,,,,binance,1.0,backfilled from tiered_trades.csv; signal-TF rsi=59.948183086427846; atr_rank=0.07; dist_ema200=-4.000771474001332
ttr-20181213050000-00263,backtest_tiered_raw_all_tf,binance,BTCUSDT,1h,2018-12-13T05:00:00Z,,long,T4c_H1_sweep_lo_long,,4,,0,,,,,,,,,,,,,,,,1.0068371672872722,,,,,27.82493528384812,-4.741782052020247,-0.9783648717478988,,,,bull,bull,,,,,,,sl_hit,,,-0.0109999999999999,,,,binance,1.0,backfilled from tiered_trades.csv; signal-TF rsi=27.82493528384812; atr_rank=0.05; dist_ema200=-4.741782052020247
ttr-20181213210000-00264,backtest_tiered_raw_all_tf,binance,BTCUSDT,1h,2018-12-13T21:00:00Z,,long,T4c_H1_sweep_lo_long,,4,,0,,,,,,,,,,,,,,,,1.709889999743074,,,,,28.150848720059685,-6.765089562322543,-3.24056832624841,,,,bull,bull,,,,,,,sl_hit,,,-0.0109999999999999,,,,binance,1.0,backfilled from tiered_trades.csv; signal-TF rsi=28.150848720059685; atr_rank=0.62; dist_ema200=-6.765089562322543
ttr-20181217200000-00265,backtest_tiered_raw_all_tf,binance,BTCUSDT,4h,2018-12-17T20:00:00Z,,short,T3a_H4_sweep_hi_short_loose,,3,,0,,,,,,,,,,,,,,,,1.9682929703677536,,,,,81.12291070274262,-15.216924802909745,3.833447310925019,,,,bull,bull,,,,,,,sl_hit,,,-0.0159999999999999,,,,binance,1.0,backfilled from tiered_trades.csv; signal-TF rsi=81.12291070274262; atr_rank=0.23; dist_ema200=-15.216924802909745
ttr-20181220160000-00266,backtest_tiered_raw_all_tf,binance,BTCUSDT,4h,2018-12-20T16:00:00Z,,short,T4b_H4_sstar_short,,4,,0,,,,,,,,,,,,,,,,1.301894191618034,,,,,78.60579821340491,-1.4740162547683262,12.839003133997672,,,,bull,bull,,,,,,,sl_hit,,,-0.0159999999999999,,,,binance,1.0,backfilled from tiered_trades.csv; signal-TF rsi=78.60579821340491; atr_rank=0.82; dist_ema200=-1.4740162547683262
ttr-20181220160000-00267,backtest_tiered_raw_all_tf,binance,BTCUSDT,4h,2018-12-20T16:00:00Z,,short,T3a_H4_sweep_hi_short_loose,,3,,0,,,,,,,,,,,,,,,,1.301894191618034,,,,,78.60579821340491,-1.4740162547683262,12.839003133997672,,,,bull,bull,,,,,,,sl_hit,,,-0.0159999999999999,,,,binance,1.0,backfilled from tiered_trades.csv; signal-TF rsi=78.60579821340491; atr_rank=0.82; dist_ema200=-1.4740162547683262
ttr-20181221180000-00268,backtest_tiered_raw_all_tf,binance,BTCUSDT,1h,2018-12-21T18:00:00Z,,long,T4c_H1_sweep_lo_long,,4,,0,,,,,,,,,,,,,,,,1.101679941797665,,,,,39.60203429397216,7.560286426512848,0.365930594863965,,,,bull,bull,,,,,,,sl_hit,,,-0.011,,,,binance,1.0,backfilled from tiered_trades.csv; signal-TF rsi=39.60203429397216; atr_rank=0.58; dist_ema200=7.560286426512848
ttr-20181225110000-00269,backtest_tiered_raw_all_tf,binance,BTCUSDT,1h,2018-12-25T11:00:00Z,,long,T4c_H1_sweep_lo_long,,4,,0,,,,,,,,,,,,,,,,1.1709286499845124,,,,,21.03880355699279,-2.058674467667105,-4.696198885616751,,,,bull,bull,,,,,,,sl_hit,,,-0.011,,,,binance,1.0,backfilled from tiered_trades.csv; signal-TF rsi=21.03880355699279; atr_rank=0.84; dist_ema200=-2.058674467667105
ttr-20181227230000-00270,backtest_tiered_raw_all_tf,binance,BTCUSDT,1h,2018-12-27T23:00:00Z,,long,T4c_H1_sweep_lo_long,,4,,0,,,,,,,,,,,,,,,,1.3039062565297634,,,,,16.733938782374736,-5.373653659296758,-4.034717033455762,,,,bull,bull,,,,,,,tp_hit,,,0.019,,,,binance,1.0,backfilled from tiered_trades.csv; signal-TF rsi=16.733938782374736; atr_rank=0.08; dist_ema200=-5.373653659296758
ttr-20181228160000-00271,backtest_tiered_raw_all_tf,binance,BTCUSDT,4h,2018-12-28T16:00:00Z,,short,T3a_H4_sweep_hi_short_loose,,3,,0,,,,,,,,,,,,,,,,1.9393880435153883,,,,,58.203369740072816,-3.970632480914232,1.9482285688334824,,,,bull,bull,,,,,,,sl_hit,,,-0.0159999999999998,,,,binance,1.0,backfilled from tiered_trades.csv; signal-TF rsi=58.203369740072816; atr_rank=0.48; dist_ema200=-3.970632480914232
ttr-20181229080000-00272,backtest_tiered_raw_all_tf,binance,BTCUSDT,4h,2018-12-29T08:00:00Z,,short,T1d_H4_sweep_hi_short_strict,,1,,0,,,,,,,,,,,,,,,,1.4012945976947735,,,,,58.51287777554044,-4.209935765864616,1.204825838328627,,61.11264304425755,20.70574194029641,bear,bear,-0.37536874974128887,-0.34089994237799137,,,,,time,,,-0.0036755536398567,,,,binance,1.0,backfilled from tiered_trades.csv; signal-TF rsi=58.51287777554044; atr_rank=0.39; dist_ema200=-4.209935765864616
ttr-20181230000000-00273,backtest_tiered_raw_all_tf,binance,BTCUSDT,1h,2018-12-30T00:00:00Z,,long,T4c_H1_sweep_lo_long,,4,,0,,,,,,,,,,,,,,,,1.964273451856392,,,,,36.13668978713228,-1.7981953751341446,-1.9470928173582167,,,,bull,bull,,,,,,,tp_hit,,,0.0189999999999999,,,,binance,1.0,backfilled from tiered_trades.csv; signal-TF rsi=36.13668978713228; atr_rank=0.82; dist_ema200=-1.7981953751341446
ttr-20181230120000-00274,backtest_tiered_raw_all_tf,binance,BTCUSDT,4h,2018-12-30T12:00:00Z,,short,T4b_H4_sstar_short,,4,,0,,,,,,,,,,,,,,,,1.1172305532036535,,,,,66.6731103808235,-4.783443397229151,0.2491257392915339,,,,bull,bull,,,,,,,tp_hit,,,0.0289999999999999,,,,binance,1.0,backfilled from tiered_trades.csv; signal-TF rsi=66.6731103808235; atr_rank=0.59; dist_ema200=-4.783443397229151
ttr-20190104150000-00275,backtest_tiered_raw_all_tf,binance,BTCUSDT,1h,2019-01-04T15:00:00Z,,long,T4c_H1_sweep_lo_long,,4,,0,,,,,,,,,,,,,,,,1.2004407631135103,,,,,35.18129840052127,-1.1032853558841986,-1.2914028884294624,,,,bull,bull,,,,,,,tp_hit,,,0.0189999999999999,,,,binance,1.0,backfilled from tiered_trades.csv; signal-TF rsi=35.18129840052127; atr_rank=0.29; dist_ema200=-1.1032853558841986
ttr-20190106020000-00276,backtest_tiered_raw_all_tf,binance,BTCUSDT,1h,2019-01-06T02:00:00Z,,long,T4c_H1_sweep_lo_long,,4,,0,,,,,,,,,,,,,,,,1.4613525135381442,,,,,38.31668826713448,-0.0515089286811324,-0.3967698233498025,,,,bull,bull,,,,,,,tp_hit,,,0.0189999999999999,,,,binance,1.0,backfilled from tiered_trades.csv; signal-TF rsi=38.31668826713448; atr_rank=0.25; dist_ema200=-0.0515089286811324
ttr-20190110130000-00277,backtest_tiered_raw_all_tf,binance,BTCUSDT,1h,2019-01-10T13:00:00Z,,long,T4c_H1_sweep_lo_long,,4,,0,,,,,,,,,,,,,,,,0.9936996218632896,,,,,12.983382989833103,-3.97306395864528,-4.6863636267163695,,,,bull,bull,,,,,,,sl_hit,,,-0.011,,,,binance,1.0,backfilled from tiered_trades.csv; signal-TF rsi=12.983382989833103; atr_rank=1.0; dist_ema200=-3.97306395864528
ttr-20190114160000-00278,backtest_tiered_raw_all_tf,binance,BTCUSDT,1h,2019-01-14T16:00:00Z,,short,T4d_H1_fail_brk_short,,4,,0,,,,,,,,,,,,,,,,2.4410830764622755,,,,,74.37866235603161,-1.6669756517057142,2.0788068572262524,,,,bull,bull,,,,,,,sl_hit,,,-0.011,,,,binance,1.0,backfilled from tiered_trades.csv; signal-TF rsi=74.37866235603161; atr_rank=0.65; dist_ema200=-1.6669756517057142
ttr-20190116130000-00279,backtest_tiered_raw_all_tf,binance,BTCUSDT,1h,2019-01-16T13:00:00Z,,short,T4d_H1_fail_brk_short,,4,,0,,,,,,,,,,,,,,,,1.6106740647967797,,,,,63.673297842532975,-1.545484773113596,0.280527327977791,,,,bull,bull,,,,,,,sl_hit,,,-0.011,,,,binance,1.0,backfilled from tiered_trades.csv; signal-TF rsi=63.673297842532975; atr_rank=0.53; dist_ema200=-1.545484773113596
ttr-20190126040000-00280,backtest_tiered_raw_all_tf,binance,BTCUSDT,1h,2019-01-26T04:00:00Z,,short,T4d_H1_fail_brk_short,,4,,0,,,,,,,,,,,,,,,,0.8941573581498358,,,,,55.85937499999992,-0.0649567370710684,0.3192602547517479,,,,bull,bull,,,,,,,sl_hit,,,-0.011,,,,binance,1.0,backfilled from tiered_trades.csv; signal-TF rsi=55.85937499999992; atr_rank=0.02; dist_ema200=-0.0649567370710684
ttr-20190127000000-00281,backtest_tiered_raw_all_tf,binance,BTCUSDT,1h,2019-01-27T00:00:00Z,,long,T4c_H1_sweep_lo_long,,4,,0,,,,,,,,,,,,,,,,1.2870280829712752,,,,,34.21372930866603,-0.156426382538166,0.0058359913813622,,,,bull,bull,,,,,,,sl_hit,,,-0.0109999999999999,,,,binance,1.0,backfilled from tiered_trades.csv; signal-TF rsi=34.21372930866603; atr_rank=0.12; dist_ema200=-0.156426382538166
ttr-20190128060000-00282,backtest_tiered_raw_all_tf,binance,BTCUSDT,1h,2019-01-28T06:00:00Z,,long,T4c_H1_sweep_lo_long,,4,,0,,,,,,,,,,,,,,,,2.465497527925176,,,,,16.55346516799885,-3.236677719781478,-2.642692242538084,,,,bull,bull,,,,,,,sl_hit,,,-0.011,,,,binance,1.0,backfilled from tiered_trades.csv; signal-TF rsi=16.55346516799885; atr_rank=1.0; dist_ema200=-3.236677719781478
ttr-20190130130000-00283,backtest_tiered_raw_all_tf,binance,BTCUSDT,1h,2019-01-30T13:00:00Z,,short,T4d_H1_fail_brk_short,,4,,0,,,,,,,,,,,,,,,,2.332728892358768,,,,,69.57875758072456,-1.2950482495876472,0.7040264173517676,,,,bull,bull,,,,,,,time,,,-0.0041599641504524,,,,binance,1.0,backfilled from tiered_trades.csv; signal-TF rsi=69.57875758072456; atr_rank=0.57; dist_ema200=-1.2950482495876472
ttr-20190201120000-00284,backtest_tiered_raw_all_tf,binance,BTCUSDT,1h,2019-02-01T12:00:00Z,,short,T4d_H1_fail_brk_short,,4,,0,,,,,,,,,,,,,,,,1.5800704818863551,,,,,57.20808871493794,-0.5912795111972502,0.6337038455459201,,,,bull,bull,,,,,,,sl_hit,,,-0.0109999999999999,,,,binance,1.0,backfilled from tiered_trades.csv; signal-TF rsi=57.20808871493794; atr_rank=0.57; dist_ema200=-0.5912795111972502
ttr-20190203200000-00285,backtest_tiered_raw_all_tf,binance,BTCUSDT,1h,2019-02-03T20:00:00Z,,long,T4c_H1_sweep_lo_long,,4,,0,,,,,,,,,,,,,,,,1.661215298751857,,,,,34.35995072236534,-0.9253827816097652,-0.5764893830399116,,,,bull,bull,,,,,,,time,,,0.0046462387452802,,,,binance,1.0,backfilled from tiered_trades.csv; signal-TF rsi=34.35995072236534; atr_rank=0.3; dist_ema200=-0.9253827816097652
ttr-20190207190000-00286,backtest_tiered_raw_all_tf,binance,BTCUSDT,1h,2019-02-07T19:00:00Z,,long,T4c_H1_sweep_lo_long,,4,,0,,,,,,,,,,,,,,,,0.786046090343525,,,,,34.11665967268172,-1.4149289923194144,-0.5364567301989606,,,,bull,bull,,,,,,,tp_hit,,,0.019,,,,binance,1.0,backfilled from tiered_trades.csv; signal-TF rsi=34.11665967268172; atr_rank=0.16; dist_ema200=-1.4149289923194144
ttr-20190208090000-00287,backtest_tiered_raw_all_tf,binance,BTCUSDT,1h,2019-02-08T09:00:00Z,,short,T4d_H1_fail_brk_short,,4,,0,,,,,,,,,,,,,,,,3.217283190445772,,,,,63.7950392977443,-0.4572780585505255,0.441854865376183,,,,bull,bull,,,,,,,sl_hit,,,-0.011,,,,binance,1.0,backfilled from tiered_trades.csv; signal-TF rsi=63.7950392977443; atr_rank=0.68; dist_ema200=-0.4572780585505255
ttr-20190221100000-00288,backtest_tiered_raw_all_tf,binance,BTCUSDT,1h,2019-02-21T10:00:00Z,,long,T3b_H1_fail_brkdn_long,,3,,0,,,,,,,,,,,,,,,,0.8910471397745781,,,,,41.76114698256128,4.137312719073549,0.1630413699016705,,,,bull,bull,,,,,,,time,,,0.0061351895849126,,,,binance,1.0,backfilled from tiered_trades.csv; signal-TF rsi=41.76114698256128; atr_rank=0.29; dist_ema200=4.137312719073549
ttr-20190224160000-00289,backtest_tiered_raw_all_tf,binance,BTCUSDT,1h,2019-02-24T16:00:00Z,,long,T4c_H1_sweep_lo_long,,4,,0,,,,,,,,,,,,,,,,2.7312825680793846,,,,,7.212752860266107,-3.613822854439742,-6.62768024173995,,,,bull,bull,,,,,,,tp_hit,,,0.019,,,,binance,1.0,backfilled from tiered_trades.csv; signal-TF rsi=7.212752860266107; atr_rank=1.0; dist_ema200=-3.613822854439742
ttr-20190224160000-00290,backtest_tiered_raw_all_tf,binance,BTCUSDT,4h,2019-02-24T16:00:00Z,,long,T4a_H4_hammer_long,,4,,0,,,,,,,,,,,,,,,,2.1487171077085976,,,,,36.99740502084733,1.8896644615689309,-2.8776857012875445,,,,bull,bull,,,,,,,sl_hit,,,-0.016,,,,binance,1.0,backfilled from tiered_trades.csv; signal-TF rsi=36.99740502084733; atr_rank=1.0; dist_ema200=1.8896644615689309
ttr-20190225000000-00291,backtest_tiered_raw_all_tf,binance,BTCUSDT,1w,2019-02-25T00:00:00Z,,long,T1b_W_rsi_os_long,,1,,0,,,,,,,,,,,,,,,,0.7686387605943032,,,,,45.47808408554932,-31.84195252012753,-31.967838711199747,,,,bull,bull,,,,,,,tp_hit,,,0.2490000000000001,,,,binance,1.0,backfilled from tiered_trades.csv; signal-TF rsi=45.47808408554932; atr_rank=nan; dist_ema200=-31.84195252012753
ttr-20190225170000-00292,backtest_tiered_raw_all_tf,binance,BTCUSDT,1h,2019-02-25T17:00:00Z,,short,T4d_H1_fail_brk_short,,4,,0,,,,,,,,,,,,,,,,1.2939486626945602,,,,,60.97546864151809,-1.0463781453080512,-1.1990730742416502,,,,bull,bull,,,,,,,time,,,0.0044321901579348,,,,binance,1.0,backfilled from tiered_trades.csv; signal-TF rsi=60.97546864151809; atr_rank=0.61; dist_ema200=-1.0463781453080512
ttr-20190228160000-00293,backtest_tiered_raw_all_tf,binance,BTCUSDT,1h,2019-02-28T16:00:00Z,,short,T4d_H1_fail_brk_short,,4,,0,,,,,,,,,,,,,,,,2.1064936300243864,,,,,58.9337310094137,-0.3340507049146057,0.2684251074170389,,,,bull,bull,,,,,,,time,,,0.004774000307738,,,,binance,1.0,backfilled from tiered_trades.csv; signal-TF rsi=58.9337310094137; atr_rank=0.49; dist_ema200=-0.3340507049146057
ttr-20190302080000-00294,backtest_tiered_raw_all_tf,binance,BTCUSDT,1h,2019-03-02T08:00:00Z,,long,T4c_H1_sweep_lo_long,,4,,0,,,,,,,,,,,,,,,,2.291367975194027,,,,,27.3372154579139,-0.8863042472884737,-0.5249824050769852,,,,bull,bull,,,,,,,sl_hit,,,-0.0109999999999999,,,,binance,1.0,backfilled from tiered_trades.csv; signal-TF rsi=27.3372154579139; atr_rank=0.46; dist_ema200=-0.8863042472884737
ttr-20190303160000-00295,backtest_tiered_raw_all_tf,binance,BTCUSDT,1h,2019-03-03T16:00:00Z,,long,T4c_H1_sweep_lo_long,,4,,0,,,,,,,,,,,,,,,,1.8947343447843408,,,,,35.90655940594007,-0.8227723242284473,-0.4525600962184886,,,,bull,bull,,,,,,,sl_hit,,,-0.011,,,,binance,1.0,backfilled from tiered_trades.csv; signal-TF rsi=35.90655940594007; atr_rank=0.5; dist_ema200=-0.8227723242284473
ttr-20190304100000-00296,backtest_tiered_raw_all_tf,binance,BTCUSDT,1h,2019-03-04T10:00:00Z,,long,T4c_H1_sweep_lo_long,,4,,0,,,,,,,,,,,,,,,,2.433982437068821,,,,,19.912844768028847,-3.229107964586396,-2.444389701172576,,,,bull,bull,,,,,,,tp_hit,,,0.0189999999999999,,,,binance,1.0,backfilled from tiered_trades.csv; signal-TF rsi=19.912844768028847; atr_rank=0.87; dist_ema200=-3.229107964586396
ttr-20190305090000-00297,backtest_tiered_raw_all_tf,binance,BTCUSDT,1h,2019-03-05T09:00:00Z,,short,T4d_H1_fail_brk_short,,4,,0,,,,,,,,,,,,,,,,1.1079531092732593,,,,,59.74917885936097,-1.714561784368156,-0.3077262223053899,,,,bull,bull,,,,,,,sl_hit,,,-0.011,,,,binance,1.0,backfilled from tiered_trades.csv; signal-TF rsi=59.74917885936097; atr_rank=0.4; dist_ema200=-1.714561784368156
ttr-20190325190000-00298,backtest_tiered_raw_all_tf,binance,BTCUSDT,1h,2019-03-25T19:00:00Z,,long,T4c_H1_sweep_lo_long,,4,,0,,,,,,,,,,,,,,,,2.6607506322963883,,,,,21.59501148670806,-1.4846243834024755,-1.512882606916299,,,,bull,bull,,,,,,,tp_hit,,,0.0189999999999999,,,,binance,1.0,backfilled from tiered_trades.csv; signal-TF rsi=21.59501148670806; atr_rank=0.88; dist_ema200=-1.4846243834024755
ttr-20190404000000-00299,backtest_tiered_raw_all_tf,binance,BTCUSDT,1d,2019-04-04T00:00:00Z,,short,T2c_D_fail_brk_short,,2,,0,,,,,,,,,,,,,,,,1.7862152710045485,,,,,89.83770178788394,5.509074874219444,21.646423510092863,,,76.31097232690858,bull,bear,,-0.06350622787563319,,,,,sl_hit,,,-0.041,,,,binance,1.0,backfilled from tiered_trades.csv; signal-TF rsi=89.83770178788394; atr_rank=0.55; dist_ema200=5.509074874219444
ttr-20190404200000-00300,backtest_tiered_raw_all_tf,binance,BTCUSDT,1h,2019-04-04T20:00:00Z,,long,T4c_H1_sweep_lo_long,,4,,0,,,,,,,,,,,,,,,,1.379565929595381,,,,,22.82821990344196,8.347102852194425,-0.7543642811330804,,,,bull,bull,,,,,,,tp_hit,,,0.0189999999999999,,,,binance,1.0,backfilled from tiered_trades.csv; signal-TF rsi=22.82821990344196; atr_rank=0.46; dist_ema200=8.347102852194425
ttr-20190408120000-00301,backtest_tiered_raw_all_tf,binance,BTCUSDT,1h,2019-04-08T12:00:00Z,,long,T3b_H1_fail_brkdn_long,,3,,0,,,,,,,,,,,,,,,,1.295402373259043,,,,,47.26317349981061,6.203763561062721,0.0220484641957589,,,,bull,bull,,,,,,,tp_hit,,,0.0239999999999998,,,,binance,1.0,backfilled from tiered_trades.csv; signal-TF rsi=47.26317349981061; atr_rank=0.95; dist_ema200=6.203763561062721
ttr-20190411000000-00302,backtest_tiered_raw_all_tf,binance,BTCUSDT,1d,2019-04-11T00:00:00Z,,short,T2c_D_fail_brk_short,,2,,0,,,,,,,,,,,,,,,,1.346207266679584,,,,,77.2000615709385,7.2987825892296065,16.74164540085603,,,73.30618998712117,bull,bear,,-0.06991183444068762,,,,,sl_hit,,,-0.041,,,,binance,1.0,backfilled from tiered_trades.csv; signal-TF rsi=77.2000615709385; atr_rank=0.94; dist_ema200=7.2987825892296065
ttr-20190411110000-00303,backtest_tiered_raw_all_tf,binance,BTCUSDT,1h,2019-04-11T11:00:00Z,,long,T4c_H1_sweep_lo_long,,4,,0,,,,,,,,,,,,,,,,2.671363792219578,,,,,20.48906273901348,-0.2005015074664723,-3.597061643236734,,,,bull,bull,,,,,,,sl_hit,,,-0.011,,,,binance,1.0,backfilled from tiered_trades.csv; signal-TF rsi=20.48906273901348; atr_rank=0.91; dist_ema200=-0.2005015074664723
ttr-20190412000000-00304,backtest_tiered_raw_all_tf,binance,BTCUSDT,4h,2019-04-12T00:00:00Z,,long,T4a_H4_hammer_long,,4,,0,,,,,,,,,,,,,,,,1.255480393747673,,,,,37.805995902081335,11.920959071006608,-0.4361002465346022,,,,bull,bull,,,,,,,tp_hit,,,0.029,,,,binance,1.0,backfilled from tiered_trades.csv; signal-TF rsi=37.805995902081335; atr_rank=0.81; dist_ema200=11.920959071006608
ttr-20190414050000-00305,backtest_tiered_raw_all_tf,binance,BTCUSDT,1h,2019-04-14T05:00:00Z,,long,T4c_H1_sweep_lo_long,,4,,0,,,,,,,,,,,,,,,,2.070597800307342,,,,,35.75912331099089,0.033231562868579,-0.5440129510544965,,,,bull,bull,,,,,,,tp_hit,,,0.0190000000000001,,,,binance,1.0,backfilled from tiered_trades.csv; signal-TF rsi=35.75912331099089; atr_rank=0.07; dist_ema200=0.033231562868579
ttr-20190415200000-00306,backtest_tiered_raw_all_tf,binance,BTCUSDT,1h,2019-04-15T20:00:00Z,,long,T4c_H1_sweep_lo_long,,4,,0,,,,,,,,,,,,,,,,2.3425189013603878,,,,,23.034594548479262,-0.5364896675858397,-1.3182498542882657,,,,bull,bull,,,,,,,tp_hit,,,0.0189999999999999,,,,binance,1.0,backfilled from tiered_trades.csv; signal-TF rsi=23.034594548479262; atr_rank=0.78; dist_ema200=-0.5364896675858397
ttr-20190421100000-00307,backtest_tiered_raw_all_tf,binance,BTCUSDT,1h,2019-04-21T10:00:00Z,,long,T4c_H1_sweep_lo_long,,4,,0,,,,,,,,,,,,,,,,1.9580765103972515,,,,,34.747288455627256,0.7329785241872216,-0.8562070239871193,,,,bull,bull,,,,,,,sl_hit,,,-0.011,,,,binance,1.0,backfilled from tiered_trades.csv; signal-TF rsi=34.747288455627256; atr_rank=0.72; dist_ema200=0.7329785241872216
ttr-20190424000000-00308,backtest_tiered_raw_all_tf,binance,BTCUSDT,1d,2019-04-24T00:00:00Z,,short,T2c_D_fail_brk_short,,2,,0,,,,,,,,,,,,,,,,1.4733315184854106,,,,,54.70434253783305,14.14707126109042,15.638311251259276,,,92.98939998055042,bull,bear,,-0.0371583128054625,,,,,sl_hit,,,-0.041,,,,binance,1.0,backfilled from tiered_trades.csv; signal-TF rsi=54.70434253783305; atr_rank=0.57; dist_ema200=14.14707126109042
ttr-20190424110000-00309,backtest_tiered_raw_all_tf,binance,BTCUSDT,1h,2019-04-24T11:00:00Z,,long,T4c_H1_sweep_lo_long,,4,,0,,,,,,,,,,,,,,,,1.4224438364016774,,,,,29.03129333079576,1.6579755432619565,-1.086977269251738,,,,bull,bull,,,,,,,sl_hit,,,-0.011,,,,binance,1.0,backfilled from tiered_trades.csv; signal-TF rsi=29.03129333079576; atr_rank=1.0; dist_ema200=1.6579755432619565
ttr-20190429130000-00310,backtest_tiered_raw_all_tf,binance,BTCUSDT,1h,2019-04-29T13:00:00Z,,long,T4c_H1_sweep_lo_long,,4,,0,,,,,,,,,,,,,,,,3.043442473429035,,,,,29.91539335774661,-1.3315953718380953,-1.1450380122603654,,,,bull,bull,,,,,,,sl_hit,,,-0.0109999999999999,,,,binance,1.0,backfilled from tiered_trades.csv; signal-TF rsi=29.91539335774661; atr_rank=0.46; dist_ema200=-1.3315953718380953
ttr-20190430120000-00311,backtest_tiered_raw_all_tf,binance,BTCUSDT,1h,2019-04-30T12:00:00Z,,short,T4d_H1_fail_brk_short,,4,,0,,,,,,,,,,,,,,,,1.4325539174023758,,,,,67.79974326059032,-0.2733461612291925,0.3805414889319877,,,,bull,bull,,,,,,,sl_hit,,,-0.0109999999999999,,,,binance,1.0,backfilled from tiered_trades.csv; signal-TF rsi=67.79974326059032; atr_rank=0.56; dist_ema200=-0.2733461612291925
ttr-20190504000000-00312,backtest_tiered_raw_all_tf,binance,BTCUSDT,1d,2019-05-04T00:00:00Z,,short,T2c_D_fail_brk_short,,2,,0,,,,,,,,,,,,,,,,1.358759105894315,,,,,70.19529782918949,21.233291557191297,18.203463585965583,,,94.2629539142268,bull,bull,,0.047262418472466775,,,,,sl_hit,,,-0.0410000000000001,,,,binance,1.0,backfilled from tiered_trades.csv; signal-TF rsi=70.19529782918949; atr_rank=0.75; dist_ema200=21.233291557191297
ttr-20190504140000-00313,backtest_tiered_raw_all_tf,binance,BTCUSDT,1h,2019-05-04T14:00:00Z,,long,T4c_H1_sweep_lo_long,,4,,0,,,,,,,,,,,,,,,,1.9931856437138844,,,,,29.143788812429563,3.3511440249897406,-0.5298620985063028,,,,bull,bull,,,,,,,tp_hit,,,0.0189999999999999,,,,binance,1.0,backfilled from tiered_trades.csv; signal-TF rsi=29.143788812429563; atr_rank=0.87; dist_ema200=3.3511440249897406
ttr-20190512000000-00314,backtest_tiered_raw_all_tf,binance,BTCUSDT,1d,2019-05-12T00:00:00Z,,short,T2c_D_fail_brk_short,,2,,0,,,,,,,,,,,,,,,,2.4049471367208533,,,,,88.07399217319895,41.613876821757565,31.36500578659768,,,98.57562082998808,bull,bull,,0.2600434647670421,,,,,sl_hit,,,-0.041,,,,binance,1.0,backfilled from tiered_trades.csv; signal-TF rsi=88.07399217319895; atr_rank=0.94; dist_ema200=41.613876821757565
ttr-20190514210000-00315,backtest_tiered_raw_all_tf,binance,BTCUSDT,1h,2019-05-14T21:00:00Z,,long,T4c_H1_sweep_lo_long,,4,,0,,,,,,,,,,,,,,,,0.7635615365410479,,,,,26.93728130076049,13.374507841426986,1.0250760163971582,,,,bull,bull,,,,,,,tp_hit,,,0.019,,,,binance,1.0,backfilled from tiered_trades.csv; signal-TF rsi=26.93728130076049; atr_rank=0.76; dist_ema200=13.374507841426986
ttr-20190516210000-00316,backtest_tiered_raw_all_tf,binance,BTCUSDT,1h,2019-05-16T21:00:00Z,,long,T3b_H1_fail_brkdn_long,,3,,0,,,,,,,,,,,,,,,,0.9948146305128304,,,,,44.6336445640133,9.872641228733062,0.0256670490547871,,,,bull,bull,,,,,,,sl_hit,,,-0.013,,,,binance,1.0,backfilled from tiered_trades.csv; signal-TF rsi=44.6336445640133; atr_rank=0.2; dist_ema200=9.872641228733062
ttr-20190517120000-00317,backtest_tiered_raw_all_tf,binance,BTCUSDT,1h,2019-05-17T12:00:00Z,,long,T4c_H1_sweep_lo_long,,4,,0,,,,,,,,,,,,,,,,1.6675494531566135,,,,,15.806457921808644,-1.454091650433167,-7.093459294614406,,,,bull,bull,,,,,,,tp_hit,,,0.019,,,,binance,1.0,backfilled from tiered_trades.csv; signal-TF rsi=15.806457921808644; atr_rank=0.99; dist_ema200=-1.454091650433167
ttr-20190517120000-00318,backtest_tiered_raw_all_tf,binance,BTCUSDT,4h,2019-05-17T12:00:00Z,,long,T4a_H4_hammer_long,,4,,0,,,,,,,,,,,,,,,,1.1633023527629751,,,,,25.153917394267324,16.855654278001687,-2.0471636851750104,,,,bull,bull,,,,,,,sl_hit,,,-0.016,,,,binance,1.0,backfilled from tiered_trades.csv; signal-TF rsi=25.153917394267324; atr_rank=0.93; dist_ema200=16.855654278001687
ttr-20190520130000-00319,backtest_tiered_raw_all_tf,binance,BTCUSDT,1h,2019-05-20T13:00:00Z,,long,T4c_H1_sweep_lo_long,,4,,0,,,,,,,,,,,,,,,,2.032602311850765,,,,,27.22049655711712,3.691308759719594,-0.8098771219316535,,,,bull,bull,,,,,,,tp_hit,,,0.0189999999999999,,,,binance,1.0,backfilled from tiered_trades.csv; signal-TF rsi=27.22049655711712; atr_rank=0.8; dist_ema200=3.691308759719594
ttr-20190522220000-00320,backtest_tiered_raw_all_tf,binance,BTCUSDT,1h,2019-05-22T22:00:00Z,,long,T4c_H1_sweep_lo_long,,4,,0,,,,,,,,,,,,,,,,2.6188101289216115,,,,,36.22371654331165,0.992914429660949,-1.900053924887672,,,,bull,bull,,,,,,,sl_hit,,,-0.011,,,,binance,1.0,backfilled from tiered_trades.csv; signal-TF rsi=36.22371654331165; atr_rank=0.61; dist_ema200=0.992914429660949
ttr-20190523080000-00321,backtest_tiered_raw_all_tf,binance,BTCUSDT,4h,2019-05-23T08:00:00Z,,long,T4a_H4_hammer_long,,4,,0,,,,,,,,,,,,,,,,0.9639011255004084,,,,,33.15172824389752,15.579931766484318,-0.6898392386557785,,,,bull,bull,,,,,,,tp_hit,,,0.029,,,,binance,1.0,backfilled from tiered_trades.csv; signal-TF rsi=33.15172824389752; atr_rank=0.33; dist_ema200=15.579931766484318
ttr-20190528130000-00322,backtest_tiered_raw_all_tf,binance,BTCUSDT,1h,2019-05-28T13:00:00Z,,long,T4c_H1_sweep_lo_long,,4,,0,,,,,,,,,,,,,,,,2.690086394664028,,,,,35.60991922621827,6.4415639955033,0.7995089642574146,,,,bull,bull,,,,,,,sl_hit,,,-0.0109999999999999,,,,binance,1.0,backfilled from tiered_trades.csv; signal-TF rsi=35.60991922621827; atr_rank=0.46; dist_ema200=6.4415639955033
ttr-20190603070000-00323,backtest_tiered_raw_all_tf,binance,BTCUSDT,1h,2019-06-03T07:00:00Z,,long,T4c_H1_sweep_lo_long,,4,,0,,,,,,,,,,,,,,,,2.974526403021977,,,,,28.2998411537785,0.0907558671540263,-1.61951729518696,,,,bull,bull,,,,,,,sl_hit,,,-0.011,,,,binance,1.0,backfilled from tiered_trades.csv; signal-TF rsi=28.2998411537785; atr_rank=0.76; dist_ema200=0.0907558671540263
ttr-20190604200000-00324,backtest_tiered_raw_all_tf,binance,BTCUSDT,4h,2019-06-04T20:00:00Z,,long,T4a_H4_hammer_long,,4,,0,,,,,,,,,,,,,,,,1.149302271365192,,,,,19.17884040125122,2.1539875992791258,-7.665102678489085,,,,bull,bull,,,,,,,sl_hit,,,-0.0159999999999999,,,,binance,1.0,backfilled from tiered_trades.csv; signal-TF rsi=19.17884040125122; atr_rank=0.86; dist_ema200=2.1539875992791258
ttr-20190604220000-00325,backtest_tiered_raw_all_tf,binance,BTCUSDT,1h,2019-06-04T22:00:00Z,,long,T4c_H1_sweep_lo_long,,4,,0,,,,,,,,,,,,,,,,0.9733410287522668,,,,,36.40689325035903,-8.206448128703519,-5.7020487989248485,,,,bull,bull,,,,,,,tp_hit,,,0.019,,,,binance,1.0,backfilled from tiered_trades.csv; signal-TF rsi=36.40689325035903; atr_rank=0.98; dist_ema200=-8.206448128703519
ttr-20190606180000-00326,backtest_tiered_raw_all_tf,binance,BTCUSDT,1h,2019-06-06T18:00:00Z,,long,T4c_H1_sweep_lo_long,,4,,0,,,,,,,,,,,,,,,,3.1481467032812254,,,,,27.042505422580817,-6.776629822029272,-2.958347809770648,,,,bull,bull,,,,,,,tp_hit,,,0.019,,,,binance,1.0,backfilled from tiered_trades.csv; signal-TF rsi=27.042505422580817; atr_rank=0.36; dist_ema200=-6.776629822029272
ttr-20190607080000-00327,backtest_tiered_raw_all_tf,binance,BTCUSDT,1h,2019-06-07T08:00:00Z,,short,T4d_H1_fail_brk_short,,4,,0,,,,,,,,,,,,,,,,1.107379694539165,,,,,87.40049851250299,-1.6513546698359691,1.9039775895755195,,,,bull,bull,,,,,,,sl_hit,,,-0.011,,,,binance,1.0,backfilled from tiered_trades.csv; signal-TF rsi=87.40049851250299; atr_rank=0.05; dist_ema200=-1.6513546698359691
ttr-20190608070000-00328,backtest_tiered_raw_all_tf,binance,BTCUSDT,1h,2019-06-08T07:00:00Z,,long,T4c_H1_sweep_lo_long,,4,,0,,,,,,,,,,,,,,,,1.0595009411784564,,,,,35.67742886628335,-1.8679531032863093,0.1895521784178507,,,,bull,bull,,,,,,,sl_hit,,,-0.011,,,,binance,1.0,backfilled from tiered_trades.csv; signal-TF rsi=35.67742886628335; atr_rank=0.06; dist_ema200=-1.8679531032863093
ttr-20190609140000-00329,backtest_tiered_raw_all_tf,binance,BTCUSDT,1h,2019-06-09T14:00:00Z,,long,T4c_H1_sweep_lo_long,,4,,0,,,,,,,,,,,,,,,,2.0789112278615387,,,,,29.599942746726057,-3.1830523866620437,-1.4504244425120352,,,,bull,bull,,,,,,,sl_hit,,,-0.0109999999999999,,,,binance,1.0,backfilled from tiered_trades.csv; signal-TF rsi=29.599942746726057; atr_rank=0.1; dist_ema200=-3.1830523866620437
ttr-20190611110000-00330,backtest_tiered_raw_all_tf,binance,BTCUSDT,1h,2019-06-11T11:00:00Z,,long,T4c_H1_sweep_lo_long,,4,,0,,,,,,,,,,,,,,,,1.7855614455474964,,,,,29.61207935105625,-2.111528926631217,-0.995372808160259,,,,bull,bull,,,,,,,tp_hit,,,0.019,,,,binance,1.0,backfilled from tiered_trades.csv; signal-TF rsi=29.61207935105625; atr_rank=0.2; dist_ema200=-2.111528926631217
ttr-20190618150000-00331,backtest_tiered_raw_all_tf,binance,BTCUSDT,1h,2019-06-18T15:00:00Z,,long,T4c_H1_sweep_lo_long,,4,,0,,,,,,,,,,,,,,,,1.6179599967163143,,,,,34.32022339602331,5.062260367735578,-0.420629988763367,,,,bull,bull,,,,,,,sl_hit,,,-0.011,,,,binance,1.0,backfilled from tiered_trades.csv; signal-TF rsi=34.32022339602331; atr_rank=0.5; dist_ema200=5.062260367735578
ttr-20190623000000-00332,backtest_tiered_raw_all_tf,binance,BTCUSDT,1d,2019-06-23T00:00:00Z,,short,T2c_D_fail_brk_short,,2,,0,,,,,,,,,,,,,,,,1.2766467207669367,,,,,91.61448891190972,77.63943092895565,35.230709819897285,,,87.64133990391986,bull,bull,,0.9059001929640403,,,,,sl_hit,,,-0.0410000000000001,,,,binance,1.0,backfilled from tiered_trades.csv; signal-TF rsi=91.61448891190972; atr_rank=0.62; dist_ema200=77.63943092895565
ttr-20190624000000-00333,backtest_tiered_raw_all_tf,binance,BTCUSDT,1w,2019-06-24T00:00:00Z,,short,T2b_W_sweep_hi_short,,2,,0,,,,,,,,,,,,,,,,2.399509626978165,,,,,87.1336111261432,88.00414590171668,71.14868621415201,,,,bull,bull,,,,,,,sl_hit,,,-0.0810000000000001,,,,binance,1.0,backfilled from tiered_trades.csv; signal-TF rsi=87.1336111261432; atr_rank=nan; dist_ema200=88.00414590171668
ttr-20190627090000-00334,backtest_tiered_raw_all_tf,binance,BTCUSDT,1h,2019-06-27T09:00:00Z,,long,T4c_H1_sweep_lo_long,,4,,0,,,,,,,,,,,,,,,,2.042619790245737,,,,,20.545344948502645,8.456992007075602,-3.52537687574465,,,,bull,bull,,,,,,,tp_hit,,,0.019,,,,binance,1.0,backfilled from tiered_trades.csv; signal-TF rsi=20.545344948502645; atr_rank=1.0; dist_ema200=8.456992007075602
ttr-20190630140000-00335,backtest_tiered_raw_all_tf,binance,BTCUSDT,1h,2019-06-30T14:00:00Z,,long,T4c_H1_sweep_lo_long,,4,,0,,,,,,,,,,,,,,,,2.2043628350585687,,,,,19.42476879599548,-1.236751367754509,-4.746674345808423,,,,bull,bull,,,,,,,sl_hit,,,-0.011,,,,binance,1.0,backfilled from tiered_trades.csv; signal-TF rsi=19.42476879599548; atr_rank=0.13; dist_ema200=-1.236751367754509
ttr-20190701150000-00336,backtest_tiered_raw_all_tf,binance,BTCUSDT,1h,2019-07-01T15:00:00Z,,long,T4c_H1_sweep_lo_long,,4,,0,,,,,,,,,,,,,,,,2.2412236882461696,,,,,31.879802311397228,-8.331354698893545,-7.937337256910429,,,,bull,bull,,,,,,,sl_hit,,,-0.011,,,,binance,1.0,backfilled from tiered_trades.csv; signal-TF rsi=31.879802311397228; atr_rank=0.59; dist_ema200=-8.331354698893545
ttr-20190702180000-00337,backtest_tiered_raw_all_tf,binance,BTCUSDT,1h,2019-07-02T18:00:00Z,,short,T4d_H1_fail_brk_short,,4,,0,,,,,,,,,,,,,,,,0.9858876042066655,,,,,69.89492083494238,-3.3124860284833644,0.8427353712493363,,,,bull,bull,,,,,,,sl_hit,,,-0.0109999999999999,,,,binance,1.0,backfilled from tiered_trades.csv; signal-TF rsi=69.89492083494238; atr_rank=0.92; dist_ema200=-3.3124860284833644
ttr-20190705000000-00338,backtest_tiered_raw_all_tf,binance,BTCUSDT,1h,2019-07-05T00:00:00Z,,long,T4c_H1_sweep_lo_long,,4,,0,,,,,,,,,,,,,,,,1.493568169746286,,,,,35.04417810552778,-0.7125532812751825,-2.386673851689293,,,,bull,bull,,,,,,,sl_hit,,,-0.0109999999999999,,,,binance,1.0,backfilled from tiered_trades.csv; signal-TF rsi=35.04417810552778; atr_rank=0.16; dist_ema200=-0.7125532812751825
ttr-20190710170000-00339,backtest_tiered_raw_all_tf,binance,BTCUSDT,1h,2019-07-10T17:00:00Z,,long,T4c_H1_sweep_lo_long,,4,,0,,,,,,,,,,,,,,,,1.2249380444201292,,,,,21.966008344462224,4.084171726734358,-1.5313614618791798,,,,bull,bull,,,,,,,sl_hit,,,-0.0109999999999999,,,,binance,1.0,backfilled from tiered_trades.csv; signal-TF rsi=21.966008344462224; atr_rank=0.8; dist_ema200=4.084171726734358
ttr-20190711040000-00340,backtest_tiered_raw_all_tf,binance,BTCUSDT,4h,2019-07-11T04:00:00Z,,long,T4a_H4_hammer_long,,4,,0,,,,,,,,,,,,,,,,1.5693993371871509,,,,,39.82342848229607,9.880023324426697,-1.8266991359127127,,,,bull,bull,,,,,,,sl_hit,,,-0.0159999999999999,,,,binance,1.0,backfilled from tiered_trades.csv; signal-TF rsi=39.82342848229607; atr_rank=0.61; dist_ema200=9.880023324426697
ttr-20190713110000-00341,backtest_tiered_raw_all_tf,binance,BTCUSDT,1h,2019-07-13T11:00:00Z,,long,T4c_H1_sweep_lo_long,,4,,0,,,,,,,,,,,,,,,,1.2587784507392166,,,,,17.42067255087916,-3.412869032670624,-2.792889047989205,,,,bull,bull,,,,,,,sl_hit,,,-0.011,,,,binance,1.0,backfilled from tiered_trades.csv; signal-TF rsi=17.42067255087916; atr_rank=0.06; dist_ema200=-3.412869032670624
ttr-20190715020000-00342,backtest_tiered_raw_all_tf,binance,BTCUSDT,1h,2019-07-15T02:00:00Z,,long,T4c_H1_sweep_lo_long,,4,,0,,,,,,,,,,,,,,,,1.2040199239324998,,,,,29.757495710901125,-11.592611764225614,-7.425720928490116,,,,bull,bull,,,,,,,tp_hit,,,0.0189999999999999,,,,binance,1.0,backfilled from tiered_trades.csv; signal-TF rsi=29.757495710901125; atr_rank=0.89; dist_ema200=-11.592611764225614
ttr-20190715190000-00343,backtest_tiered_raw_all_tf,binance,BTCUSDT,1h,2019-07-15T19:00:00Z,,short,T4d_H1_fail_brk_short,,4,,0,,,,,,,,,,,,,,,,0.950160182230964,,,,,66.62164635805496,-3.7476914541674224,1.617276188579411,,,,bull,bull,,,,,,,sl_hit,,,-0.0109999999999999,,,,binance,1.0,backfilled from tiered_trades.csv; signal-TF rsi=66.62164635805496; atr_rank=0.68; dist_ema200=-3.7476914541674224
ttr-20190716210000-00344,backtest_tiered_raw_all_tf,binance,BTCUSDT,1h,2019-07-16T21:00:00Z,,long,T4c_H1_sweep_lo_long,,4,,0,,,,,,,,,,,,,,,,1.3265519271818502,,,,,20.46281392631141,-12.92577439088832,-7.799048365088029,,,,bull,bull,,,,,,,sl_hit,,,-0.0109999999999999,,,,binance,1.0,backfilled from tiered_trades.csv; signal-TF rsi=20.46281392631141; atr_rank=0.99; dist_ema200=-12.92577439088832
ttr-20190717190000-00345,backtest_tiered_raw_all_tf,binance,BTCUSDT,1h,2019-07-17T19:00:00Z,,short,T4d_H1_fail_brk_short,,4,,0,,,,,,,,,,,,,,,,0.8805794644036096,,,,,56.03690822435103,-9.661384522182214,-2.0033039452564174,,,,bull,bull,,,,,,,sl_hit,,,-0.011,,,,binance,1.0,backfilled from tiered_trades.csv; signal-TF rsi=56.03690822435103; atr_rank=0.72; dist_ema200=-9.661384522182214
ttr-20190721080000-00346,backtest_tiered_raw_all_tf,binance,BTCUSDT,1h,2019-07-21T08:00:00Z,,long,T4c_H1_sweep_lo_long,,4,,0,,,,,,,,,,,,,,,,1.251538534068729,,,,,36.09648854961835,0.8151701446752739,0.9690698851679508,,,,bull,bull,,,,,,,sl_hit,,,-0.0109999999999999,,,,binance,1.0,backfilled from tiered_trades.csv; signal-TF rsi=36.09648854961835; atr_rank=0.21; dist_ema200=0.8151701446752739
ttr-20190723100000-00347,backtest_tiered_raw_all_tf,binance,BTCUSDT,1h,2019-07-23T10:00:00Z,,long,T4c_H1_sweep_lo_long,,4,,0,,,,,,,,,,,,,,,,1.3690019408093566,,,,,22.72430110204823,-4.76359145873282,-3.261438887654828,,,,bull,bull,,,,,,,sl_hit,,,-0.0109999999999999,,,,binance,1.0,backfilled from tiered_trades.csv; signal-TF rsi=22.72430110204823; atr_rank=0.53; dist_ema200=-4.76359145873282
ttr-20190724020000-00348,backtest_tiered_raw_all_tf,binance,BTCUSDT,1h,2019-07-24T02:00:00Z,,long,T4c_H1_sweep_lo_long,,4,,0,,,,,,,,,,,,,,,,0.9315744958617984,,,,,32.130035651731134,-6.895267284234297,-4.440003149825484,,,,bull,bull,,,,,,,sl_hit,,,-0.011,,,,binance,1.0,backfilled from tiered_trades.csv; signal-TF rsi=32.130035651731134; atr_rank=0.64; dist_ema200=-6.895267284234297
ttr-20190725010000-00349,backtest_tiered_raw_all_tf,binance,BTCUSDT,1h,2019-07-25T01:00:00Z,,short,T4d_H1_fail_brk_short,,4,,0,,,,,,,,,,,,,,,,1.314479355942153,,,,,64.83603218250335,-2.07814067596509,1.5143994257013802,,,,bull,bull,,,,,,,tp_hit,,,0.0189999999999999,,,,binance,1.0,backfilled from tiered_trades.csv; signal-TF rsi=64.83603218250335; atr_rank=0.98; dist_ema200=-2.07814067596509
ttr-20190727010000-00350,backtest_tiered_raw_all_tf,binance,BTCUSDT,1h,2019-07-27T01:00:00Z,,short,T4d_H1_fail_brk_short,,4,,0,,,,,,,,,,,,,,,,1.8588311872820944,,,,,73.10992796742853,-0.4288080390308917,2.222737263669317,,,,bull,bull,,,,,,,tp_hit,,,0.019,,,,binance,1.0,backfilled from tiered_trades.csv; signal-TF rsi=73.10992796742853; atr_rank=0.35; dist_ema200=-0.4288080390308917
ttr-20190727150000-00351,backtest_tiered_raw_all_tf,binance,BTCUSDT,1h,2019-07-27T15:00:00Z,,long,T4c_H1_sweep_lo_long,,4,,0,,,,,,,,,,,,,,,,1.424325390867674,,,,,6.99568071196488,-6.541670008489155,-4.053504631960923,,,,bull,bull,,,,,,,sl_hit,,,-0.011,,,,binance,1.0,backfilled from tiered_trades.csv; signal-TF rsi=6.99568071196488; atr_rank=0.58; dist_ema200=-6.541670008489155
ttr-20190729020000-00352,backtest_tiered_raw_all_tf,binance,BTCUSDT,1h,2019-07-29T02:00:00Z,,short,T4d_H1_fail_brk_short,,4,,0,,,,,,,,,,,,,,,,0.6651821582737588,,,,,64.69938819632905,-2.7584001186097176,0.4814918403536766,,,,bull,bull,,,,,,,tp_hit,,,0.0189999999999999,,,,binance,1.0,backfilled from tiered_trades.csv; signal-TF rsi=64.69938819632905; atr_rank=0.64; dist_ema200=-2.7584001186097176
ttr-20190730160000-00353,backtest_tiered_raw_all_tf,binance,BTCUSDT,1h,2019-07-30T16:00:00Z,,short,T4d_H1_fail_brk_short,,4,,0,,,,,,,,,,,,,,,,1.302835761197951,,,,,91.52520658510002,-1.131372853156453,1.4473156964747218,,,,bull,bull,,,,,,,sl_hit,,,-0.011,,,,binance,1.0,backfilled from tiered_trades.csv; signal-TF rsi=91.52520658510002; atr_rank=0.09; dist_ema200=-1.131372853156453
ttr-20190731160000-00354,backtest_tiered_raw_all_tf,binance,BTCUSDT,4h,2019-07-31T16:00:00Z,,short,T3a_H4_sweep_hi_short_loose,,3,,0,,,,,,,,,,,,,,,,1.152149248697638,,,,,72.75686710868746,-2.2503132506988046,1.934006242550288,,,,bull,bull,,,,,,,sl_hit,,,-0.0159999999999998,,,,binance,1.0,backfilled from tiered_trades.csv; signal-TF rsi=72.75686710868746; atr_rank=0.02; dist_ema200=-2.2503132506988046
ttr-20190806000000-00355,backtest_tiered_raw_all_tf,binance,BTCUSDT,1d,2019-08-06T00:00:00Z,,short,T2c_D_fail_brk_short,,2,,0,,,,,,,,,,,,,,,,1.7156326715022303,,,,,73.8550384211334,47.165175894374805,12.415594712929016,,,72.85254865271536,bull,bull,,0.9058581429002373,,,,,sl_hit,,,-0.041,,,,binance,1.0,backfilled from tiered_trades.csv; signal-TF rsi=73.8550384211334; atr_rank=0.25; dist_ema200=47.165175894374805
ttr-20190810120000-00356,backtest_tiered_raw_all_tf,binance,BTCUSDT,1h,2019-08-10T12:00:00Z,,long,T4c_H1_sweep_lo_long,,4,,0,,,,,,,,,,,,,,,,2.6656563452616933,,,,,29.56669937509685,0.5119138429844476,-2.9124489329965955,,,,bull,bull,,,,,,,sl_hit,,,-0.011,,,,binance,1.0,backfilled from tiered_trades.csv; signal-TF rsi=29.56669937509685; atr_rank=0.3; dist_ema200=0.5119138429844476
ttr-20190810120000-00357,backtest_tiered_raw_all_tf,binance,BTCUSDT,4h,2019-08-10T12:00:00Z,,long,T4a_H4_hammer_long,,4,,0,,,,,,,,,,,,,,,,1.4526496208130182,,,,,34.810168372400184,6.5878534761827865,0.293213811654304,,,,bull,bull,,,,,,,sl_hit,,,-0.0159999999999999,,,,binance,1.0,backfilled from tiered_trades.csv; signal-TF rsi=34.810168372400184; atr_rank=0.65; dist_ema200=6.5878534761827865
ttr-20190812120000-00358,backtest_tiered_raw_all_tf,binance,BTCUSDT,1h,2019-08-12T12:00:00Z,,long,T4c_H1_sweep_lo_long,,4,,0,,,,,,,,,,,,,,,,2.130529747561328,,,,,37.33770463328858,0.025646834217518,-0.5610707440291306,,,,bull,bull,,,,,,,sl_hit,,,-0.0109999999999999,,,,binance,1.0,backfilled from tiered_trades.csv; signal-TF rsi=37.33770463328858; atr_rank=0.33; dist_ema200=0.025646834217518
ttr-20190813160000-00359,backtest_tiered_raw_all_tf,binance,BTCUSDT,4h,2019-08-13T16:00:00Z,,long,T4a_H4_hammer_long,,4,,0,,,,,,,,,,,,,,,,1.573829888213155,,,,,25.945054350765176,1.0950420662702578,-3.6577170549911138,,,,bull,bull,,,,,,,sl_hit,,,-0.016,,,,binance,1.0,backfilled from tiered_trades.csv; signal-TF rsi=25.945054350765176; atr_rank=0.06; dist_ema200=1.0950420662702578
ttr-20190813170000-00360,backtest_tiered_raw_all_tf,binance,BTCUSDT,1h,2019-08-13T17:00:00Z,,long,T4c_H1_sweep_lo_long,,4,,0,,,,,,,,,,,,,,,,2.2236453780281744,,,,,16.750467084294854,-4.04316578430749,-3.648608252325177,,,,bull,bull,,,,,,,sl_hit,,,-0.011,,,,binance,1.0,backfilled from tiered_trades.csv; signal-TF rsi=16.750467084294854; atr_rank=0.75; dist_ema200=-4.04316578430749
ttr-20190814090000-00361,backtest_tiered_raw_all_tf,binance,BTCUSDT,1h,2019-08-14T09:00:00Z,,long,T4c_H1_sweep_lo_long,,4,,0,,,,,,,,,,,,,,,,1.2928698106325882,,,,,22.760936625493,-6.705556553832446,-4.632013404520945,,,,bull,bull,,,,,,,sl_hit,,,-0.0109999999999999,,,,binance,1.0,backfilled from tiered_trades.csv; signal-TF rsi=22.760936625493; atr_rank=0.9; dist_ema200=-6.705556553832446
ttr-20190815130000-00362,backtest_tiered_raw_all_tf,binance,BTCUSDT,1h,2019-08-15T13:00:00Z,,long,T4c_H1_sweep_lo_long,,4,,0,,,,,,,,,,,,,,,,0.8274726339949281,,,,,27.43075989823356,-9.686264166513372,-5.403261382424168,,,,bull,bull,,,,,,,tp_hit,,,0.019,,,,binance,1.0,backfilled from tiered_trades.csv; signal-TF rsi=27.43075989823356; atr_rank=1.0; dist_ema200=-9.686264166513372
ttr-20190817180000-00363,backtest_tiered_raw_all_tf,binance,BTCUSDT,1h,2019-08-17T18:00:00Z,,long,T4c_H1_sweep_lo_long,,4,,0,,,,,,,,,,,,,,,,1.854815928395151,,,,,37.8669698365187,-5.320810399195936,-1.3919324651253682,,,,bull,bull,,,,,,,sl_hit,,,-0.0109999999999999,,,,binance,1.0,backfilled from tiered_trades.csv; signal-TF rsi=37.8669698365187; atr_rank=0.35; dist_ema200=-5.320810399195936
ttr-20190819080000-00364,backtest_tiered_raw_all_tf,binance,BTCUSDT,4h,2019-08-19T08:00:00Z,,short,T3a_H4_sweep_hi_short_loose,,3,,0,,,,,,,,,,,,,,,,1.1966504869609422,,,,,65.56092160575035,-0.0770084409176038,0.602364968957605,,,,bull,bull,,,,,,,sl_hit,,,-0.0159999999999998,,,,binance,1.0,backfilled from tiered_trades.csv; signal-TF rsi=65.56092160575035; atr_rank=0.28; dist_ema200=-0.0770084409176038
ttr-20190821050000-00365,backtest_tiered_raw_all_tf,binance,BTCUSDT,1h,2019-08-21T05:00:00Z,,long,T4c_H1_sweep_lo_long,,4,,0,,,,,,,,,,,,,,,,0.8763291065256608,,,,,20.41772515937285,-3.6876737185737767,-3.431010645235323,,,,bull,bull,,,,,,,sl_hit,,,-0.0109999999999999,,,,binance,1.0,backfilled from tiered_trades.csv; signal-TF rsi=20.41772515937285; atr_rank=0.94; dist_ema200=-3.6876737185737767
ttr-20190822190000-00366,backtest_tiered_raw_all_tf,binance,BTCUSDT,1h,2019-08-22T19:00:00Z,,short,T4d_H1_fail_brk_short,,4,,0,,,,,,,,,,,,,,,,0.5385319551321526,,,,,67.50858309362512,-2.846737321716734,-0.1977683013247293,,,,bull,bull,,,,,,,sl_hit,,,-0.011,,,,binance,1.0,backfilled from tiered_trades.csv; signal-TF rsi=67.50858309362512; atr_rank=0.56; dist_ema200=-2.846737321716734
ttr-20190825130000-00367,backtest_tiered_raw_all_tf,binance,BTCUSDT,1h,2019-08-25T13:00:00Z,,short,T4d_H1_fail_brk_short,,4,,0,,,,,,,,,,,,,,,,1.996739900390924,,,,,58.191077547912265,-0.7903874911320113,0.8715175188632219,,,,bull,bull,,,,,,,tp_hit,,,0.019,,,,binance,1.0,backfilled from tiered_trades.csv; signal-TF rsi=58.191077547912265; atr_rank=0.61; dist_ema200=-0.7903874911320113
ttr-20190827120000-00368,backtest_tiered_raw_all_tf,binance,BTCUSDT,1h,2019-08-27T12:00:00Z,,long,T4c_H1_sweep_lo_long,,4,,0,,,,,,,,,,,,,,,,1.7765357263277108,,,,,25.303600596548705,-1.592761631060944,-1.0124009246032308,,,,bull,bull,,,,,,,sl_hit,,,-0.0109999999999999,,,,binance,1.0,backfilled from tiered_trades.csv; signal-TF rsi=25.303600596548705; atr_rank=0.16; dist_ema200=-1.592761631060944
ttr-20190831210000-00369,backtest_tiered_raw_all_tf,binance,BTCUSDT,1h,2019-08-31T21:00:00Z,,long,T3b_H1_fail_brkdn_long,,3,,0,,,,,,,,,,,,,,,,2.5167763670565657,,,,,57.54120649762663,-2.363376634392596,0.5742116921993287,,,,bull,bull,,,,,,,sl_hit,,,-0.013,,,,binance,1.0,backfilled from tiered_trades.csv; signal-TF rsi=57.54120649762663; atr_rank=0.26; dist_ema200=-2.363376634392596
ttr-20190901220000-00370,backtest_tiered_raw_all_tf,binance,BTCUSDT,1h,2019-09-01T22:00:00Z,,short,T4d_H1_fail_brk_short,,4,,0,,,,,,,,,,,,,,,,2.6808320179106904,,,,,80.49008168027957,-0.5406784697856548,1.7235730991759568,,,,bull,bull,,,,,,,sl_hit,,,-0.0109999999999999,,,,binance,1.0,backfilled from tiered_trades.csv; signal-TF rsi=80.49008168027957; atr_rank=0.37; dist_ema200=-0.5406784697856548
ttr-20190906200000-00371,backtest_tiered_raw_all_tf,binance,BTCUSDT,1h,2019-09-06T20:00:00Z,,long,T4c_H1_sweep_lo_long,,4,,0,,,,,,,,,,,,,,,,1.6207734480765288,,,,,27.49051504269822,0.6358124842799779,-2.187480905425613,,,,bull,bull,,,,,,,tp_hit,,,0.0189999999999999,,,,binance,1.0,backfilled from tiered_trades.csv; signal-TF rsi=27.49051504269822; atr_rank=1.0; dist_ema200=0.6358124842799779
ttr-20190908110000-00372,backtest_tiered_raw_all_tf,binance,BTCUSDT,1h,2019-09-08T11:00:00Z,,long,T4c_H1_sweep_lo_long,,4,,0,,,,,,,,,,,,,,,,4.162720989097726,,,,,36.21067327829001,0.4808559112356976,-0.9129882592046978,,,,bull,bull,,,,,,,sl_hit,,,-0.011,,,,binance,1.0,backfilled from tiered_trades.csv; signal-TF rsi=36.21067327829001; atr_rank=0.14; dist_ema200=0.4808559112356976
ttr-20190909080000-00373,backtest_tiered_raw_all_tf,binance,BTCUSDT,1h,2019-09-09T08:00:00Z,,long,T4c_H1_sweep_lo_long,,4,,0,,,,,,,,,,,,,,,,1.9533619213320368,,,,,27.726377952755684,-1.8033114832657464,-2.3237214278276284,,,,bull,bull,,,,,,,tp_hit,,,0.0189999999999999,,,,binance,1.0,backfilled from tiered_trades.csv; signal-TF rsi=27.726377952755684; atr_rank=0.32; dist_ema200=-1.8033114832657464
ttr-20190911060000-00374,backtest_tiered_raw_all_tf,binance,BTCUSDT,1h,2019-09-11T06:00:00Z,,long,T4c_H1_sweep_lo_long,,4,,0,,,,,,,,,,,,,,,,2.0708609159027924,,,,,28.77901696516153,-2.904003779876662,-2.1284752578442254,,,,bull,bull,,,,,,,tp_hit,,,0.019,,,,binance,1.0,backfilled from tiered_trades.csv; signal-TF rsi=28.77901696516153; atr_rank=0.89; dist_ema200=-2.904003779876662
ttr-20190911220000-00375,backtest_tiered_raw_all_tf,binance,BTCUSDT,1h,2019-09-11T22:00:00Z,,short,T4d_H1_fail_brk_short,,4,,0,,,,,,,,,,,,,,,,0.6339007150994617,,,,,65.94841874958576,-1.0870612513386808,0.0185096462130859,,,,bull,bull,,,,,,,sl_hit,,,-0.011,,,,binance,1.0,backfilled from tiered_trades.csv; signal-TF rsi=65.94841874958576; atr_rank=0.59; dist_ema200=-1.0870612513386808
ttr-20190916160000-00376,backtest_tiered_raw_all_tf,binance,BTCUSDT,1h,2019-09-16T16:00:00Z,,long,T4c_H1_sweep_lo_long,,4,,0,,,,,,,,,,,,,,,,1.528931971749122,,,,,19.295090243594828,-1.2677393360984035,-1.2510847240500322,,,,bull,bull,,,,,,,time,,,0.00361500853609,,,,binance,1.0,backfilled from tiered_trades.csv; signal-TF rsi=19.295090243594828; atr_rank=0.44; dist_ema200=-1.2677393360984035
ttr-20190919000000-00377,backtest_tiered_raw_all_tf,binance,BTCUSDT,1d,2019-09-19T00:00:00Z,,long,T3c_D_bull_engulf_long,,3,,0,,,,,,,,,,,,,,,,1.3880700154216947,,,,,38.90367474806287,17.366560581667713,-0.5750606611681633,,,55.32760981254248,bull,bull,,0.5923203750630084,,,,,sl_hit,,,-0.0409999999999999,,,,binance,1.0,backfilled from tiered_trades.csv; signal-TF rsi=38.90367474806287; atr_rank=0.02; dist_ema200=17.366560581667713
ttr-20190922040000-00378,backtest_tiered_raw_all_tf,binance,BTCUSDT,1h,2019-09-22T04:00:00Z,,long,T4c_H1_sweep_lo_long,,4,,0,,,,,,,,,,,,,,,,0.8413378855492647,,,,,36.24082721814523,-2.3973056482125474,-1.3948092759107282,,,,bull,bull,,,,,,,sl_hit,,,-0.011,,,,binance,1.0,backfilled from tiered_trades.csv; signal-TF rsi=36.24082721814523; atr_rank=0.55; dist_ema200=-2.3973056482125474
ttr-20190923140000-00379,backtest_tiered_raw_all_tf,binance,BTCUSDT,1h,2019-09-23T14:00:00Z,,long,T4c_H1_sweep_lo_long,,4,,0,,,,,,,,,,,,,,,,4.742049216489354,,,,,31.037550332427955,-1.811404412120342,-0.7414808511901562,,,,bull,bull,,,,,,,sl_hit,,,-0.011,,,,binance,1.0,backfilled from tiered_trades.csv; signal-TF rsi=31.037550332427955; atr_rank=0.43; dist_ema200=-1.811404412120342
ttr-20190924150000-00380,backtest_tiered_raw_all_tf,binance,BTCUSDT,1h,2019-09-24T15:00:00Z,,long,T4c_H1_sweep_lo_long,,4,,0,,,,,,,,,,,,,,,,3.227374790556598,,,,,22.073852408108024,-4.8343712070695375,-2.898557390613016,,,,bull,bull,,,,,,,sl_hit,,,-0.0109999999999999,,,,binance,1.0,backfilled from tiered_trades.csv; signal-TF rsi=22.073852408108024; atr_rank=0.86; dist_ema200=-4.8343712070695375
ttr-20190926160000-00381,backtest_tiered_raw_all_tf,binance,BTCUSDT,1h,2019-09-26T16:00:00Z,,long,T4c_H1_sweep_lo_long,,4,,0,,,,,,,,,,,,,,,,4.288838130120755,,,,,22.344892346904587,-15.36687526319301,-7.240355310144851,,,,bull,bull,,,,,,,sl_hit,,,-0.0109999999999999,,,,binance,1.0,backfilled from tiered_trades.csv; signal-TF rsi=22.344892346904587; atr_rank=0.82; dist_ema200=-15.36687526319301
ttr-20190927220000-00382,backtest_tiered_raw_all_tf,binance,BTCUSDT,1h,2019-09-27T22:00:00Z,,short,T4d_H1_fail_brk_short,,4,,0,,,,,,,,,,,,,,,,1.2066076864849875,,,,,58.97519145929216,-9.662093400289193,-0.369822696894484,,,,bull,bull,,,,,,,tp_hit,,,0.019,,,,binance,1.0,backfilled from tiered_trades.csv; signal-TF rsi=58.97519145929216; atr_rank=0.52; dist_ema200=-9.662093400289193
ttr-20190929150000-00383,backtest_tiered_raw_all_tf,binance,BTCUSDT,1h,2019-09-29T15:00:00Z,,long,T4c_H1_sweep_lo_long,,4,,0,,,,,,,,,,,,,,,,1.4580241556413551,,,,,8.59663765351111,-8.804134608909612,-1.9218562424303,,,,bull,bull,,,,,,,tp_hit,,,0.019,,,,binance,1.0,backfilled from tiered_trades.csv; signal-TF rsi=8.59663765351111; atr_rank=0.11; dist_ema200=-8.804134608909612
ttr-20190930000000-00384,backtest_tiered_raw_all_tf,binance,BTCUSDT,1d,2019-09-30T00:00:00Z,,long,T3c_D_bull_engulf_long,,3,,0,,,,,,,,,,,,,,,,1.4947602185693636,,,,,17.111169968451776,-5.165640472054828,-15.073280226816236,,,35.86728854382585,bull,bull,,0.27363445053942914,,,,,sl_hit,,,-0.041,,,,binance,1.0,backfilled from tiered_trades.csv; signal-TF rsi=17.111169968451776; atr_rank=0.61; dist_ema200=-5.165640472054828
ttr-20190930160000-00385,backtest_tiered_raw_all_tf,binance,BTCUSDT,1h,2019-09-30T16:00:00Z,,short,T4d_H1_fail_brk_short,,4,,0,,,,,,,,,,,,,,,,1.1245426535917162,,,,,65.7104843612006,-3.654894562024782,2.5352365022156262,,,,bull,bull,,,,,,,sl_hit,,,-0.0109999999999999,,,,binance,1.0,backfilled from tiered_trades.csv; signal-TF rsi=65.7104843612006; atr_rank=0.85; dist_ema200=-3.654894562024782
ttr-20191002030000-00386,backtest_tiered_raw_all_tf,binance,BTCUSDT,1h,2019-10-02T03:00:00Z,,long,T4c_H1_sweep_lo_long,,4,,0,,,,,,,,,,,,,,,,0.8583223398469201,,,,,39.71422611597836,-2.96308887786832,-0.0573573288252056,,,,bull,bull,,,,,,,sl_hit,,,-0.011,,,,binance,1.0,backfilled from tiered_trades.csv; signal-TF rsi=39.71422611597836; atr_rank=0.66; dist_ema200=-2.96308887786832
ttr-20191003000000-00387,backtest_tiered_raw_all_tf,binance,BTCUSDT,1h,2019-10-03T00:00:00Z,,short,T4d_H1_fail_brk_short,,4,,0,,,,,,,,,,,,,,,,1.4814126490975856,,,,,58.714751903606256,-1.5419760364697224,0.8421301192920868,,,,bull,bull,,,,,,,tp_hit,,,0.019,,,,binance,1.0,backfilled from tiered_trades.csv; signal-TF rsi=58.714751903606256; atr_rank=0.07; dist_ema200=-1.5419760364697224
ttr-20191004010000-00388,backtest_tiered_raw_all_tf,binance,BTCUSDT,1h,2019-10-04T01:00:00Z,,long,T4c_H1_sweep_lo_long,,4,,0,,,,,,,,,,,,,,,,1.228730996366839,,,,,39.81577502592563,-3.320108364395588,-1.1996832959247428,,,,bull,bull,,,,,,,sl_hit,,,-0.011,,,,binance,1.0,backfilled from tiered_trades.csv; signal-TF rsi=39.81577502592563; atr_rank=0.43; dist_ema200=-3.320108364395588
ttr-20191005130000-00389,backtest_tiered_raw_all_tf,binance,BTCUSDT,1h,2019-10-05T13:00:00Z,,long,T4c_H1_sweep_lo_long,,4,,0,,,,,,,,,,,,,,,,2.7305739826125084,,,,,29.5869356388088,-2.89058726950183,-0.856775089683893,,,,bull,bull,,,,,,,sl_hit,,,-0.0109999999999999,,,,binance,1.0,backfilled from tiered_trades.csv; signal-TF rsi=29.5869356388088; atr_rank=0.03; dist_ema200=-2.89058726950183
ttr-20191007130000-00390,backtest_tiered_raw_all_tf,binance,BTCUSDT,1h,2019-10-07T13:00:00Z,,short,T4d_H1_fail_brk_short,,4,,0,,,,,,,,,,,,,,,,2.270774383509247,,,,,80.56873036952713,-0.4273483709226536,2.1394984831003194,,,,bull,bull,,,,,,,sl_hit,,,-0.0109999999999999,,,,binance,1.0,backfilled from tiered_trades.csv; signal-TF rsi=80.56873036952713; atr_rank=0.86; dist_ema200=-0.4273483709226536
ttr-20191009160000-00391,backtest_tiered_raw_all_tf,binance,BTCUSDT,4h,2019-10-09T16:00:00Z,,short,T4b_H4_sstar_short,,4,,0,,,,,,,,,,,,,,,,1.6669887894552091,,,,,81.74125651110866,-4.465981373924093,4.491999634700054,,,,bull,bull,,,,,,,sl_hit,,,-0.0159999999999998,,,,binance,1.0,backfilled from tiered_trades.csv; signal-TF rsi=81.74125651110866; atr_rank=0.39; dist_ema200=-4.465981373924093
ttr-20191010130000-00392,backtest_tiered_raw_all_tf,binance,BTCUSDT,1h,2019-10-10T13:00:00Z,,long,T3b_H1_fail_brkdn_long,,3,,0,,,,,,,,,,,,,,,,0.9829727811530808,,,,,38.66966039854051,2.652251816704047,1.026700401444267,,,,bull,bull,,,,,,,tp_hit,,,0.0239999999999998,,,,binance,1.0,backfilled from tiered_trades.csv; signal-TF rsi=38.66966039854051; atr_rank=0.39; dist_ema200=2.652251816704047
ttr-20191011040000-00393,backtest_tiered_raw_all_tf,binance,BTCUSDT,4h,2019-10-11T04:00:00Z,,short,T3a_H4_sweep_hi_short_loose,,3,,0,,,,,,,,,,,,,,,,2.6105784174087305,,,,,62.00933146411988,-6.227511282220986,0.9340752723144352,,,,bull,bull,,,,,,,tp_hit,,,0.029,,,,binance,1.0,backfilled from tiered_trades.csv; signal-TF rsi=62.00933146411988; atr_rank=0.55; dist_ema200=-6.227511282220986
ttr-20191011040000-00394,backtest_tiered_raw_all_tf,binance,BTCUSDT,4h,2019-10-11T04:00:00Z,,short,T1d_H4_sweep_hi_short_strict,,1,,0,,,,,,,,,,,,,,,,2.6105784174087305,,,,,62.00933146411988,-6.227511282220986,0.9340752723144352,,51.96577277140055,34.54865754425094,bear,bull,-0.04962291020326425,0.30309044037124233,,,,,time,,,0.0368065951412129,,,,binance,1.0,backfilled from tiered_trades.csv; signal-TF rsi=62.00933146411988; atr_rank=0.55; dist_ema200=-6.227511282220986
ttr-20191017110000-00395,backtest_tiered_raw_all_tf,binance,BTCUSDT,1h,2019-10-17T11:00:00Z,,short,T4d_H1_fail_brk_short,,4,,0,,,,,,,,,,,,,,,,1.189173698949312,,,,,63.36609853608675,-1.884839895958007,-0.1838291664665841,,,,bull,bull,,,,,,,tp_hit,,,0.019,,,,binance,1.0,backfilled from tiered_trades.csv; signal-TF rsi=63.36609853608675; atr_rank=0.44; dist_ema200=-1.884839895958007
ttr-20191018080000-00396,backtest_tiered_raw_all_tf,binance,BTCUSDT,1h,2019-10-18T08:00:00Z,,long,T4c_H1_sweep_lo_long,,4,,0,,,,,,,,,,,,,,,,2.375929316197232,,,,,23.790463398253905,-3.769203985296048,-2.1384945051768742,,,,bull,bull,,,,,,,tp_hit,,,0.0189999999999999,,,,binance,1.0,backfilled from tiered_trades.csv; signal-TF rsi=23.790463398253905; atr_rank=0.79; dist_ema200=-3.769203985296048
ttr-20191019130000-00397,backtest_tiered_raw_all_tf,binance,BTCUSDT,1h,2019-10-19T13:00:00Z,,short,T4d_H1_fail_brk_short,,4,,0,,,,,,,,,,,,,,,,2.28124707366879,,,,,62.38535645472053,-1.391709793350009,0.4254918130537634,,,,bull,bull,,,,,,,sl_hit,,,-0.011,,,,binance,1.0,backfilled from tiered_trades.csv; signal-TF rsi=62.38535645472053; atr_rank=0.67; dist_ema200=-1.391709793350009
ttr-20191020200000-00398,backtest_tiered_raw_all_tf,binance,BTCUSDT,4h,2019-10-20T20:00:00Z,,short,T4b_H4_sstar_short,,4,,0,,,,,,,,,,,,,,,,1.2401145154295548,,,,,77.99682504522467,-4.21903598417949,1.5917617280397824,,,,bull,bull,,,,,,,tp_hit,,,0.0289999999999999,,,,binance,1.0,backfilled from tiered_trades.csv; signal-TF rsi=77.99682504522467; atr_rank=0.38; dist_ema200=-4.21903598417949
ttr-20191021120000-00399,backtest_tiered_raw_all_tf,binance,BTCUSDT,4h,2019-10-21T12:00:00Z,,short,T1d_H4_sweep_hi_short_strict,,1,,0,,,,,,,,,,,,,,,,1.5942496283674283,,,,,73.47424136759473,-4.43219222923227,0.9691633731493264,,50.20903204769891,44.61815256017701,bear,bull,-0.05099945825217695,0.4889617483700704,,,,,tp_hit,,,0.069,,,,binance,1.0,backfilled from tiered_trades.csv; signal-TF rsi=73.47424136759473; atr_rank=0.58; dist_ema200=-4.43219222923227
ttr-20191021120000-00400,backtest_tiered_raw_all_tf,binance,BTCUSDT,4h,2019-10-21T12:00:00Z,,short,T3a_H4_sweep_hi_short_loose,,3,,0,,,,,,,,,,,,,,,,1.5942496283674283,,,,,73.47424136759473,-4.43219222923227,0.9691633731493264,,,,bull,bull,,,,,,,tp_hit,,,0.029,,,,binance,1.0,backfilled from tiered_trades.csv; signal-TF rsi=73.47424136759473; atr_rank=0.58; dist_ema200=-4.43219222923227
ttr-20191023050000-00401,backtest_tiered_raw_all_tf,binance,BTCUSDT,1h,2019-10-23T05:00:00Z,,long,T4c_H1_sweep_lo_long,,4,,0,,,,,,,,,,,,,,,,1.0419729884214048,,,,,10.452961672474032,-2.093064062595177,-2.123820449282193,,,,bull,bull,,,,,,,sl_hit,,,-0.011,,,,binance,1.0,backfilled from tiered_trades.csv; signal-TF rsi=10.452961672474032; atr_rank=0.67; dist_ema200=-2.093064062595177
ttr-20191025110000-00402,backtest_tiered_raw_all_tf,binance,BTCUSDT,1h,2019-10-25T11:00:00Z,,short,T4d_H1_fail_brk_short,,4,,0,,,,,,,,,,,,,,,,3.311247580176583,,,,,74.28792370150792,-3.5769162027900654,0.4284110374227826,,,,bull,bull,,,,,,,sl_hit,,,-0.0109999999999999,,,,binance,1.0,backfilled from tiered_trades.csv; signal-TF rsi=74.28792370150792; atr_rank=0.49; dist_ema200=-3.5769162027900654
ttr-20191030110000-00403,backtest_tiered_raw_all_tf,binance,BTCUSDT,1h,2019-10-30T11:00:00Z,,long,T4c_H1_sweep_lo_long,,4,,0,,,,,,,,,,,,,,,,1.4299273151186522,,,,,25.649677189112268,2.613131383807066,-2.1880393700703102,,,,bull,bull,,,,,,,sl_hit,,,-0.0109999999999999,,,,binance,1.0,backfilled from tiered_trades.csv; signal-TF rsi=25.649677189112268; atr_rank=0.14; dist_ema200=2.613131383807066
ttr-20191030120000-00404,backtest_tiered_raw_all_tf,binance,BTCUSDT,4h,2019-10-30T12:00:00Z,,long,T4a_H4_hammer_long,,4,,0,,,,,,,,,,,,,,,,0.814793603502123,,,,,36.30528111275,5.36126525277613,2.5664345624645755,,,,bull,bull,,,,,,,sl_hit,,,-0.016,,,,binance,1.0,backfilled from tiered_trades.csv; signal-TF rsi=36.30528111275; atr_rank=0.71; dist_ema200=5.36126525277613
ttr-20191103120000-00405,backtest_tiered_raw_all_tf,binance,BTCUSDT,1h,2019-11-03T12:00:00Z,,long,T4c_H1_sweep_lo_long,,4,,0,,,,,,,,,,,,,,,,1.299339657062413,,,,,27.765017953611803,0.8317576618830771,-0.9085933433352394,,,,bull,bull,,,,,,,tp_hit,,,0.0189999999999999,,,,binance,1.0,backfilled from tiered_trades.csv; signal-TF rsi=27.765017953611803; atr_rank=0.29; dist_ema200=0.8317576618830771
ttr-20191107120000-00406,backtest_tiered_raw_all_tf,binance,BTCUSDT,1h,2019-11-07T12:00:00Z,,long,T4c_H1_sweep_lo_long,,4,,0,,,,,,,,,,,,,,,,1.632864300816221,,,,,8.968867530297487,-0.3023939366503851,-1.2252184710907734,,,,bull,bull,,,,,,,sl_hit,,,-0.0110000000000001,,,,binance,1.0,backfilled from tiered_trades.csv; signal-TF rsi=8.968867530297487; atr_rank=0.49; dist_ema200=-0.3023939366503851
ttr-20191107200000-00407,backtest_tiered_raw_all_tf,binance,BTCUSDT,4h,2019-11-07T20:00:00Z,,long,T4a_H4_hammer_long,,4,,0,,,,,,,,,,,,,,,,0.8333070407897344,,,,,34.667279668978665,3.879948835385053,0.104258072600378,,,,bull,bull,,,,,,,sl_hit,,,-0.0160000000000001,,,,binance,1.0,backfilled from tiered_trades.csv; signal-TF rsi=34.667279668978665; atr_rank=0.15; dist_ema200=3.879948835385053
ttr-20191110170000-00408,backtest_tiered_raw_all_tf,binance,BTCUSDT,1h,2019-11-10T17:00:00Z,,short,T4d_H1_fail_brk_short,,4,,0,,,,,,,,,,,,,,,,1.653297483816736,,,,,76.63064336935678,-0.0834527901809448,1.7979085868134737,,,,bull,bull,,,,,,,tp_hit,,,0.0189999999999999,,,,binance,1.0,backfilled from tiered_trades.csv; signal-TF rsi=76.63064336935678; atr_rank=0.85; dist_ema200=-0.0834527901809448
ttr-20191115030000-00409,backtest_tiered_raw_all_tf,binance,BTCUSDT,1h,2019-11-15T03:00:00Z,,long,T4c_H1_sweep_lo_long,,4,,0,,,,,,,,,,,,,,,,1.1898670457624214,,,,,25.291797472429774,-3.236736170590144,-1.479086520151432,,,,bull,bull,,,,,,,tp_hit,,,0.0189999999999999,,,,binance,1.0,backfilled from tiered_trades.csv; signal-TF rsi=25.291797472429774; atr_rank=0.21; dist_ema200=-3.236736170590144
ttr-20191117080000-00410,backtest_tiered_raw_all_tf,binance,BTCUSDT,1h,2019-11-17T08:00:00Z,,long,T3b_H1_fail_brkdn_long,,3,,0,,,,,,,,,,,,,,,,5.714958049979496,,,,,60.57153247068106,-1.7209988786891246,0.4566570464296755,,,,bull,bull,,,,,,,sl_hit,,,-0.0129999999999999,,,,binance,1.0,backfilled from tiered_trades.csv; signal-TF rsi=60.57153247068106; atr_rank=0.43; dist_ema200=-1.7209988786891246
ttr-20191117090000-00411,backtest_tiered_raw_all_tf,binance,BTCUSDT,1h,2019-11-17T09:00:00Z,,short,T4d_H1_fail_brk_short,,4,,0,,,,,,,,,,,,,,,,2.302544176020291,,,,,59.53770999642547,-1.897738782426556,0.2467806581537202,,,,bull,bull,,,,,,,sl_hit,,,-0.011,,,,binance,1.0,backfilled from tiered_trades.csv; signal-TF rsi=59.53770999642547; atr_rank=0.57; dist_ema200=-1.897738782426556
ttr-20191121120000-00412,backtest_tiered_raw_all_tf,binance,BTCUSDT,1h,2019-11-21T12:00:00Z,,long,T4c_H1_sweep_lo_long,,4,,0,,,,,,,,,,,,,,,,1.6087930745798524,,,,,22.678266901754483,-5.675979926302322,-2.4684065963270148,,,,bull,bull,,,,,,,sl_hit,,,-0.0109999999999999,,,,binance,1.0,backfilled from tiered_trades.csv; signal-TF rsi=22.678266901754483; atr_rank=0.64; dist_ema200=-5.675979926302322
ttr-20191122140000-00413,backtest_tiered_raw_all_tf,binance,BTCUSDT,1h,2019-11-22T14:00:00Z,,long,T4c_H1_sweep_lo_long,,4,,0,,,,,,,,,,,,,,,,2.8215129109168497,,,,,17.743410328787775,-13.93849483519372,-8.394193258475108,,,,bull,bull,,,,,,,tp_hit,,,0.019,,,,binance,1.0,backfilled from tiered_trades.csv; signal-TF rsi=17.743410328787775; atr_rank=1.0; dist_ema200=-13.93849483519372
ttr-20191124160000-00414,backtest_tiered_raw_all_tf,binance,BTCUSDT,1h,2019-11-24T16:00:00Z,,long,T4c_H1_sweep_lo_long,,4,,0,,,,,,,,,,,,,,,,3.0292444975309105,,,,,31.78969471813917,-10.002031900177904,-3.3381339045994363,,,,bull,bull,,,,,,,sl_hit,,,-0.011,,,,binance,1.0,backfilled from tiered_trades.csv; signal-TF rsi=31.78969471813917; atr_rank=0.8; dist_ema200=-10.002031900177904
ttr-20191127130000-00415,backtest_tiered_raw_all_tf,binance,BTCUSDT,1h,2019-11-27T13:00:00Z,,short,T4d_H1_fail_brk_short,,4,,0,,,,,,,,,,,,,,,,0.8640617877421364,,,,,57.29031688066908,-2.5236489158474784,2.0814827286861903,,,,bull,bull,,,,,,,sl_hit,,,-0.011,,,,binance,1.0,backfilled from tiered_trades.csv; signal-TF rsi=57.29031688066908; atr_rank=0.51; dist_ema200=-2.5236489158474784
ttr-20191127200000-00416,backtest_tiered_raw_all_tf,binance,BTCUSDT,4h,2019-11-27T20:00:00Z,,short,T3a_H4_sweep_hi_short_loose,,3,,0,,,,,,,,,,,,,,,,0.6584593757016163,,,,,60.97140060615946,-8.406113093346205,0.9315523059176763,,,,bull,bull,,,,,,,sl_hit,,,-0.0159999999999999,,,,binance,1.0,backfilled from tiered_trades.csv; signal-TF rsi=60.97140060615946; atr_rank=0.73; dist_ema200=-8.406113093346205
ttr-20191128230000-00417,backtest_tiered_raw_all_tf,binance,BTCUSDT,1h,2019-11-28T23:00:00Z,,long,T3b_H1_fail_brkdn_long,,3,,0,,,,,,,,,,,,,,,,1.1994781964160337,,,,,41.92700782835602,-0.5386014225697991,0.2161818961573015,,,,bull,bull,,,,,,,tp_hit,,,0.0239999999999999,,,,binance,1.0,backfilled from tiered_trades.csv; signal-TF rsi=41.92700782835602; atr_rank=0.25; dist_ema200=-0.5386014225697991
ttr-20191130160000-00418,backtest_tiered_raw_all_tf,binance,BTCUSDT,1h,2019-11-30T16:00:00Z,,long,T4c_H1_sweep_lo_long,,4,,0,,,,,,,,,,,,,,,,1.3126387709617682,,,,,32.25419969920206,0.9181155789311436,-0.2723238226049772,,,,bull,bull,,,,,,,sl_hit,,,-0.0109999999999999,,,,binance,1.0,backfilled from tiered_trades.csv; signal-TF rsi=32.25419969920206; atr_rank=0.24; dist_ema200=0.9181155789311436
ttr-20191201090000-00419,backtest_tiered_raw_all_tf,binance,BTCUSDT,1h,2019-12-01T09:00:00Z,,long,T4c_H1_sweep_lo_long,,4,,0,,,,,,,,,,,,,,,,0.997943650176252,,,,,27.1195026479392,-2.62432370877633,-2.592940879518073,,,,bull,bull,,,,,,,tp_hit,,,0.0189999999999999,,,,binance,1.0,backfilled from tiered_trades.csv; signal-TF rsi=27.1195026479392; atr_rank=0.53; dist_ema200=-2.62432370877633
ttr-20191202060000-00420,backtest_tiered_raw_all_tf,binance,BTCUSDT,1h,2019-12-02T06:00:00Z,,long,T4c_H1_sweep_lo_long,,4,,0,,,,,,,,,,,,,,,,2.3649500479123198,,,,,39.65166651931765,-2.9588214468353145,-2.178732849828181,,,,bull,bull,,,,,,,sl_hit,,,-0.011,,,,binance,1.0,backfilled from tiered_trades.csv; signal-TF rsi=39.65166651931765; atr_rank=0.25; dist_ema200=-2.9588214468353145
ttr-20191204010000-00421,backtest_tiered_raw_all_tf,binance,BTCUSDT,1h,2019-12-04T01:00:00Z,,long,T4c_H1_sweep_lo_long,,4,,0,,,,,,,,,,,,,,,,2.2432675804001763,,,,,34.58336836794754,-3.449155652749253,-2.1453475838977023,,,,bull,bull,,,,,,,sl_hit,,,-0.0109999999999999,,,,binance,1.0,backfilled from tiered_trades.csv; signal-TF rsi=34.58336836794754; atr_rank=0.34; dist_ema200=-3.449155652749253
ttr-20191209080000-00422,backtest_tiered_raw_all_tf,binance,BTCUSDT,1h,2019-12-09T08:00:00Z,,long,T4c_H1_sweep_lo_long,,4,,0,,,,,,,,,,,,,,,,1.262614818828172,,,,,37.93541825578444,0.4018553724836339,-0.312949611993168,,,,bull,bull,,,,,,,tp_hit,,,0.019,,,,binance,1.0,backfilled from tiered_trades.csv; signal-TF rsi=37.93541825578444; atr_rank=0.22; dist_ema200=0.4018553724836339
ttr-20191210180000-00423,backtest_tiered_raw_all_tf,binance,BTCUSDT,1h,2019-12-10T18:00:00Z,,long,T4c_H1_sweep_lo_long,,4,,0,,,,,,,,,,,,,,,,1.132904292851222,,,,,26.413515189088717,-2.4811003340109017,-2.023459907832157,,,,bull,bull,,,,,,,sl_hit,,,-0.0109999999999999,,,,binance,1.0,backfilled from tiered_trades.csv; signal-TF rsi=26.413515189088717; atr_rank=0.71; dist_ema200=-2.4811003340109017
ttr-20191212010000-00424,backtest_tiered_raw_all_tf,binance,BTCUSDT,1h,2019-12-12T01:00:00Z,,long,T4c_H1_sweep_lo_long,,4,,0,,,,,,,,,,,,,,,,1.7322375505121173,,,,,37.481001114601135,-2.773609956623798,-1.4102968616860736,,,,bull,bull,,,,,,,tp_hit,,,0.0189999999999999,,,,binance,1.0,backfilled from tiered_trades.csv; signal-TF rsi=37.481001114601135; atr_rank=0.76; dist_ema200=-2.773609956623798
ttr-20191213170000-00425,backtest_tiered_raw_all_tf,binance,BTCUSDT,1h,2019-12-13T17:00:00Z,,short,T4d_H1_fail_brk_short,,4,,0,,,,,,,,,,,,,,,,1.293240271185957,,,,,66.88805970149215,-0.4597980451665784,0.6815703934617496,,,,bull,bull,,,,,,,tp_hit,,,0.019,,,,binance,1.0,backfilled from tiered_trades.csv; signal-TF rsi=66.88805970149215; atr_rank=0.08; dist_ema200=-0.4597980451665784
ttr-20191214110000-00426,backtest_tiered_raw_all_tf,binance,BTCUSDT,1h,2019-12-14T11:00:00Z,,long,T4c_H1_sweep_lo_long,,4,,0,,,,,,,,,,,,,,,,1.845426351888876,,,,,31.65665665665668,-1.5146409298348926,-0.6129815316699333,,,,bull,bull,,,,,,,sl_hit,,,-0.011,,,,binance,1.0,backfilled from tiered_trades.csv; signal-TF rsi=31.65665665665668; atr_rank=0.16; dist_ema200=-1.5146409298348926
ttr-20191215000000-00427,backtest_tiered_raw_all_tf,binance,BTCUSDT,1h,2019-12-15T00:00:00Z,,long,T4c_H1_sweep_lo_long,,4,,0,,,,,,,,,,,,,,,,1.1770078913276671,,,,,23.36817997118688,-3.092781770156893,-1.7509457090243967,,,,bull,bull,,,,,,,tp_hit,,,0.0189999999999999,,,,binance,1.0,backfilled from tiered_trades.csv; signal-TF rsi=23.36817997118688; atr_rank=0.74; dist_ema200=-3.092781770156893
ttr-20191216040000-00428,backtest_tiered_raw_all_tf,binance,BTCUSDT,1h,2019-12-16T04:00:00Z,,long,T4c_H1_sweep_lo_long,,4,,0,,,,,,,,,,,,,,,,1.903298703295159,,,,,35.849609947797646,-2.170339868965551,-0.7206144381865951,,,,bull,bull,,,,,,,sl_hit,,,-0.0109999999999999,,,,binance,1.0,backfilled from tiered_trades.csv; signal-TF rsi=35.849609947797646; atr_rank=0.38; dist_ema200=-2.170339868965551
ttr-20191217140000-00429,backtest_tiered_raw_all_tf,binance,BTCUSDT,1h,2019-12-17T14:00:00Z,,long,T4c_H1_sweep_lo_long,,4,,0,,,,,,,,,,,,,,,,2.672151593560096,,,,,24.4220637253146,-5.5326148459747175,-3.1917740522560702,,,,bull,bull,,,,,,,sl_hit,,,-0.011,,,,binance,1.0,backfilled from tiered_trades.csv; signal-TF rsi=24.4220637253146; atr_rank=0.85; dist_ema200=-5.5326148459747175
ttr-20191218170000-00430,backtest_tiered_raw_all_tf,binance,BTCUSDT,1h,2019-12-18T17:00:00Z,,short,T4d_H1_fail_brk_short,,4,,0,,,,,,,,,,,,,,,,1.0007250256709546,,,,,65.32173789829795,-2.513339028111097,1.142286231046866,,,,bull,bull,,,,,,,sl_hit,,,-0.011,,,,binance,1.0,backfilled from tiered_trades.csv; signal-TF rsi=65.32173789829795; atr_rank=1.0; dist_ema200=-2.513339028111097
ttr-20191221080000-00431,backtest_tiered_raw_all_tf,binance,BTCUSDT,1h,2019-12-21T08:00:00Z,,long,T3b_H1_fail_brkdn_long,,3,,0,,,,,,,,,,,,,,,,0.6623129158690596,,,,,33.83062182496316,0.7336136680897856,0.234670234217472,,,,bull,bull,,,,,,,tp_hit,,,0.0239999999999999,,,,binance,1.0,backfilled from tiered_trades.csv; signal-TF rsi=33.83062182496316; atr_rank=0.01; dist_ema200=0.7336136680897856
ttr-20191224080000-00432,backtest_tiered_raw_all_tf,binance,BTCUSDT,1h,2019-12-24T08:00:00Z,,long,T3b_H1_fail_brkdn_long,,3,,0,,,,,,,,,,,,,,,,1.537095387002314,,,,,46.781372483890166,2.069048964168675,0.0940303126069643,,,,bull,bull,,,,,,,sl_hit,,,-0.013,,,,binance,1.0,backfilled from tiered_trades.csv; signal-TF rsi=46.781372483890166; atr_rank=0.66; dist_ema200=2.069048964168675
ttr-20191227120000-00433,backtest_tiered_raw_all_tf,binance,BTCUSDT,1h,2019-12-27T12:00:00Z,,long,T3b_H1_fail_brkdn_long,,3,,0,,,,,,,,,,,,,,,,2.1784346723576995,,,,,55.057280675309066,0.0594525034420823,0.0077677753250774,,,,bull,bull,,,,,,,time,,,0.0178185321240548,,,,binance,1.0,backfilled from tiered_trades.csv; signal-TF rsi=55.057280675309066; atr_rank=0.31; dist_ema200=0.0594525034420823
ttr-20191230130000-00434,backtest_tiered_raw_all_tf,binance,BTCUSDT,1h,2019-12-30T13:00:00Z,,long,T4c_H1_sweep_lo_long,,4,,0,,,,,,,,,,,,,,,,1.489227920127372,,,,,34.37256072363273,0.5781735424108277,-0.2783324183707222,,,,bull,bull,,,,,,,sl_hit,,,-0.0109999999999999,,,,binance,1.0,backfilled from tiered_trades.csv; signal-TF rsi=34.37256072363273; atr_rank=0.39; dist_ema200=0.5781735424108277
ttr-20191231160000-00435,backtest_tiered_raw_all_tf,binance,BTCUSDT,1h,2019-12-31T16:00:00Z,,long,T4c_H1_sweep_lo_long,,4,,0,,,,,,,,,,,,,,,,0.8930252348267808,,,,,39.7718105335945,-0.8157960176769006,-0.8969681940024491,,,,bull,bull,,,,,,,sl_hit,,,-0.0109999999999999,,,,binance,1.0,backfilled from tiered_trades.csv; signal-TF rsi=39.7718105335945; atr_rank=0.3; dist_ema200=-0.8157960176769006
ttr-20200103020000-00436,backtest_tiered_raw_all_tf,binance,BTCUSDT,1h,2020-01-03T02:00:00Z,,long,T4c_H1_sweep_lo_long,,4,,0,,,,,,,,,,,,,,,,1.7891680014114364,,,,,26.650281713000595,-3.522509245885013,-2.1662866042194877,,,,bull,bull,,,,,,,tp_hit,,,0.0189999999999999,,,,binance,1.0,backfilled from tiered_trades.csv; signal-TF rsi=26.650281713000595; atr_rank=1.0; dist_ema200=-3.522509245885013
ttr-20200108200000-00437,backtest_tiered_raw_all_tf,binance,BTCUSDT,1h,2020-01-08T20:00:00Z,,long,T3b_H1_fail_brkdn_long,,3,,0,,,,,,,,,,,,,,,,1.9293771627096,,,,,30.620206294631075,5.619486799954484,0.1213382016603058,,,,bull,bull,,,,,,,sl_hit,,,-0.0129999999999999,,,,binance,1.0,backfilled from tiered_trades.csv; signal-TF rsi=30.620206294631075; atr_rank=0.9; dist_ema200=5.619486799954484
ttr-20200108200000-00438,backtest_tiered_raw_all_tf,binance,BTCUSDT,1h,2020-01-08T20:00:00Z,,long,T4c_H1_sweep_lo_long,,4,,0,,,,,,,,,,,,,,,,1.9293771627096,,,,,30.620206294631075,5.619486799954484,0.1213382016603058,,,,bull,bull,,,,,,,sl_hit,,,-0.011,,,,binance,1.0,backfilled from tiered_trades.csv; signal-TF rsi=30.620206294631075; atr_rank=0.9; dist_ema200=5.619486799954484
ttr-20200116030000-00439,backtest_tiered_raw_all_tf,binance,BTCUSDT,1h,2020-01-16T03:00:00Z,,long,T4c_H1_sweep_lo_long,,4,,0,,,,,,,,,,,,,,,,0.7947600474740917,,,,,27.05996806108783,4.903857771516504,-0.0376676457810161,,,,bull,bull,,,,,,,tp_hit,,,0.0189999999999999,,,,binance,1.0,backfilled from tiered_trades.csv; signal-TF rsi=27.05996806108783; atr_rank=0.74; dist_ema200=4.903857771516504
ttr-20200119220000-00440,backtest_tiered_raw_all_tf,binance,BTCUSDT,1h,2020-01-19T22:00:00Z,,long,T4c_H1_sweep_lo_long,,4,,0,,,,,,,,,,,,,,,,2.349103026610901,,,,,17.073030971549557,0.505347546690346,-2.1466952281265144,,,,bull,bull,,,,,,,sl_hit,,,-0.011,,,,binance,1.0,backfilled from tiered_trades.csv; signal-TF rsi=17.073030971549557; atr_rank=1.0; dist_ema200=0.505347546690346
ttr-20200121200000-00441,backtest_tiered_raw_all_tf,binance,BTCUSDT,1h,2020-01-21T20:00:00Z,,long,T3b_H1_fail_brkdn_long,,3,,0,,,,,,,,,,,,,,,,3.754739581208324,,,,,58.07811444674746,1.1492287250022983,0.4440737733147124,,,,bull,bull,,,,,,,sl_hit,,,-0.013,,,,binance,1.0,backfilled from tiered_trades.csv; signal-TF rsi=58.07811444674746; atr_rank=0.31; dist_ema200=1.1492287250022983
ttr-20200123020000-00442,backtest_tiered_raw_all_tf,binance,BTCUSDT,1h,2020-01-23T02:00:00Z,,long,T4c_H1_sweep_lo_long,,4,,0,,,,,,,,,,,,,,,,1.3971908501326804,,,,,37.886215426130015,-0.2990360626958158,-0.7710018892469028,,,,bull,bull,,,,,,,sl_hit,,,-0.0109999999999999,,,,binance,1.0,backfilled from tiered_trades.csv; signal-TF rsi=37.886215426130015; atr_rank=0.21; dist_ema200=-0.2990360626958158
ttr-20200123160000-00443,backtest_tiered_raw_all_tf,binance,BTCUSDT,1h,2020-01-23T16:00:00Z,,long,T4c_H1_sweep_lo_long,,4,,0,,,,,,,,,,,,,,,,1.0171529407797102,,,,,16.626675708100777,-3.0082365290459507,-2.6392286658710438,,,,bull,bull,,,,,,,sl_hit,,,-0.011,,,,binance,1.0,backfilled from tiered_trades.csv; signal-TF rsi=16.626675708100777; atr_rank=0.83; dist_ema200=-3.0082365290459507
ttr-20200123160000-00444,backtest_tiered_raw_all_tf,binance,BTCUSDT,4h,2020-01-23T16:00:00Z,,long,T4a_H4_hammer_long,,4,,0,,,,,,,,,,,,,,,,0.9948841689466966,,,,,32.57906415351974,3.4675258913354705,-2.671770570416555,,,,bull,bull,,,,,,,sl_hit,,,-0.016,,,,binance,1.0,backfilled from tiered_trades.csv; signal-TF rsi=32.57906415351974; atr_rank=0.19; dist_ema200=3.4675258913354705
ttr-20200124140000-00445,backtest_tiered_raw_all_tf,binance,BTCUSDT,1h,2020-01-24T14:00:00Z,,short,T4d_H1_fail_brk_short,,4,,0,,,,,,,,,,,,,,,,1.3673551326799958,,,,,55.87978402413845,-1.118292646586421,0.1676970068885529,,,,bull,bull,,,,,,,tp_hit,,,0.0189999999999999,,,,binance,1.0,backfilled from tiered_trades.csv; signal-TF rsi=55.87978402413845; atr_rank=0.89; dist_ema200=-1.118292646586421
ttr-20200125220000-00446,backtest_tiered_raw_all_tf,binance,BTCUSDT,1h,2020-01-25T22:00:00Z,,short,T4d_H1_fail_brk_short,,4,,0,,,,,,,,,,,,,,,,1.3518350529648036,,,,,49.43140678904589,-1.7765824402798776,-0.3242165868284255,,,,bull,bull,,,,,,,sl_hit,,,-0.0109999999999999,,,,binance,1.0,backfilled from tiered_trades.csv; signal-TF rsi=49.43140678904589; atr_rank=0.05; dist_ema200=-1.7765824402798776
ttr-20200128170000-00447,backtest_tiered_raw_all_tf,binance,BTCUSDT,1h,2020-01-28T17:00:00Z,,long,T4c_H1_sweep_lo_long,,4,,0,,,,,,,,,,,,,,,,1.4870351959001296,,,,,37.12293739262455,4.020456081444668,1.488836425161249,,,,bull,bull,,,,,,,tp_hit,,,0.019,,,,binance,1.0,backfilled from tiered_trades.csv; signal-TF rsi=37.12293739262455; atr_rank=1.0; dist_ema200=4.020456081444668
ttr-20200131130000-00448,backtest_tiered_raw_all_tf,binance,BTCUSDT,1h,2020-01-31T13:00:00Z,,long,T4c_H1_sweep_lo_long,,4,,0,,,,,,,,,,,,,,,,1.469426816902316,,,,,12.938394447514966,3.105984602574279,-0.781851991046634,,,,bull,bull,,,,,,,tp_hit,,,0.019,,,,binance,1.0,backfilled from tiered_trades.csv; signal-TF rsi=12.938394447514966; atr_rank=0.26; dist_ema200=3.105984602574279
ttr-20200203170000-00449,backtest_tiered_raw_all_tf,binance,BTCUSDT,1h,2020-02-03T17:00:00Z,,long,T4c_H1_sweep_lo_long,,4,,0,,,,,,,,,,,,,,,,0.8596389478695866,,,,,35.23913182662149,1.0795442493980494,-0.778011261085475,,,,bull,bull,,,,,,,sl_hit,,,-0.0109999999999999,,,,binance,1.0,backfilled from tiered_trades.csv; signal-TF rsi=35.23913182662149; atr_rank=0.24; dist_ema200=1.0795442493980494
ttr-20200204120000-00450,backtest_tiered_raw_all_tf,binance,BTCUSDT,4h,2020-02-04T12:00:00Z,,long,T4a_H4_hammer_long,,4,,0,,,,,,,,,,,,,,,,1.7308288131327356,,,,,35.49220048813265,7.008268491118423,0.0066027764718588,,,,bull,bull,,,,,,,tp_hit,,,0.029,,,,binance,1.0,backfilled from tiered_trades.csv; signal-TF rsi=35.49220048813265; atr_rank=0.4; dist_ema200=7.008268491118423
ttr-20200204130000-00451,backtest_tiered_raw_all_tf,binance,BTCUSDT,1h,2020-02-04T13:00:00Z,,long,T4c_H1_sweep_lo_long,,4,,0,,,,,,,,,,,,,,,,1.277349905854402,,,,,32.2155466744303,-0.5138891688698647,-1.5287788202610462,,,,bull,bull,,,,,,,tp_hit,,,0.0190000000000001,,,,binance,1.0,backfilled from tiered_trades.csv; signal-TF rsi=32.2155466744303; atr_rank=0.9; dist_ema200=-0.5138891688698647
ttr-20200208030000-00452,backtest_tiered_raw_all_tf,binance,BTCUSDT,1h,2020-02-08T03:00:00Z,,long,T4c_H1_sweep_lo_long,,4,,0,,,,,,,,,,,,,,,,1.487520238215759,,,,,39.75136537823224,2.7269637370617312,-0.0614596000796188,,,,bull,bull,,,,,,,tp_hit,,,0.019,,,,binance,1.0,backfilled from tiered_trades.csv; signal-TF rsi=39.75136537823224; atr_rank=0.09; dist_ema200=2.7269637370617312
ttr-20200210000000-00453,backtest_tiered_raw_all_tf,binance,BTCUSDT,1w,2020-02-10T00:00:00Z,,short,T2b_W_sweep_hi_short,,2,,0,,,,,,,,,,,,,,,,1.2439304653782963,,,,,56.39706396772465,48.36496435330264,21.308333822982267,,,,bull,bull,,,,,,,tp_hit,,,0.1989999999999999,,,,binance,1.0,backfilled from tiered_trades.csv; signal-TF rsi=56.39706396772465; atr_rank=0.13; dist_ema200=48.36496435330264
ttr-20200210000000-00454,backtest_tiered_raw_all_tf,binance,BTCUSDT,1d,2020-02-10T00:00:00Z,,short,T2c_D_fail_brk_short,,2,,0,,,,,,,,,,,,,,,,1.2372076529500344,,,,,69.79348336463647,17.375229774104582,12.790763297996968,,,57.05602708457442,bull,bull,,0.5261467623352201,,,,,sl_hit,,,-0.041,,,,binance,1.0,backfilled from tiered_trades.csv; signal-TF rsi=69.79348336463647; atr_rank=0.1; dist_ema200=17.375229774104582
ttr-20200213110000-00455,backtest_tiered_raw_all_tf,binance,BTCUSDT,1h,2020-02-13T11:00:00Z,,long,T4c_H1_sweep_lo_long,,4,,0,,,,,,,,,,,,,,,,1.3141878201007895,,,,,29.16361862960264,2.2669051761278185,-0.8556499488741875,,,,bull,bull,,,,,,,tp_hit,,,0.0189999999999999,,,,binance,1.0,backfilled from tiered_trades.csv; signal-TF rsi=29.16361862960264; atr_rank=0.81; dist_ema200=2.2669051761278185
ttr-20200217120000-00456,backtest_tiered_raw_all_tf,binance,BTCUSDT,4h,2020-02-17T12:00:00Z,,long,T4a_H4_hammer_long,,4,,0,,,,,,,,,,,,,,,,2.094451792057125,,,,,25.631466891998315,3.132328117101429,-3.31223552907278,,,,bull,bull,,,,,,,tp_hit,,,0.029,,,,binance,1.0,backfilled from tiered_trades.csv; signal-TF rsi=25.631466891998315; atr_rank=1.0; dist_ema200=3.132328117101429
ttr-20200217140000-00457,backtest_tiered_raw_all_tf,binance,BTCUSDT,1h,2020-02-17T14:00:00Z,,long,T4c_H1_sweep_lo_long,,4,,0,,,,,,,,,,,,,,,,2.2342156509846207,,,,,27.366623700554072,-3.819378051547359,-2.7812394148955955,,,,bull,bull,,,,,,,tp_hit,,,0.019,,,,binance,1.0,backfilled from tiered_trades.csv; signal-TF rsi=27.366623700554072; atr_rank=0.79; dist_ema200=-3.819378051547359
ttr-20200221040000-00458,backtest_tiered_raw_all_tf,binance,BTCUSDT,1h,2020-02-21T04:00:00Z,,short,T4d_H1_fail_brk_short,,4,,0,,,,,,,,,,,,,,,,0.7717924154374508,,,,,59.33377582344647,-1.7179220656747844,-0.222546493445103,,,,bull,bull,,,,,,,sl_hit,,,-0.011,,,,binance,1.0,backfilled from tiered_trades.csv; signal-TF rsi=59.33377582344647; atr_rank=0.47; dist_ema200=-1.7179220656747844
ttr-20200224180000-00459,backtest_tiered_raw_all_tf,binance,BTCUSDT,1h,2020-02-24T18:00:00Z,,long,T4c_H1_sweep_lo_long,,4,,0,,,,,,,,,,,,,,,,2.164750582736488,,,,,30.115647864054797,-2.07964941294108,-1.7301631785662814,,,,bull,bull,,,,,,,sl_hit,,,-0.011,,,,binance,1.0,backfilled from tiered_trades.csv; signal-TF rsi=30.115647864054797; atr_rank=0.81; dist_ema200=-2.07964941294108
ttr-20200225210000-00460,backtest_tiered_raw_all_tf,binance,BTCUSDT,1h,2020-02-25T21:00:00Z,,long,T4c_H1_sweep_lo_long,,4,,0,,,,,,,,,,,,,,,,1.3240602735586084,,,,,39.4050291142122,-3.4570506686875544,-2.006386095938055,,,,bull,bull,,,,,,,sl_hit,,,-0.0109999999999999,,,,binance,1.0,backfilled from tiered_trades.csv; signal-TF rsi=39.4050291142122; atr_rank=1.0; dist_ema200=-3.4570506686875544
ttr-20200227000000-00461,backtest_tiered_raw_all_tf,binance,BTCUSDT,1d,2020-02-27T00:00:00Z,,long,T2a_D_hammer_long,,2,,0,,,,,,,,,,,,,,,,1.2610585344181375,,,,,29.26808415292811,2.5539335679688877,-4.102897414380633,,,63.24405294368309,bull,bull,,0.266836032161565,,,,,sl_hit,,,-0.051,,,,binance,1.0,backfilled from tiered_trades.csv; signal-TF rsi=29.26808415292811; atr_rank=0.84; dist_ema200=2.5539335679688877
ttr-20200227010000-00462,backtest_tiered_raw_all_tf,binance,BTCUSDT,1h,2020-02-27T01:00:00Z,,long,T4c_H1_sweep_lo_long,,4,,0,,,,,,,,,,,,,,,,1.4980320600066692,,,,,28.899374499963585,-8.999487408601613,-5.199464052056278,,,,bull,bull,,,,,,,tp_hit,,,0.0189999999999999,,,,binance,1.0,backfilled from tiered_trades.csv; signal-TF rsi=28.899374499963585; atr_rank=1.0; dist_ema200=-8.999487408601613
ttr-20200302110000-00463,backtest_tiered_raw_all_tf,binance,BTCUSDT,1h,2020-03-02T11:00:00Z,,short,T4d_H1_fail_brk_short,,4,,0,,,,,,,,,,,,,,,,1.4754179713551228,,,,,78.55964138814298,-2.330464297452459,1.5119132954123489,,,,bull,bull,,,,,,,sl_hit,,,-0.0109999999999999,,,,binance,1.0,backfilled from tiered_trades.csv; signal-TF rsi=78.55964138814298; atr_rank=0.06; dist_ema200=-2.330464297452459
ttr-20200305010000-00464,backtest_tiered_raw_all_tf,binance,BTCUSDT,1h,2020-03-05T01:00:00Z,,short,T4d_H1_fail_brk_short,,4,,0,,,,,,,,,,,,,,,,1.4199589739560616,,,,,72.19539903436522,-0.1322081816108351,1.2771651548610663,,,,bull,bull,,,,,,,sl_hit,,,-0.011,,,,binance,1.0,backfilled from tiered_trades.csv; signal-TF rsi=72.19539903436522; atr_rank=0.22; dist_ema200=-0.1322081816108351
ttr-20200305120000-00465,backtest_tiered_raw_all_tf,binance,BTCUSDT,4h,2020-03-05T12:00:00Z,,short,T4b_H4_sstar_short,,4,,0,,,,,,,,,,,,,,,,1.1186074954630718,,,,,68.68914962667088,-1.211468169416331,2.0756259094314604,,,,bull,bull,,,,,,,tp_hit,,,0.0289999999999999,,,,binance,1.0,backfilled from tiered_trades.csv; signal-TF rsi=68.68914962667088; atr_rank=0.21; dist_ema200=-1.211468169416331
ttr-20200305200000-00466,backtest_tiered_raw_all_tf,binance,BTCUSDT,4h,2020-03-05T20:00:00Z,,short,T3a_H4_sweep_hi_short_loose,,3,,0,,,,,,,,,,,,,,,,0.9146808942029886,,,,,68.05218119801327,-1.5263600587525783,1.5531637786501749,,,,bull,bull,,,,,,,tp_hit,,,0.0289999999999999,,,,binance,1.0,backfilled from tiered_trades.csv; signal-TF rsi=68.05218119801327; atr_rank=0.15; dist_ema200=-1.5263600587525783
ttr-20200308030000-00467,backtest_tiered_raw_all_tf,binance,BTCUSDT,1h,2020-03-08T03:00:00Z,,long,T4c_H1_sweep_lo_long,,4,,0,,,,,,,,,,,,,,,,0.7728070083291927,,,,,17.399720193947843,-2.3494194360031195,-2.5562893605240182,,,,bull,bull,,,,,,,sl_hit,,,-0.0109999999999999,,,,binance,1.0,backfilled from tiered_trades.csv; signal-TF rsi=17.399720193947843; atr_rank=0.97; dist_ema200=-2.3494194360031195
ttr-20200309000000-00468,backtest_tiered_raw_all_tf,binance,BTCUSDT,1d,2020-03-09T00:00:00Z,,long,T2a_D_hammer_long,,2,,0,,,,,,,,,,,,,,,,2.0474394550523902,,,,,24.21537523973396,-7.88343385432972,-11.898453404567016,,,55.21497293558768,bull,bull,,0.1905230519999672,,,,,sl_hit,,,-0.051,,,,binance,1.0,backfilled from tiered_trades.csv; signal-TF rsi=24.21537523973396; atr_rank=0.92; dist_ema200=-7.88343385432972
ttr-20200309030000-00469,backtest_tiered_raw_all_tf,binance,BTCUSDT,1h,2020-03-09T03:00:00Z,,long,T4c_H1_sweep_lo_long,,4,,0,,,,,,,,,,,,,,,,1.0688921779092635,,,,,14.624753285514828,-8.793912867640787,-6.170988171358257,,,,bull,bull,,,,,,,sl_hit,,,-0.0109999999999999,,,,binance,1.0,backfilled from tiered_trades.csv; signal-TF rsi=14.624753285514828; atr_rank=1.0; dist_ema200=-8.793912867640787
ttr-20200309150000-00470,backtest_tiered_raw_all_tf,binance,BTCUSDT,1h,2020-03-09T15:00:00Z,,long,T4c_H1_sweep_lo_long,,4,,0,,,,,,,,,,,,,,,,1.8803827701639977,,,,,33.699854139679104,-11.046305494591532,-6.5612491880153,,,,bull,bull,,,,,,,tp_hit,,,0.019,,,,binance,1.0,backfilled from tiered_trades.csv; signal-TF rsi=33.699854139679104; atr_rank=0.99; dist_ema200=-11.046305494591532
ttr-20200310110000-00471,backtest_tiered_raw_all_tf,binance,BTCUSDT,1h,2020-03-10T11:00:00Z,,short,T4d_H1_fail_brk_short,,4,,0,,,,,,,,,,,,,,,,1.81445421163834,,,,,73.51435655442705,-5.980366891960786,-0.2685432523910852,,,,bull,bull,,,,,,,sl_hit,,,-0.0109999999999999,,,,binance,1.0,backfilled from tiered_trades.csv; signal-TF rsi=73.51435655442705; atr_rank=0.59; dist_ema200=-5.980366891960786
ttr-20200311180000-00472,backtest_tiered_raw_all_tf,binance,BTCUSDT,1h,2020-03-11T18:00:00Z,,long,T4c_H1_sweep_lo_long,,4,,0,,,,,,,,,,,,,,,,2.9514245027085866,,,,,39.45571689585535,-7.125016820679771,-1.6406997435144195,,,,bull,bull,,,,,,,tp_hit,,,0.0189999999999999,,,,binance,1.0,backfilled from tiered_trades.csv; signal-TF rsi=39.45571689585535; atr_rank=0.55; dist_ema200=-7.125016820679771
ttr-20200311230000-00473,backtest_tiered_raw_all_tf,binance,BTCUSDT,1h,2020-03-11T23:00:00Z,,short,T4d_H1_fail_brk_short,,4,,0,,,,,,,,,,,,,,,,0.6470260214764155,,,,,59.26737731802707,-5.150382725295603,0.2519028710297251,,,,bull,bull,,,,,,,tp_hit,,,0.019,,,,binance,1.0,backfilled from tiered_trades.csv; signal-TF rsi=59.26737731802707; atr_rank=0.57; dist_ema200=-5.150382725295603
ttr-20200313020000-00474,backtest_tiered_raw_all_tf,binance,BTCUSDT,1h,2020-03-13T02:00:00Z,,long,T4c_H1_sweep_lo_long,,4,,0,,,,,,,,,,,,,,,,2.578159648850064,,,,,31.575082876898502,-38.44258345369852,-27.621148388637685,,,,bull,bull,,,,,,,tp_hit,,,0.019,,,,binance,1.0,backfilled from tiered_trades.csv; signal-TF rsi=31.575082876898502; atr_rank=0.99; dist_ema200=-38.44258345369852
ttr-20200315220000-00475,backtest_tiered_raw_all_tf,binance,BTCUSDT,1h,2020-03-15T22:00:00Z,,short,T4d_H1_fail_brk_short,,4,,0,,,,,,,,,,,,,,,,3.8713482703210738,,,,,53.79491141895249,-19.00317175100325,-1.18006653982867,,,,bull,bull,,,,,,,sl_hit,,,-0.0109999999999999,,,,binance,1.0,backfilled from tiered_trades.csv; signal-TF rsi=53.79491141895249; atr_rank=0.53; dist_ema200=-19.00317175100325
ttr-20200316000000-00476,backtest_tiered_raw_all_tf,binance,BTCUSDT,1w,2020-03-16T00:00:00Z,,long,T1a_W_fail_brkdn_long,,1,,0,,,,,,,,,,,,,,,,2.673120388272672,,,,,42.57937403282305,-13.511176538727309,-27.68486132500833,,,,bull,bull,,,,,,,tp_hit,,,0.2489999999999999,,,,binance,1.0,backfilled from tiered_trades.csv; signal-TF rsi=42.57937403282305; atr_rank=0.97; dist_ema200=-13.511176538727309
ttr-20200316110000-00477,backtest_tiered_raw_all_tf,binance,BTCUSDT,1h,2020-03-16T11:00:00Z,,long,T4c_H1_sweep_lo_long,,4,,0,,,,,,,,,,,,,,,,1.121858423338742,,,,,16.32831764883501,-29.01801156412135,-13.1203221103979,,,,bull,bull,,,,,,,tp_hit,,,0.019,,,,binance,1.0,backfilled from tiered_trades.csv; signal-TF rsi=16.32831764883501; atr_rank=0.52; dist_ema200=-29.01801156412135
ttr-20200319100000-00478,backtest_tiered_raw_all_tf,binance,BTCUSDT,1h,2020-03-19T10:00:00Z,,short,T4d_H1_fail_brk_short,,4,,0,,,,,,,,,,,,,,,,1.9198651879269288,,,,,70.98945323341661,-4.79445373508721,4.622089739913505,,,,bull,bull,,,,,,,sl_hit,,,-0.011,,,,binance,1.0,backfilled from tiered_trades.csv; signal-TF rsi=70.98945323341661; atr_rank=0.05; dist_ema200=-4.79445373508721
ttr-20200319200000-00479,backtest_tiered_raw_all_tf,binance,BTCUSDT,4h,2020-03-19T20:00:00Z,,short,T3a_H4_sweep_hi_short_loose,,3,,0,,,,,,,,,,,,,,,,0.8268896168876996,,,,,72.82117163412131,-18.979606132914423,4.993798264753912,,,,bull,bull,,,,,,,sl_hit,,,-0.0159999999999999,,,,binance,1.0,backfilled from tiered_trades.csv; signal-TF rsi=72.82117163412131; atr_rank=0.57; dist_ema200=-18.979606132914423
ttr-20200319200000-00480,backtest_tiered_raw_all_tf,binance,BTCUSDT,4h,2020-03-19T20:00:00Z,,short,T4b_H4_sstar_short,,4,,0,,,,,,,,,,,,,,,,0.8268896168876996,,,,,72.82117163412131,-18.979606132914423,4.993798264753912,,,,bull,bull,,,,,,,sl_hit,,,-0.0159999999999999,,,,binance,1.0,backfilled from tiered_trades.csv; signal-TF rsi=72.82117163412131; atr_rank=0.57; dist_ema200=-18.979606132914423
ttr-20200320210000-00481,backtest_tiered_raw_all_tf,binance,BTCUSDT,1h,2020-03-20T21:00:00Z,,long,T3b_H1_fail_brkdn_long,,3,,0,,,,,,,,,,,,,,,,1.1064086486588702,,,,,47.77625534877973,4.522104956481781,2.8263061346687746,,,,bull,bull,,,,,,,sl_hit,,,-0.013,,,,binance,1.0,backfilled from tiered_trades.csv; signal-TF rsi=47.77625534877973; atr_rank=0.91; dist_ema200=4.522104956481781
ttr-20200322180000-00482,backtest_tiered_raw_all_tf,binance,BTCUSDT,1h,2020-03-22T18:00:00Z,,long,T4c_H1_sweep_lo_long,,4,,0,,,,,,,,,,,,,,,,1.8166722983649504,,,,,27.438026278922397,-0.8800978814130653,-2.583872658309325,,,,bull,bull,,,,,,,sl_hit,,,-0.0109999999999999,,,,binance,1.0,backfilled from tiered_trades.csv; signal-TF rsi=27.438026278922397; atr_rank=0.35; dist_ema200=-0.8800978814130653
ttr-20200324000000-00483,backtest_tiered_raw_all_tf,binance,BTCUSDT,4h,2020-03-24T00:00:00Z,,short,T3a_H4_sweep_hi_short_loose,,3,,0,,,,,,,,,,,,,,,,1.1325992618011975,,,,,59.2218976783402,-10.581008588101682,7.448587543082718,,,,bull,bull,,,,,,,sl_hit,,,-0.0159999999999999,,,,binance,1.0,backfilled from tiered_trades.csv; signal-TF rsi=59.2218976783402; atr_rank=0.36; dist_ema200=-10.581008588101682
ttr-20200328000000-00484,backtest_tiered_raw_all_tf,binance,BTCUSDT,1h,2020-03-28T00:00:00Z,,long,T4c_H1_sweep_lo_long,,4,,0,,,,,,,,,,,,,,,,3.02661726864851,,,,,18.77109189149317,-1.8066775132810884,-4.835855843228639,,,,bull,bull,,,,,,,sl_hit,,,-0.011,,,,binance,1.0,backfilled from tiered_trades.csv; signal-TF rsi=18.77109189149317; atr_rank=0.47; dist_ema200=-1.8066775132810884
ttr-20200329200000-00485,backtest_tiered_raw_all_tf,binance,BTCUSDT,1h,2020-03-29T20:00:00Z,,long,T4c_H1_sweep_lo_long,,4,,0,,,,,,,,,,,,,,,,1.840347980536905,,,,,30.87672817508448,-6.0369646847525615,-4.4445355619984594,,,,bull,bull,,,,,,,sl_hit,,,-0.011,,,,binance,1.0,backfilled from tiered_trades.csv; signal-TF rsi=30.87672817508448; atr_rank=0.63; dist_ema200=-6.0369646847525615
ttr-20200402000000-00486,backtest_tiered_raw_all_tf,binance,BTCUSDT,4h,2020-04-02T00:00:00Z,,short,T3a_H4_sweep_hi_short_loose,,3,,0,,,,,,,,,,,,,,,,1.1803796167395209,,,,,62.5402182001111,-4.63142594518557,4.150688497481314,,,,bull,bull,,,,,,,sl_hit,,,-0.0159999999999999,,,,binance,1.0,backfilled from tiered_trades.csv; signal-TF rsi=62.5402182001111; atr_rank=0.11; dist_ema200=-4.63142594518557
ttr-20200402000000-00487,backtest_tiered_raw_all_tf,binance,BTCUSDT,4h,2020-04-02T00:00:00Z,,short,T4b_H4_sstar_short,,4,,0,,,,,,,,,,,,,,,,1.1803796167395209,,,,,62.5402182001111,-4.63142594518557,4.150688497481314,,,,bull,bull,,,,,,,sl_hit,,,-0.0159999999999999,,,,binance,1.0,backfilled from tiered_trades.csv; signal-TF rsi=62.5402182001111; atr_rank=0.11; dist_ema200=-4.63142594518557
ttr-20200409120000-00488,backtest_tiered_raw_all_tf,binance,BTCUSDT,1h,2020-04-09T12:00:00Z,,long,T3b_H1_fail_brkdn_long,,3,,0,,,,,,,,,,,,,,,,3.2956121668287426,,,,,43.58171571696929,4.624747867128541,0.4115691447166228,,,,bull,bull,,,,,,,sl_hit,,,-0.013,,,,binance,1.0,backfilled from tiered_trades.csv; signal-TF rsi=43.58171571696929; atr_rank=0.29; dist_ema200=4.624747867128541
ttr-20200410040000-00489,backtest_tiered_raw_all_tf,binance,BTCUSDT,1h,2020-04-10T04:00:00Z,,long,T4c_H1_sweep_lo_long,,4,,0,,,,,,,,,,,,,,,,2.6979885751176926,,,,,23.078282382046268,1.6646541439935525,-1.78190718890847,,,,bull,bull,,,,,,,sl_hit,,,-0.011,,,,binance,1.0,backfilled from tiered_trades.csv; signal-TF rsi=23.078282382046268; atr_rank=0.08; dist_ema200=1.6646541439935525
ttr-20200411200000-00490,backtest_tiered_raw_all_tf,binance,BTCUSDT,1h,2020-04-11T20:00:00Z,,long,T4c_H1_sweep_lo_long,,4,,0,,,,,,,,,,,,,,,,1.292241216741806,,,,,27.82114739394747,-2.671820077640453,-2.258781376951003,,,,bull,bull,,,,,,,tp_hit,,,0.019,,,,binance,1.0,backfilled from tiered_trades.csv; signal-TF rsi=27.82114739394747; atr_rank=0.13; dist_ema200=-2.671820077640453
ttr-20200412130000-00491,backtest_tiered_raw_all_tf,binance,BTCUSDT,1h,2020-04-12T13:00:00Z,,short,T4d_H1_fail_brk_short,,4,,0,,,,,,,,,,,,,,,,1.125606719564148,,,,,59.56675343994043,-0.5189021766248904,0.2962400307202651,,,,bull,bull,,,,,,,sl_hit,,,-0.011,,,,binance,1.0,backfilled from tiered_trades.csv; signal-TF rsi=59.56675343994043; atr_rank=0.03; dist_ema200=-0.5189021766248904
ttr-20200415110000-00492,backtest_tiered_raw_all_tf,binance,BTCUSDT,1h,2020-04-15T11:00:00Z,,long,T4c_H1_sweep_lo_long,,4,,0,,,,,,,,,,,,,,,,1.9193590906726825,,,,,38.2577966857653,-1.7045335260970846,-1.0470340612251876,,,,bull,bull,,,,,,,sl_hit,,,-0.0109999999999999,,,,binance,1.0,backfilled from tiered_trades.csv; signal-TF rsi=38.2577966857653; atr_rank=0.34; dist_ema200=-1.7045335260970846
ttr-20200419140000-00493,backtest_tiered_raw_all_tf,binance,BTCUSDT,1h,2020-04-19T14:00:00Z,,long,T4c_H1_sweep_lo_long,,4,,0,,,,,,,,,,,,,,,,2.3561837473736653,,,,,27.854584665152046,1.499342435328314,-0.3298879174282866,,,,bull,bull,,,,,,,sl_hit,,,-0.011,,,,binance,1.0,backfilled from tiered_trades.csv; signal-TF rsi=27.854584665152046; atr_rank=0.16; dist_ema200=1.499342435328314
ttr-20200420120000-00494,backtest_tiered_raw_all_tf,binance,BTCUSDT,1h,2020-04-20T12:00:00Z,,long,T4c_H1_sweep_lo_long,,4,,0,,,,,,,,,,,,,,,,3.395969934733972,,,,,34.358339048293104,0.0826310282155788,-1.3554284498344706,,,,bull,bull,,,,,,,sl_hit,,,-0.011,,,,binance,1.0,backfilled from tiered_trades.csv; signal-TF rsi=34.358339048293104; atr_rank=0.74; dist_ema200=0.0826310282155788
ttr-20200422080000-00495,backtest_tiered_raw_all_tf,binance,BTCUSDT,1h,2020-04-22T08:00:00Z,,short,T4d_H1_fail_brk_short,,4,,0,,,,,,,,,,,,,,,,0.9341993150076288,,,,,64.67603759461036,-0.3776539176951027,0.4127641723486161,,,,bull,bull,,,,,,,sl_hit,,,-0.011,,,,binance,1.0,backfilled from tiered_trades.csv; signal-TF rsi=64.67603759461036; atr_rank=0.09; dist_ema200=-0.3776539176951027
ttr-20200503150000-00496,backtest_tiered_raw_all_tf,binance,BTCUSDT,1h,2020-05-03T15:00:00Z,,long,T4c_H1_sweep_lo_long,,4,,0,,,,,,,,,,,,,,,,1.393345926727321,,,,,29.822853026705506,5.297347762688444,-1.0213639673633703,,,,bull,bull,,,,,,,sl_hit,,,-0.011,,,,binance,1.0,backfilled from tiered_trades.csv; signal-TF rsi=29.822853026705506; atr_rank=0.58; dist_ema200=5.297347762688444
ttr-20200509110000-00497,backtest_tiered_raw_all_tf,binance,BTCUSDT,1h,2020-05-09T11:00:00Z,,long,T4c_H1_sweep_lo_long,,4,,0,,,,,,,,,,,,,,,,1.3226760840026557,,,,,25.95888474535209,5.1282796697525335,-0.8032132323061433,,,,bull,bull,,,,,,,sl_hit,,,-0.011,,,,binance,1.0,backfilled from tiered_trades.csv; signal-TF rsi=25.95888474535209; atr_rank=0.81; dist_ema200=5.1282796697525335
ttr-20200511120000-00498,backtest_tiered_raw_all_tf,binance,BTCUSDT,1h,2020-05-11T12:00:00Z,,short,T4d_H1_fail_brk_short,,4,,0,,,,,,,,,,,,,,,,4.160195347004342,,,,,53.64123918317271,-2.2308790407962933,-0.7171629059626897,,,,bull,bull,,,,,,,sl_hit,,,-0.011,,,,binance,1.0,backfilled from tiered_trades.csv; signal-TF rsi=53.64123918317271; atr_rank=0.73; dist_ema200=-2.2308790407962933
ttr-20200512150000-00499,backtest_tiered_raw_all_tf,binance,BTCUSDT,1h,2020-05-12T15:00:00Z,,short,T4d_H1_fail_brk_short,,4,,0,,,,,,,,,,,,,,,,1.5157699739532238,,,,,69.9925899674601,-1.2156952290064011,0.8778379082556083,,,,bull,bull,,,,,,,sl_hit,,,-0.011,,,,binance,1.0,backfilled from tiered_trades.csv; signal-TF rsi=69.9925899674601; atr_rank=0.38; dist_ema200=-1.2156952290064011
ttr-20200521100000-00500,backtest_tiered_raw_all_tf,binance,BTCUSDT,1h,2020-05-21T10:00:00Z,,long,T4c_H1_sweep_lo_long,,4,,0,,,,,,,,,,,,,,,,1.2931314009105672,,,,,29.35917981194369,-1.348435740728207,-2.147609148971907,,,,bull,bull,,,,,,,sl_hit,,,-0.0109999999999999,,,,binance,1.0,backfilled from tiered_trades.csv; signal-TF rsi=29.35917981194369; atr_rank=0.5; dist_ema200=-1.348435740728207
ttr-20200521160000-00501,backtest_tiered_raw_all_tf,binance,BTCUSDT,4h,2020-05-21T16:00:00Z,,long,T4a_H4_hammer_long,,4,,0,,,,,,,,,,,,,,,,1.8497921958652652,,,,,22.855787101111247,3.5956001265341984,-4.166745577264344,,,,bull,bull,,,,,,,sl_hit,,,-0.016,,,,binance,1.0,backfilled from tiered_trades.csv; signal-TF rsi=22.855787101111247; atr_rank=0.49; dist_ema200=3.5956001265341984
ttr-20200522170000-00502,backtest_tiered_raw_all_tf,binance,BTCUSDT,1h,2020-05-22T17:00:00Z,,short,T4d_H1_fail_brk_short,,4,,0,,,,,,,,,,,,,,,,1.1974660656412293,,,,,73.47239730751848,-2.1965634840293857,-0.6425174709758679,,,,bull,bull,,,,,,,sl_hit,,,-0.0109999999999999,,,,binance,1.0,backfilled from tiered_trades.csv; signal-TF rsi=73.47239730751848; atr_rank=0.22; dist_ema200=-2.1965634840293857
ttr-20200524070000-00503,backtest_tiered_raw_all_tf,binance,BTCUSDT,1h,2020-05-24T07:00:00Z,,short,T4d_H1_fail_brk_short,,4,,0,,,,,,,,,,,,,,,,1.036248336146211,,,,,62.064446007288986,-0.8772444433396815,0.4458288014058648,,,,bull,bull,,,,,,,tp_hit,,,0.019,,,,binance,1.0,backfilled from tiered_trades.csv; signal-TF rsi=62.064446007288986; atr_rank=0.04; dist_ema200=-0.8772444433396815
ttr-20200524140000-00504,backtest_tiered_raw_all_tf,binance,BTCUSDT,1h,2020-05-24T14:00:00Z,,long,T4c_H1_sweep_lo_long,,4,,0,,,,,,,,,,,,,,,,2.3090685415410137,,,,,36.30331548019148,-2.748645419771949,-1.4501136555620904,,,,bull,bull,,,,,,,sl_hit,,,-0.011,,,,binance,1.0,backfilled from tiered_trades.csv; signal-TF rsi=36.30331548019148; atr_rank=0.37; dist_ema200=-2.748645419771949
ttr-20200527090000-00505,backtest_tiered_raw_all_tf,binance,BTCUSDT,1h,2020-05-27T09:00:00Z,,short,T4d_H1_fail_brk_short,,4,,0,,,,,,,,,,,,,,,,1.1767593183973466,,,,,66.47643937171648,-1.9170344490605624,0.4853869646191199,,,,bull,bull,,,,,,,sl_hit,,,-0.0109999999999999,,,,binance,1.0,backfilled from tiered_trades.csv; signal-TF rsi=66.47643937171648; atr_rank=0.06; dist_ema200=-1.9170344490605624
ttr-20200529110000-00506,backtest_tiered_raw_all_tf,binance,BTCUSDT,1h,2020-05-29T11:00:00Z,,long,T3b_H1_fail_brkdn_long,,3,,0,,,,,,,,,,,,,,,,1.3720108726289912,,,,,46.59387560601675,2.3124703365562835,0.9114113168016678,,,,bull,bull,,,,,,,tp_hit,,,0.0239999999999998,,,,binance,1.0,backfilled from tiered_trades.csv; signal-TF rsi=46.59387560601675; atr_rank=0.72; dist_ema200=2.3124703365562835
ttr-20200529150000-00507,backtest_tiered_raw_all_tf,binance,BTCUSDT,1h,2020-05-29T15:00:00Z,,long,T4c_H1_sweep_lo_long,,4,,0,,,,,,,,,,,,,,,,0.9509325960493612,,,,,35.8253308752717,2.2996182990477334,0.8311602130050179,,,,bull,bull,,,,,,,tp_hit,,,0.019,,,,binance,1.0,backfilled from tiered_trades.csv; signal-TF rsi=35.8253308752717; atr_rank=0.42; dist_ema200=2.2996182990477334
ttr-20200531230000-00508,backtest_tiered_raw_all_tf,binance,BTCUSDT,1h,2020-05-31T23:00:00Z,,long,T4c_H1_sweep_lo_long,,4,,0,,,,,,,,,,,,,,,,1.7087436184526696,,,,,33.195489840240626,1.181845191328314,-0.6121450736573258,,,,bull,bull,,,,,,,tp_hit,,,0.0190000000000001,,,,binance,1.0,backfilled from tiered_trades.csv; signal-TF rsi=33.195489840240626; atr_rank=0.43; dist_ema200=1.181845191328314
ttr-20200602000000-00509,backtest_tiered_raw_all_tf,binance,BTCUSDT,1d,2020-06-02T00:00:00Z,,short,T2c_D_fail_brk_short,,2,,0,,,,,,,,,,,,,,,,1.4509240959422869,,,,,47.04322004120132,14.824744232726934,8.073216928401408,,,56.18789116408395,bull,bull,,0.417422890901181,,,,,sl_hit,,,-0.0410000000000001,,,,binance,1.0,backfilled from tiered_trades.csv; signal-TF rsi=47.04322004120132; atr_rank=0.37; dist_ema200=14.824744232726934
ttr-20200602150000-00510,backtest_tiered_raw_all_tf,binance,BTCUSDT,1h,2020-06-02T15:00:00Z,,long,T4c_H1_sweep_lo_long,,4,,0,,,,,,,,,,,,,,,,3.05617456061334,,,,,13.431638078042084,-0.2061865249789895,-3.2258872765088937,,,,bull,bull,,,,,,,sl_hit,,,-0.011,,,,binance,1.0,backfilled from tiered_trades.csv; signal-TF rsi=13.431638078042084; atr_rank=1.0; dist_ema200=-0.2061865249789895
ttr-20200605110000-00511,backtest_tiered_raw_all_tf,binance,BTCUSDT,1h,2020-06-05T11:00:00Z,,long,T4c_H1_sweep_lo_long,,4,,0,,,,,,,,,,,,,,,,1.717785944154458,,,,,38.72302450105475,1.2719492947183728,-0.2487753763534753,,,,bull,bull,,,,,,,sl_hit,,,-0.0109999999999999,,,,binance,1.0,backfilled from tiered_trades.csv; signal-TF rsi=38.72302450105475; atr_rank=0.65; dist_ema200=1.2719492947183728
ttr-20200606000000-00512,backtest_tiered_raw_all_tf,binance,BTCUSDT,1h,2020-06-06T00:00:00Z,,long,T4c_H1_sweep_lo_long,,4,,0,,,,,,,,,,,,,,,,1.706289824001303,,,,,33.47344034420014,0.1207133309251327,-1.1006327563079812,,,,bull,bull,,,,,,,sl_hit,,,-0.011,,,,binance,1.0,backfilled from tiered_trades.csv; signal-TF rsi=33.47344034420014; atr_rank=0.33; dist_ema200=0.1207133309251327
ttr-20200607140000-00513,backtest_tiered_raw_all_tf,binance,BTCUSDT,1h,2020-06-07T14:00:00Z,,long,T4c_H1_sweep_lo_long,,4,,0,,,,,,,,,,,,,,,,3.2700829599435304,,,,,10.898422126015532,-1.5380271300594652,-1.943191036447796,,,,bull,bull,,,,,,,tp_hit,,,0.0189999999999999,,,,binance,1.0,backfilled from tiered_trades.csv; signal-TF rsi=10.898422126015532; atr_rank=0.69; dist_ema200=-1.5380271300594652
ttr-20200611170000-00514,backtest_tiered_raw_all_tf,binance,BTCUSDT,1h,2020-06-11T17:00:00Z,,long,T4c_H1_sweep_lo_long,,4,,0,,,,,,,,,,,,,,,,3.1879636850384183,,,,,25.943091592903613,-3.122719391818405,-3.547188317483486,,,,bull,bull,,,,,,,sl_hit,,,-0.0109999999999999,,,,binance,1.0,backfilled from tiered_trades.csv; signal-TF rsi=25.943091592903613; atr_rank=1.0; dist_ema200=-3.122719391818405
ttr-20200612140000-00515,backtest_tiered_raw_all_tf,binance,BTCUSDT,1h,2020-06-12T14:00:00Z,,short,T4d_H1_fail_brk_short,,4,,0,,,,,,,,,,,,,,,,1.4127137087705588,,,,,59.97141106800071,-2.2272842526839285,-1.343114760067969,,,,bull,bull,,,,,,,time,,,0.0062033911806784,,,,binance,1.0,backfilled from tiered_trades.csv; signal-TF rsi=59.97141106800071; atr_rank=0.68; dist_ema200=-2.2272842526839285
ttr-20200615060000-00516,backtest_tiered_raw_all_tf,binance,BTCUSDT,1h,2020-06-15T06:00:00Z,,long,T4c_H1_sweep_lo_long,,4,,0,,,,,,,,,,,,,,,,3.079122308010763,,,,,19.190968955785493,-4.840647877308888,-3.315208089740634,,,,bull,bull,,,,,,,tp_hit,,,0.0190000000000001,,,,binance,1.0,backfilled from tiered_trades.csv; signal-TF rsi=19.190968955785493; atr_rank=0.86; dist_ema200=-4.840647877308888
ttr-20200615190000-00517,backtest_tiered_raw_all_tf,binance,BTCUSDT,1h,2020-06-15T19:00:00Z,,short,T4d_H1_fail_brk_short,,4,,0,,,,,,,,,,,,,,,,0.695582348748618,,,,,82.27532218917709,-0.6374180752434069,1.1183566327775236,,,,bull,bull,,,,,,,sl_hit,,,-0.011,,,,binance,1.0,backfilled from tiered_trades.csv; signal-TF rsi=82.27532218917709; atr_rank=0.73; dist_ema200=-0.6374180752434069
ttr-20200617200000-00518,backtest_tiered_raw_all_tf,binance,BTCUSDT,1h,2020-06-17T20:00:00Z,,long,T4c_H1_sweep_lo_long,,4,,0,,,,,,,,,,,,,,,,2.166588960838518,,,,,37.88895099683251,-0.9972404622486096,-0.5832013323684021,,,,bull,bull,,,,,,,sl_hit,,,-0.011,,,,binance,1.0,backfilled from tiered_trades.csv; signal-TF rsi=37.88895099683251; atr_rank=0.6; dist_ema200=-0.9972404622486096
ttr-20200618210000-00519,backtest_tiered_raw_all_tf,binance,BTCUSDT,1h,2020-06-18T21:00:00Z,,long,T4c_H1_sweep_lo_long,,4,,0,,,,,,,,,,,,,,,,1.652182870060919,,,,,38.71125931737942,-0.9490035070955724,-0.5188719434694754,,,,bull,bull,,,,,,,sl_hit,,,-0.0109999999999999,,,,binance,1.0,backfilled from tiered_trades.csv; signal-TF rsi=38.71125931737942; atr_rank=0.34; dist_ema200=-0.9490035070955724
ttr-20200621190000-00520,backtest_tiered_raw_all_tf,binance,BTCUSDT,1h,2020-06-21T19:00:00Z,,long,T3b_H1_fail_brkdn_long,,3,,0,,,,,,,,,,,,,,,,1.0069515563982692,,,,,38.73174903781529,-0.4970078459268748,0.0528647524184808,,,,bull,bull,,,,,,,tp_hit,,,0.0239999999999998,,,,binance,1.0,backfilled from tiered_trades.csv; signal-TF rsi=38.73174903781529; atr_rank=0.12; dist_ema200=-0.4970078459268748
ttr-20200621190000-00521,backtest_tiered_raw_all_tf,binance,BTCUSDT,1h,2020-06-21T19:00:00Z,,long,T4c_H1_sweep_lo_long,,4,,0,,,,,,,,,,,,,,,,1.0069515563982692,,,,,38.73174903781529,-0.4970078459268748,0.0528647524184808,,,,bull,bull,,,,,,,tp_hit,,,0.019,,,,binance,1.0,backfilled from tiered_trades.csv; signal-TF rsi=38.73174903781529; atr_rank=0.12; dist_ema200=-0.4970078459268748
ttr-20200624120000-00522,backtest_tiered_raw_all_tf,binance,BTCUSDT,1h,2020-06-24T12:00:00Z,,long,T4c_H1_sweep_lo_long,,4,,0,,,,,,,,,,,,,,,,1.7610764011707063,,,,,27.682262884276795,-0.8650707048821356,-1.7023615490460116,,,,bull,bull,,,,,,,sl_hit,,,-0.011,,,,binance,1.0,backfilled from tiered_trades.csv; signal-TF rsi=27.682262884276795; atr_rank=1.0; dist_ema200=-0.8650707048821356
ttr-20200629180000-00523,backtest_tiered_raw_all_tf,binance,BTCUSDT,1h,2020-06-29T18:00:00Z,,short,T4d_H1_fail_brk_short,,4,,0,,,,,,,,,,,,,,,,0.9228145307957312,,,,,54.530843164357584,-1.0458218272074584,0.3116512416752272,,,,bull,bull,,,,,,,sl_hit,,,-0.0109999999999999,,,,binance,1.0,backfilled from tiered_trades.csv; signal-TF rsi=54.530843164357584; atr_rank=0.37; dist_ema200=-1.0458218272074584
ttr-20200630130000-00524,backtest_tiered_raw_all_tf,binance,BTCUSDT,1h,2020-06-30T13:00:00Z,,long,T4c_H1_sweep_lo_long,,4,,0,,,,,,,,,,,,,,,,2.6635602923592647,,,,,35.469075089842946,-1.0203341622977715,-0.063824374949128,,,,bull,bull,,,,,,,time,,,0.0116841234900504,,,,binance,1.0,backfilled from tiered_trades.csv; signal-TF rsi=35.469075089842946; atr_rank=0.04; dist_ema200=-1.0203341622977715
ttr-20200701160000-00525,backtest_tiered_raw_all_tf,binance,BTCUSDT,4h,2020-07-01T16:00:00Z,,short,T3a_H4_sweep_hi_short_loose,,3,,0,,,,,,,,,,,,,,,,1.3221541753793642,,,,,69.70190899798334,-0.6189182574899382,0.3795897668696938,,,,bull,bull,,,,,,,tp_hit,,,0.029,,,,binance,1.0,backfilled from tiered_trades.csv; signal-TF rsi=69.70190899798334; atr_rank=0.03; dist_ema200=-0.6189182574899382
ttr-20200702160000-00526,backtest_tiered_raw_all_tf,binance,BTCUSDT,1h,2020-07-02T16:00:00Z,,long,T4c_H1_sweep_lo_long,,4,,0,,,,,,,,,,,,,,,,3.1470166161349065,,,,,18.105629868209174,-1.8085205296923028,-1.5462336162330403,,,,bull,bull,,,,,,,time,,,0.0022839814681719,,,,binance,1.0,backfilled from tiered_trades.csv; signal-TF rsi=18.105629868209174; atr_rank=0.98; dist_ema200=-1.8085205296923028
ttr-20200704180000-00527,backtest_tiered_raw_all_tf,binance,BTCUSDT,1h,2020-07-04T18:00:00Z,,short,T4d_H1_fail_brk_short,,4,,0,,,,,,,,,,,,,,,,1.9703229243260652,,,,,62.70437887615118,-0.2444687871043483,0.4328264369773975,,,,bull,bull,,,,,,,tp_hit,,,0.019,,,,binance,1.0,backfilled from tiered_trades.csv; signal-TF rsi=62.70437887615118; atr_rank=0.28; dist_ema200=-0.2444687871043483
ttr-20200705070000-00528,backtest_tiered_raw_all_tf,binance,BTCUSDT,1h,2020-07-05T07:00:00Z,,long,T4c_H1_sweep_lo_long,,4,,0,,,,,,,,,,,,,,,,1.1755748753685806,,,,,19.299145299144925,-1.0284811169586348,-0.4655970646353885,,,,bull,bull,,,,,,,sl_hit,,,-0.0109999999999999,,,,binance,1.0,backfilled from tiered_trades.csv; signal-TF rsi=19.299145299144925; atr_rank=0.33; dist_ema200=-1.0284811169586348
ttr-20200709100000-00529,backtest_tiered_raw_all_tf,binance,BTCUSDT,1h,2020-07-09T10:00:00Z,,long,T4c_H1_sweep_lo_long,,4,,0,,,,,,,,,,,,,,,,1.3752941083039285,,,,,30.575640378902847,1.3930844555503947,0.2408958393325329,,,,bull,bull,,,,,,,sl_hit,,,-0.0109999999999999,,,,binance,1.0,backfilled from tiered_trades.csv; signal-TF rsi=30.575640378902847; atr_rank=0.05; dist_ema200=1.3930844555503947
ttr-20200712190000-00530,backtest_tiered_raw_all_tf,binance,BTCUSDT,1h,2020-07-12T19:00:00Z,,long,T4c_H1_sweep_lo_long,,4,,0,,,,,,,,,,,,,,,,1.457698799760868,,,,,30.966275104206417,-0.1576700314701088,-0.209542889801038,,,,bull,bull,,,,,,,sl_hit,,,-0.0110000000000001,,,,binance,1.0,backfilled from tiered_trades.csv; signal-TF rsi=30.966275104206417; atr_rank=0.55; dist_ema200=-0.1576700314701088
ttr-20200716100000-00531,backtest_tiered_raw_all_tf,binance,BTCUSDT,1h,2020-07-16T10:00:00Z,,long,T4c_H1_sweep_lo_long,,4,,0,,,,,,,,,,,,,,,,1.7019308406426992,,,,,26.85931205454021,-1.40740834080141,-1.1413505467077936,,,,bull,bull,,,,,,,time,,,0.0063593406593405,,,,binance,1.0,backfilled from tiered_trades.csv; signal-TF rsi=26.85931205454021; atr_rank=0.86; dist_ema200=-1.40740834080141
ttr-20200717130000-00532,backtest_tiered_raw_all_tf,binance,BTCUSDT,1h,2020-07-17T13:00:00Z,,short,T4d_H1_fail_brk_short,,4,,0,,,,,,,,,,,,,,,,1.0415487934897631,,,,,59.95853588790405,-0.4606305098616227,0.1179358970201842,,,,bull,bull,,,,,,,time,,,0.0027635676176005,,,,binance,1.0,backfilled from tiered_trades.csv; signal-TF rsi=59.95853588790405; atr_rank=0.23; dist_ema200=-0.4606305098616227
ttr-20200719080000-00533,backtest_tiered_raw_all_tf,binance,BTCUSDT,1h,2020-07-19T08:00:00Z,,long,T4c_H1_sweep_lo_long,,4,,0,,,,,,,,,,,,,,,,1.0528761937962785,,,,,36.2627383715062,-0.3478386545022274,-0.0165964565360833,,,,bull,bull,,,,,,,tp_hit,,,0.019,,,,binance,1.0,backfilled from tiered_trades.csv; signal-TF rsi=36.2627383715062; atr_rank=0.02; dist_ema200=-0.3478386545022274
ttr-20200722080000-00534,backtest_tiered_raw_all_tf,binance,BTCUSDT,1h,2020-07-22T08:00:00Z,,long,T3b_H1_fail_brkdn_long,,3,,0,,,,,,,,,,,,,,,,1.1697294284507018,,,,,28.924482606780984,0.9784854319084226,0.2444541320553949,,,,bull,bull,,,,,,,tp_hit,,,0.0239999999999999,,,,binance,1.0,backfilled from tiered_trades.csv; signal-TF rsi=28.924482606780984; atr_rank=0.79; dist_ema200=0.9784854319084226
ttr-20200728000000-00535,backtest_tiered_raw_all_tf,binance,BTCUSDT,1d,2020-07-28T00:00:00Z,,short,T2c_D_fail_brk_short,,2,,0,,,,,,,,,,,,,,,,1.9824929067870505,,,,,84.82751053000312,24.15346579691291,15.719765952084895,,,73.51523226012131,bull,bull,,0.5632496802729364,,,,,sl_hit,,,-0.0409999999999999,,,,binance,1.0,backfilled from tiered_trades.csv; signal-TF rsi=84.82751053000312; atr_rank=0.28; dist_ema200=24.15346579691291
ttr-20200730060000-00536,backtest_tiered_raw_all_tf,binance,BTCUSDT,1h,2020-07-30T06:00:00Z,,long,T4c_H1_sweep_lo_long,,4,,0,,,,,,,,,,,,,,,,1.0665926346027936,,,,,29.538830530086955,7.095021103157798,0.2946829332617326,,,,bull,bull,,,,,,,sl_hit,,,-0.011,,,,binance,1.0,backfilled from tiered_trades.csv; signal-TF rsi=29.538830530086955; atr_rank=0.41; dist_ema200=7.095021103157798
ttr-20200807140000-00537,backtest_tiered_raw_all_tf,binance,BTCUSDT,1h,2020-08-07T14:00:00Z,,long,T4c_H1_sweep_lo_long,,4,,0,,,,,,,,,,,,,,,,2.844217364750874,,,,,32.3193488915868,2.652208063476061,-0.5661673643431118,,,,bull,bull,,,,,,,sl_hit,,,-0.0109999999999999,,,,binance,1.0,backfilled from tiered_trades.csv; signal-TF rsi=32.3193488915868; atr_rank=0.5; dist_ema200=2.652208063476061
ttr-20200811100000-00538,backtest_tiered_raw_all_tf,binance,BTCUSDT,1h,2020-08-11T10:00:00Z,,long,T4c_H1_sweep_lo_long,,4,,0,,,,,,,,,,,,,,,,1.5578884696332669,,,,,38.10900736750377,1.2464800015797417,-0.5656683697390902,,,,bull,bull,,,,,,,sl_hit,,,-0.011,,,,binance,1.0,backfilled from tiered_trades.csv; signal-TF rsi=38.10900736750377; atr_rank=0.49; dist_ema200=1.2464800015797417
ttr-20200813090000-00539,backtest_tiered_raw_all_tf,binance,BTCUSDT,1h,2020-08-13T09:00:00Z,,long,T4c_H1_sweep_lo_long,,4,,0,,,,,,,,,,,,,,,,1.9318644502528992,,,,,32.40538996890403,-1.2510733390052364,-1.2164621117729684,,,,bull,bull,,,,,,,tp_hit,,,0.019,,,,binance,1.0,backfilled from tiered_trades.csv; signal-TF rsi=32.40538996890403; atr_rank=0.51; dist_ema200=-1.2510733390052364
ttr-20200819060000-00540,backtest_tiered_raw_all_tf,binance,BTCUSDT,1h,2020-08-19T06:00:00Z,,long,T4c_H1_sweep_lo_long,,4,,0,,,,,,,,,,,,,,,,1.1242688099939155,,,,,26.80009627668429,-0.9905251312778208,-2.335867206262624,,,,bull,bull,,,,,,,sl_hit,,,-0.011,,,,binance,1.0,backfilled from tiered_trades.csv; signal-TF rsi=26.80009627668429; atr_rank=0.69; dist_ema200=-0.9905251312778208
ttr-20200822010000-00541,backtest_tiered_raw_all_tf,binance,BTCUSDT,1h,2020-08-22T01:00:00Z,,long,T4c_H1_sweep_lo_long,,4,,0,,,,,,,,,,,,,,,,1.019589155530408,,,,,28.113879003558765,-2.928354375296384,-2.375222504325094,,,,bull,bull,,,,,,,tp_hit,,,0.019,,,,binance,1.0,backfilled from tiered_trades.csv; signal-TF rsi=28.113879003558765; atr_rank=0.75; dist_ema200=-2.928354375296384
ttr-20200822220000-00542,backtest_tiered_raw_all_tf,binance,BTCUSDT,1h,2020-08-22T22:00:00Z,,short,T4d_H1_fail_brk_short,,4,,0,,,,,,,,,,,,,,,,0.9468366062163208,,,,,68.27591816813722,-0.7838420653126701,0.1483697253749484,,,,bull,bull,,,,,,,sl_hit,,,-0.011,,,,binance,1.0,backfilled from tiered_trades.csv; signal-TF rsi=68.27591816813722; atr_rank=0.02; dist_ema200=-0.7838420653126701
ttr-20200825080000-00543,backtest_tiered_raw_all_tf,binance,BTCUSDT,1h,2020-08-25T08:00:00Z,,long,T4c_H1_sweep_lo_long,,4,,0,,,,,,,,,,,,,,,,1.4337388493565455,,,,,24.08190668009395,-1.2095693452960985,-0.903968355669028,,,,bull,bull,,,,,,,sl_hit,,,-0.011,,,,binance,1.0,backfilled from tiered_trades.csv; signal-TF rsi=24.08190668009395; atr_rank=0.63; dist_ema200=-1.2095693452960985
ttr-20200827120000-00544,backtest_tiered_raw_all_tf,binance,BTCUSDT,1h,2020-08-27T12:00:00Z,,long,T4c_H1_sweep_lo_long,,4,,0,,,,,,,,,,,,,,,,1.9396245880026384,,,,,38.77085245053045,-2.038783347566122,-0.6708895982406543,,,,bull,bull,,,,,,,tp_hit,,,0.019,,,,binance,1.0,backfilled from tiered_trades.csv; signal-TF rsi=38.77085245053045; atr_rank=0.62; dist_ema200=-2.038783347566122
ttr-20200828120000-00545,backtest_tiered_raw_all_tf,binance,BTCUSDT,1h,2020-08-28T12:00:00Z,,short,T4d_H1_fail_brk_short,,4,,0,,,,,,,,,,,,,,,,1.1997485311309015,,,,,74.561305465519,-0.8493883114620389,0.4411623938464669,,,,bull,bull,,,,,,,sl_hit,,,-0.0109999999999999,,,,binance,1.0,backfilled from tiered_trades.csv; signal-TF rsi=74.561305465519; atr_rank=0.37; dist_ema200=-0.8493883114620389
ttr-20200905180000-00546,backtest_tiered_raw_all_tf,binance,BTCUSDT,1h,2020-09-05T18:00:00Z,,long,T4c_H1_sweep_lo_long,,4,,0,,,,,,,,,,,,,,,,2.439457270599487,,,,,38.43118530463686,-8.426804940897002,-3.2033148651397445,,,,bull,bull,,,,,,,sl_hit,,,-0.0109999999999999,,,,binance,1.0,backfilled from tiered_trades.csv; signal-TF rsi=38.43118530463686; atr_rank=0.94; dist_ema200=-8.426804940897002
ttr-20200906220000-00547,backtest_tiered_raw_all_tf,binance,BTCUSDT,1h,2020-09-06T22:00:00Z,,short,T4d_H1_fail_brk_short,,4,,0,,,,,,,,,,,,,,,,1.4631649519659715,,,,,47.62297672132299,-6.059193866012094,-0.8063788050789803,,,,bull,bull,,,,,,,tp_hit,,,0.019,,,,binance,1.0,backfilled from tiered_trades.csv; signal-TF rsi=47.62297672132299; atr_rank=0.15; dist_ema200=-6.059193866012094
ttr-20200907230000-00548,backtest_tiered_raw_all_tf,binance,BTCUSDT,1h,2020-09-07T23:00:00Z,,short,T4d_H1_fail_brk_short,,4,,0,,,,,,,,,,,,,,,,0.7565076524607586,,,,,64.76141198114283,-3.167399915825046,1.5813415793580083,,,,bull,bull,,,,,,,tp_hit,,,0.019,,,,binance,1.0,backfilled from tiered_trades.csv; signal-TF rsi=64.76141198114283; atr_rank=0.42; dist_ema200=-3.167399915825046
ttr-20200908120000-00549,backtest_tiered_raw_all_tf,binance,BTCUSDT,1h,2020-09-08T12:00:00Z,,long,T4c_H1_sweep_lo_long,,4,,0,,,,,,,,,,,,,,,,1.6383635745447422,,,,,22.811568447603637,-6.029471066883174,-1.8772433915830555,,,,bull,bull,,,,,,,sl_hit,,,-0.011,,,,binance,1.0,backfilled from tiered_trades.csv; signal-TF rsi=22.811568447603637; atr_rank=0.38; dist_ema200=-6.029471066883174
ttr-20200909120000-00550,backtest_tiered_raw_all_tf,binance,BTCUSDT,1h,2020-09-09T12:00:00Z,,short,T4d_H1_fail_brk_short,,4,,0,,,,,,,,,,,,,,,,0.921920772952368,,,,,57.84719889523393,-3.2474825046187297,0.451196765605117,,,,bull,bull,,,,,,,sl_hit,,,-0.011,,,,binance,1.0,backfilled from tiered_trades.csv; signal-TF rsi=57.84719889523393; atr_rank=0.01; dist_ema200=-3.2474825046187297
ttr-20200910140000-00551,backtest_tiered_raw_all_tf,binance,BTCUSDT,1h,2020-09-10T14:00:00Z,,short,T4d_H1_fail_brk_short,,4,,0,,,,,,,,,,,,,,,,2.163726198952189,,,,,58.87884685795785,-1.0970121019086096,1.1040262391707405,,,,bull,bull,,,,,,,time,,,0.0006652130623712,,,,binance,1.0,backfilled from tiered_trades.csv; signal-TF rsi=58.87884685795785; atr_rank=0.1; dist_ema200=-1.0970121019086096
ttr-20200911230000-00552,backtest_tiered_raw_all_tf,binance,BTCUSDT,1h,2020-09-11T23:00:00Z,,short,T4d_H1_fail_brk_short,,4,,0,,,,,,,,,,,,,,,,0.8602156170055711,,,,,61.44358002526757,-0.413513402795435,0.9233146018891936,,,,bull,bull,,,,,,,sl_hit,,,-0.0109999999999999,,,,binance,1.0,backfilled from tiered_trades.csv; signal-TF rsi=61.44358002526757; atr_rank=0.03; dist_ema200=-0.413513402795435
ttr-20200913040000-00553,backtest_tiered_raw_all_tf,binance,BTCUSDT,4h,2020-09-13T04:00:00Z,,short,T3a_H4_sweep_hi_short_loose,,3,,0,,,,,,,,,,,,,,,,0.7362240960432924,,,,,66.59824805249386,-3.210202967576951,1.086919684154422,,,,bull,bull,,,,,,,tp_hit,,,0.0290000000000001,,,,binance,1.0,backfilled from tiered_trades.csv; signal-TF rsi=66.59824805249386; atr_rank=0.08; dist_ema200=-3.210202967576951
ttr-20200913130000-00554,backtest_tiered_raw_all_tf,binance,BTCUSDT,1h,2020-09-13T13:00:00Z,,long,T4c_H1_sweep_lo_long,,4,,0,,,,,,,,,,,,,,,,1.3058874550678885,,,,,37.93166826638343,-0.9681318743969384,-0.6611125017556734,,,,bull,bull,,,,,,,sl_hit,,,-0.0109999999999999,,,,binance,1.0,backfilled from tiered_trades.csv; signal-TF rsi=37.93166826638343; atr_rank=0.56; dist_ema200=-0.9681318743969384
ttr-20200915120000-00555,backtest_tiered_raw_all_tf,binance,BTCUSDT,4h,2020-09-15T12:00:00Z,,short,T4b_H4_sstar_short,,4,,0,,,,,,,,,,,,,,,,1.7333312649692862,,,,,62.973398613685234,-0.5795822351564348,2.798602370557512,,,,bull,bull,,,,,,,sl_hit,,,-0.0159999999999999,,,,binance,1.0,backfilled from tiered_trades.csv; signal-TF rsi=62.973398613685234; atr_rank=0.45; dist_ema200=-0.5795822351564348
ttr-20200915120000-00556,backtest_tiered_raw_all_tf,binance,BTCUSDT,4h,2020-09-15T12:00:00Z,,short,T3a_H4_sweep_hi_short_loose,,3,,0,,,,,,,,,,,,,,,,1.7333312649692862,,,,,62.973398613685234,-0.5795822351564348,2.798602370557512,,,,bull,bull,,,,,,,sl_hit,,,-0.0159999999999999,,,,binance,1.0,backfilled from tiered_trades.csv; signal-TF rsi=62.973398613685234; atr_rank=0.45; dist_ema200=-0.5795822351564348
ttr-20200917110000-00557,backtest_tiered_raw_all_tf,binance,BTCUSDT,1h,2020-09-17T11:00:00Z,,long,T3b_H1_fail_brkdn_long,,3,,0,,,,,,,,,,,,,,,,1.0857028211695647,,,,,35.470230040595254,2.3548367100716003,0.2413854441518585,,,,bull,bull,,,,,,,sl_hit,,,-0.013,,,,binance,1.0,backfilled from tiered_trades.csv; signal-TF rsi=35.470230040595254; atr_rank=0.3; dist_ema200=2.3548367100716003
ttr-20200917130000-00558,backtest_tiered_raw_all_tf,binance,BTCUSDT,1h,2020-09-17T13:00:00Z,,long,T4c_H1_sweep_lo_long,,4,,0,,,,,,,,,,,,,,,,1.554265630398289,,,,,36.31856023506352,1.7765213439656646,-0.2628871976025792,,,,bull,bull,,,,,,,tp_hit,,,0.019,,,,binance,1.0,backfilled from tiered_trades.csv; signal-TF rsi=36.31856023506352; atr_rank=0.34; dist_ema200=1.7765213439656646
ttr-20200920130000-00559,backtest_tiered_raw_all_tf,binance,BTCUSDT,1h,2020-09-20T13:00:00Z,,long,T4c_H1_sweep_lo_long,,4,,0,,,,,,,,,,,,,,,,2.124759622503908,,,,,25.109038604305823,0.5968930216648876,-0.9118949966749698,,,,bull,bull,,,,,,,sl_hit,,,-0.011,,,,binance,1.0,backfilled from tiered_trades.csv; signal-TF rsi=25.109038604305823; atr_rank=0.47; dist_ema200=0.5968930216648876
ttr-20200922220000-00560,backtest_tiered_raw_all_tf,binance,BTCUSDT,1h,2020-09-22T22:00:00Z,,short,T4d_H1_fail_brk_short,,4,,0,,,,,,,,,,,,,,,,0.645221786831733,,,,,58.78809079601988,-1.898892087558272,-0.6492003010192754,,,,bull,bull,,,,,,,tp_hit,,,0.0189999999999999,,,,binance,1.0,backfilled from tiered_trades.csv; signal-TF rsi=58.78809079601988; atr_rank=0.29; dist_ema200=-1.898892087558272
ttr-20200923070000-00561,backtest_tiered_raw_all_tf,binance,BTCUSDT,1h,2020-09-23T07:00:00Z,,long,T4c_H1_sweep_lo_long,,4,,0,,,,,,,,,,,,,,,,1.7363043654401848,,,,,36.7319148936171,-2.4641243761368457,-1.1301021742378694,,,,bull,bull,,,,,,,sl_hit,,,-0.0109999999999999,,,,binance,1.0,backfilled from tiered_trades.csv; signal-TF rsi=36.7319148936171; atr_rank=0.14; dist_ema200=-2.4641243761368457
ttr-20200925140000-00562,backtest_tiered_raw_all_tf,binance,BTCUSDT,1h,2020-09-25T14:00:00Z,,long,T4c_H1_sweep_lo_long,,4,,0,,,,,,,,,,,,,,,,1.401752142455073,,,,,37.8909924741298,0.1384122391364333,0.6755346230295034,,,,bull,bull,,,,,,,time,,,0.0032231326820045,,,,binance,1.0,backfilled from tiered_trades.csv; signal-TF rsi=37.8909924741298; atr_rank=0.4; dist_ema200=0.1384122391364333
ttr-20200926040000-00563,backtest_tiered_raw_all_tf,binance,BTCUSDT,4h,2020-09-26T04:00:00Z,,short,T3a_H4_sweep_hi_short_loose,,3,,0,,,,,,,,,,,,,,,,0.7734897919989816,,,,,79.79698167445204,-0.703669171682652,0.7036618872909245,,,,bull,bull,,,,,,,sl_hit,,,-0.0159999999999999,,,,binance,1.0,backfilled from tiered_trades.csv; signal-TF rsi=79.79698167445204; atr_rank=0.44; dist_ema200=-0.703669171682652
ttr-20200926040000-00564,backtest_tiered_raw_all_tf,binance,BTCUSDT,4h,2020-09-26T04:00:00Z,,short,T4b_H4_sstar_short,,4,,0,,,,,,,,,,,,,,,,0.7734897919989816,,,,,79.79698167445204,-0.703669171682652,0.7036618872909245,,,,bull,bull,,,,,,,sl_hit,,,-0.0159999999999999,,,,binance,1.0,backfilled from tiered_trades.csv; signal-TF rsi=79.79698167445204; atr_rank=0.44; dist_ema200=-0.703669171682652
ttr-20200927080000-00565,backtest_tiered_raw_all_tf,binance,BTCUSDT,1h,2020-09-27T08:00:00Z,,long,T4c_H1_sweep_lo_long,,4,,0,,,,,,,,,,,,,,,,1.348369202977795,,,,,33.7486157253601,-0.0153025353817347,-0.3920427668571004,,,,bull,bull,,,,,,,tp_hit,,,0.019,,,,binance,1.0,backfilled from tiered_trades.csv; signal-TF rsi=33.7486157253601; atr_rank=0.14; dist_ema200=-0.0153025353817347
ttr-20201002100000-00566,backtest_tiered_raw_all_tf,binance,BTCUSDT,1h,2020-10-02T10:00:00Z,,long,T4c_H1_sweep_lo_long,,4,,0,,,,,,,,,,,,,,,,1.0092650691491207,,,,,34.53648957288296,-2.244998330433836,-1.8459440533154612,,,,bull,bull,,,,,,,time,,,0.0109929682548635,,,,binance,1.0,backfilled from tiered_trades.csv; signal-TF rsi=34.53648957288296; atr_rank=0.84; dist_ema200=-2.244998330433836
ttr-20201004070000-00567,backtest_tiered_raw_all_tf,binance,BTCUSDT,1h,2020-10-04T07:00:00Z,,short,T4d_H1_fail_brk_short,,4,,0,,,,,,,,,,,,,,,,0.8964425885715388,,,,,59.68153262424521,-0.3024836610981114,0.4019527959497532,,,,bull,bull,,,,,,,sl_hit,,,-0.011,,,,binance,1.0,backfilled from tiered_trades.csv; signal-TF rsi=59.68153262424521; atr_rank=0.11; dist_ema200=-0.3024836610981114
ttr-20201005000000-00568,backtest_tiered_raw_all_tf,binance,BTCUSDT,4h,2020-10-05T00:00:00Z,,short,T3a_H4_sweep_hi_short_loose,,3,,0,,,,,,,,,,,,,,,,0.884018159976628,,,,,70.12380596616656,-0.6784481376594337,0.1946303422551902,,,,bull,bull,,,,,,,sl_hit,,,-0.0159999999999999,,,,binance,1.0,backfilled from tiered_trades.csv; signal-TF rsi=70.12380596616656; atr_rank=0.02; dist_ema200=-0.6784481376594337
ttr-20201005000000-00569,backtest_tiered_raw_all_tf,binance,BTCUSDT,4h,2020-10-05T00:00:00Z,,short,T4b_H4_sstar_short,,4,,0,,,,,,,,,,,,,,,,0.884018159976628,,,,,70.12380596616656,-0.6784481376594337,0.1946303422551902,,,,bull,bull,,,,,,,sl_hit,,,-0.0159999999999999,,,,binance,1.0,backfilled from tiered_trades.csv; signal-TF rsi=70.12380596616656; atr_rank=0.02; dist_ema200=-0.6784481376594337
ttr-20201007190000-00570,backtest_tiered_raw_all_tf,binance,BTCUSDT,1h,2020-10-07T19:00:00Z,,short,T4d_H1_fail_brk_short,,4,,0,,,,,,,,,,,,,,,,0.8834379276396159,,,,,61.76055573645926,-0.0278198771264361,0.0813602306604375,,,,bull,bull,,,,,,,sl_hit,,,-0.011,,,,binance,1.0,backfilled from tiered_trades.csv; signal-TF rsi=61.76055573645926; atr_rank=0.37; dist_ema200=-0.0278198771264361
ttr-20201008090000-00571,backtest_tiered_raw_all_tf,binance,BTCUSDT,1h,2020-10-08T09:00:00Z,,long,T4c_H1_sweep_lo_long,,4,,0,,,,,,,,,,,,,,,,1.6969607197206178,,,,,19.14562557465075,-0.8150808199507059,-0.6656653554735009,,,,bull,bull,,,,,,,tp_hit,,,0.019,,,,binance,1.0,backfilled from tiered_trades.csv; signal-TF rsi=19.14562557465075; atr_rank=0.09; dist_ema200=-0.8150808199507059
ttr-20201013140000-00572,backtest_tiered_raw_all_tf,binance,BTCUSDT,1h,2020-10-13T14:00:00Z,,long,T4c_H1_sweep_lo_long,,4,,0,,,,,,,,,,,,,,,,1.6166001155390304,,,,,39.0802406371801,2.3472858050010603,-0.3372684871531793,,,,bull,bull,,,,,,,sl_hit,,,-0.011,,,,binance,1.0,backfilled from tiered_trades.csv; signal-TF rsi=39.0802406371801; atr_rank=0.67; dist_ema200=2.3472858050010603
ttr-20201022000000-00573,backtest_tiered_raw_all_tf,binance,BTCUSDT,1d,2020-10-22T00:00:00Z,,short,T2c_D_fail_brk_short,,2,,0,,,,,,,,,,,,,,,,1.5431403940935928,,,,,88.76168286361545,27.65643908294458,16.10425409309584,,,74.60349358478898,bull,bull,,0.7230601129566367,,,,,sl_hit,,,-0.041,,,,binance,1.0,backfilled from tiered_trades.csv; signal-TF rsi=88.76168286361545; atr_rank=0.39; dist_ema200=27.65643908294458
ttr-20201026170000-00574,backtest_tiered_raw_all_tf,binance,BTCUSDT,1h,2020-10-26T17:00:00Z,,long,T4c_H1_sweep_lo_long,,4,,0,,,,,,,,,,,,,,,,2.118390818946406,,,,,33.295281582952725,2.2957536503039813,-1.1970041210120583,,,,bull,bull,,,,,,,tp_hit,,,0.0189999999999999,,,,binance,1.0,backfilled from tiered_trades.csv; signal-TF rsi=33.295281582952725; atr_rank=0.89; dist_ema200=2.2957536503039813
ttr-20201102090000-00575,backtest_tiered_raw_all_tf,binance,BTCUSDT,1h,2020-11-02T09:00:00Z,,long,T4c_H1_sweep_lo_long,,4,,0,,,,,,,,,,,,,,,,2.0148633288919973,,,,,37.00519220692606,1.4666323534441574,-0.9226031583256444,,,,bull,bull,,,,,,,sl_hit,,,-0.0109999999999999,,,,binance,1.0,backfilled from tiered_trades.csv; signal-TF rsi=37.00519220692606; atr_rank=0.4; dist_ema200=1.4666323534441574
ttr-20201106000000-00576,backtest_tiered_raw_all_tf,binance,BTCUSDT,1d,2020-11-06T00:00:00Z,,short,T2c_D_fail_brk_short,,2,,0,,,,,,,,,,,,,,,,1.7201360661028249,,,,,82.67435711386864,46.080091658132346,25.694526399145424,,,76.3801545758748,bull,bull,,1.0094219974365464,,,,,sl_hit,,,-0.041,,,,binance,1.0,backfilled from tiered_trades.csv; signal-TF rsi=82.67435711386864; atr_rank=0.73; dist_ema200=46.080091658132346
ttr-20201107160000-00577,backtest_tiered_raw_all_tf,binance,BTCUSDT,1h,2020-11-07T16:00:00Z,,long,T4c_H1_sweep_lo_long,,4,,0,,,,,,,,,,,,,,,,2.3374474838694685,,,,,34.20290729235785,6.8100594309815214,0.3688328414451809,,,,bull,bull,,,,,,,sl_hit,,,-0.011,,,,binance,1.0,backfilled from tiered_trades.csv; signal-TF rsi=34.20290729235785; atr_rank=0.34; dist_ema200=6.8100594309815214
ttr-20201109160000-00578,backtest_tiered_raw_all_tf,binance,BTCUSDT,1h,2020-11-09T16:00:00Z,,long,T4c_H1_sweep_lo_long,,4,,0,,,,,,,,,,,,,,,,2.005657108095984,,,,,39.79200027549636,2.7313268206530927,-1.2285086035914423,,,,bull,bull,,,,,,,tp_hit,,,0.019,,,,binance,1.0,backfilled from tiered_trades.csv; signal-TF rsi=39.79200027549636; atr_rank=0.68; dist_ema200=2.7313268206530927
ttr-20201113160000-00579,backtest_tiered_raw_all_tf,binance,BTCUSDT,1h,2020-11-13T16:00:00Z,,long,T4c_H1_sweep_lo_long,,4,,0,,,,,,,,,,,,,,,,1.9711567014068467,,,,,36.952072723811504,5.142051937223131,0.9307284555382174,,,,bull,bull,,,,,,,sl_hit,,,-0.011,,,,binance,1.0,backfilled from tiered_trades.csv; signal-TF rsi=36.952072723811504; atr_rank=0.45; dist_ema200=5.142051937223131
ttr-20201114170000-00580,backtest_tiered_raw_all_tf,binance,BTCUSDT,1h,2020-11-14T17:00:00Z,,long,T4c_H1_sweep_lo_long,,4,,0,,,,,,,,,,,,,,,,2.0693417694915364,,,,,35.29886392977018,2.368576259563295,-0.8547207931799918,,,,bull,bull,,,,,,,tp_hit,,,0.019,,,,binance,1.0,backfilled from tiered_trades.csv; signal-TF rsi=35.29886392977018; atr_rank=0.72; dist_ema200=2.368576259563295
ttr-20201115220000-00581,backtest_tiered_raw_all_tf,binance,BTCUSDT,1h,2020-11-15T22:00:00Z,,long,T4c_H1_sweep_lo_long,,4,,0,,,,,,,,,,,,,,,,1.0502086263960615,,,,,33.49087297510191,1.7734057198224338,-0.415094297906951,,,,bull,bull,,,,,,,tp_hit,,,0.019,,,,binance,1.0,backfilled from tiered_trades.csv; signal-TF rsi=33.49087297510191; atr_rank=0.23; dist_ema200=1.7734057198224338
ttr-20201118000000-00582,backtest_tiered_raw_all_tf,binance,BTCUSDT,1d,2020-11-18T00:00:00Z,,short,T2c_D_fail_brk_short,,2,,0,,,,,,,,,,,,,,,,1.7382545332227175,,,,,79.01634996237253,57.522248982883504,28.289565185365745,,,81.1276431379644,bull,bull,,1.3341323174355235,,,,,sl_hit,,,-0.041,,,,binance,1.0,backfilled from tiered_trades.csv; signal-TF rsi=79.01634996237253; atr_rank=0.92; dist_ema200=57.522248982883504
ttr-20201122070000-00583,backtest_tiered_raw_all_tf,binance,BTCUSDT,1h,2020-11-22T07:00:00Z,,long,T4c_H1_sweep_lo_long,,4,,0,,,,,,,,,,,,,,,,1.1668802602313395,,,,,32.32501774260483,5.533554266788187,0.0143703756665021,,,,bull,bull,,,,,,,sl_hit,,,-0.011,,,,binance,1.0,backfilled from tiered_trades.csv; signal-TF rsi=32.32501774260483; atr_rank=0.05; dist_ema200=5.533554266788187
ttr-20201125230000-00584,backtest_tiered_raw_all_tf,binance,BTCUSDT,1h,2020-11-25T23:00:00Z,,long,T4c_H1_sweep_lo_long,,4,,0,,,,,,,,,,,,,,,,1.4976717876624688,,,,,27.311719693918903,2.539633230366482,-1.030517401593675,,,,bull,bull,,,,,,,sl_hit,,,-0.011,,,,binance,1.0,backfilled from tiered_trades.csv; signal-TF rsi=27.311719693918903; atr_rank=0.81; dist_ema200=2.539633230366482
ttr-20201126170000-00585,backtest_tiered_raw_all_tf,binance,BTCUSDT,1h,2020-11-26T17:00:00Z,,long,T4c_H1_sweep_lo_long,,4,,0,,,,,,,,,,,,,,,,1.5767792681877335,,,,,31.486403782460457,-7.901188401693123,-7.892867634793591,,,,bull,bull,,,,,,,sl_hit,,,-0.0109999999999999,,,,binance,1.0,backfilled from tiered_trades.csv; signal-TF rsi=31.486403782460457; atr_rank=0.97; dist_ema200=-7.901188401693123
ttr-20201128140000-00586,backtest_tiered_raw_all_tf,binance,BTCUSDT,1h,2020-11-28T14:00:00Z,,short,T4d_H1_fail_brk_short,,4,,0,,,,,,,,,,,,,,,,1.5776014283566708,,,,,59.05793926648549,-2.1687176163013238,0.7460216404673045,,,,bull,bull,,,,,,,sl_hit,,,-0.011,,,,binance,1.0,backfilled from tiered_trades.csv; signal-TF rsi=59.05793926648549; atr_rank=0.01; dist_ema200=-2.1687176163013238
ttr-20201201000000-00587,backtest_tiered_raw_all_tf,binance,BTCUSDT,1d,2020-12-01T00:00:00Z,,short,T2c_D_fail_brk_short,,2,,0,,,,,,,,,,,,,,,,1.355388100346675,,,,,57.19780520261772,54.49906793907079,19.673994815699626,,,83.18298488243146,bull,bull,,1.3886472024732712,,,,,sl_hit,,,-0.0409999999999999,,,,binance,1.0,backfilled from tiered_trades.csv; signal-TF rsi=57.19780520261772; atr_rank=1.0; dist_ema200=54.49906793907079
ttr-20201201130000-00588,backtest_tiered_raw_all_tf,binance,BTCUSDT,1h,2020-12-01T13:00:00Z,,long,T4c_H1_sweep_lo_long,,4,,0,,,,,,,,,,,,,,,,2.7504792754652447,,,,,32.93160535604885,3.069058933876589,-0.6874869000536037,,,,bull,bull,,,,,,,tp_hit,,,0.019,,,,binance,1.0,backfilled from tiered_trades.csv; signal-TF rsi=32.93160535604885; atr_rank=1.0; dist_ema200=3.069058933876589
ttr-20201204120000-00589,backtest_tiered_raw_all_tf,binance,BTCUSDT,1h,2020-12-04T12:00:00Z,,long,T4c_H1_sweep_lo_long,,4,,0,,,,,,,,,,,,,,,,2.357074016979244,,,,,36.27238164548235,1.838633212116362,-0.8460878963822894,,,,bull,bull,,,,,,,sl_hit,,,-0.0110000000000001,,,,binance,1.0,backfilled from tiered_trades.csv; signal-TF rsi=36.27238164548235; atr_rank=0.37; dist_ema200=1.838633212116362
ttr-20201208120000-00590,backtest_tiered_raw_all_tf,binance,BTCUSDT,4h,2020-12-08T12:00:00Z,,long,T4a_H4_hammer_long,,4,,0,,,,,,,,,,,,,,,,1.717687138784136,,,,,38.63862027283718,8.139740024488804,-0.6739637281208466,,,,bull,bull,,,,,,,sl_hit,,,-0.0159999999999999,,,,binance,1.0,backfilled from tiered_trades.csv; signal-TF rsi=38.63862027283718; atr_rank=0.12; dist_ema200=8.139740024488804
ttr-20201209010000-00591,backtest_tiered_raw_all_tf,binance,BTCUSDT,1h,2020-12-09T01:00:00Z,,long,T4c_H1_sweep_lo_long,,4,,0,,,,,,,,,,,,,,,,1.3207411554054866,,,,,29.194883370955736,-3.633522056434293,-3.649234422013772,,,,bull,bull,,,,,,,sl_hit,,,-0.0109999999999999,,,,binance,1.0,backfilled from tiered_trades.csv; signal-TF rsi=29.194883370955736; atr_rank=0.99; dist_ema200=-3.633522056434293
ttr-20201209230000-00592,backtest_tiered_raw_all_tf,binance,BTCUSDT,1h,2020-12-09T23:00:00Z,,short,T4d_H1_fail_brk_short,,4,,0,,,,,,,,,,,,,,,,0.5109793641327054,,,,,70.87046375134324,-1.2760880880447512,-0.0795610234229639,,,,bull,bull,,,,,,,tp_hit,,,0.0189999999999999,,,,binance,1.0,backfilled from tiered_trades.csv; signal-TF rsi=70.87046375134324; atr_rank=0.75; dist_ema200=-1.2760880880447512
ttr-20201210130000-00593,backtest_tiered_raw_all_tf,binance,BTCUSDT,1h,2020-12-10T13:00:00Z,,long,T4c_H1_sweep_lo_long,,4,,0,,,,,,,,,,,,,,,,1.689219686036374,,,,,31.22719228656875,-2.602225574114423,-1.1770534213181765,,,,bull,bull,,,,,,,sl_hit,,,-0.011,,,,binance,1.0,backfilled from tiered_trades.csv; signal-TF rsi=31.22719228656875; atr_rank=0.64; dist_ema200=-2.602225574114423
ttr-20201211100000-00594,backtest_tiered_raw_all_tf,binance,BTCUSDT,1h,2020-12-11T10:00:00Z,,long,T4c_H1_sweep_lo_long,,4,,0,,,,,,,,,,,,,,,,1.717702979176723,,,,,24.71881113932484,-4.496851849488532,-2.474093352120509,,,,bull,bull,,,,,,,tp_hit,,,0.019,,,,binance,1.0,backfilled from tiered_trades.csv; signal-TF rsi=24.71881113932484; atr_rank=0.89; dist_ema200=-4.496851849488532
ttr-20201212010000-00595,backtest_tiered_raw_all_tf,binance,BTCUSDT,1h,2020-12-12T01:00:00Z,,short,T4d_H1_fail_brk_short,,4,,0,,,,,,,,,,,,,,,,0.6606160738619009,,,,,74.04392032354373,-1.260874150021334,0.7949519597648135,,,,bull,bull,,,,,,,sl_hit,,,-0.011,,,,binance,1.0,backfilled from tiered_trades.csv; signal-TF rsi=74.04392032354373; atr_rank=0.46; dist_ema200=-1.260874150021334
ttr-20201221110000-00596,backtest_tiered_raw_all_tf,binance,BTCUSDT,1h,2020-12-21T11:00:00Z,,long,T4c_H1_sweep_lo_long,,4,,0,,,,,,,,,,,,,,,,1.7415108076404682,,,,,35.8884895716093,3.501632008004768,-3.425721249262846,,,,bull,bull,,,,,,,sl_hit,,,-0.011,,,,binance,1.0,backfilled from tiered_trades.csv; signal-TF rsi=35.8884895716093; atr_rank=0.75; dist_ema200=3.501632008004768
ttr-20201223120000-00597,backtest_tiered_raw_all_tf,binance,BTCUSDT,1h,2020-12-23T12:00:00Z,,long,T3b_H1_fail_brkdn_long,,3,,0,,,,,,,,,,,,,,,,2.3881221686805247,,,,,52.29379882573752,6.555234087934027,2.0541609402017094,,,,bull,bull,,,,,,,sl_hit,,,-0.0129999999999999,,,,binance,1.0,backfilled from tiered_trades.csv; signal-TF rsi=52.29379882573752; atr_rank=0.69; dist_ema200=6.555234087934027
ttr-20201227000000-00598,backtest_tiered_raw_all_tf,binance,BTCUSDT,1d,2020-12-27T00:00:00Z,,short,T2c_D_fail_brk_short,,2,,0,,,,,,,,,,,,,,,,1.7339265966970927,,,,,82.62936880566463,84.41651397180088,33.457388463622024,,,96.00212740725834,bull,bull,,2.0757439189790032,,,,,sl_hit,,,-0.041,,,,binance,1.0,backfilled from tiered_trades.csv; signal-TF rsi=82.62936880566463; atr_rank=0.88; dist_ema200=84.41651397180088
ttr-20201227210000-00599,backtest_tiered_raw_all_tf,binance,BTCUSDT,1h,2020-12-27T21:00:00Z,,long,T3b_H1_fail_brkdn_long,,3,,0,,,,,,,,,,,,,,,,1.2711950801991578,,,,,32.607724781825894,9.170702331824089,0.9120552697662608,,,,bull,bull,,,,,,,tp_hit,,,0.0239999999999999,,,,binance,1.0,backfilled from tiered_trades.csv; signal-TF rsi=32.607724781825894; atr_rank=1.0; dist_ema200=9.170702331824089
ttr-20201227210000-00600,backtest_tiered_raw_all_tf,binance,BTCUSDT,1h,2020-12-27T21:00:00Z,,long,T4c_H1_sweep_lo_long,,4,,0,,,,,,,,,,,,,,,,1.2711950801991578,,,,,32.607724781825894,9.170702331824089,0.9120552697662608,,,,bull,bull,,,,,,,sl_hit,,,-0.011,,,,binance,1.0,backfilled from tiered_trades.csv; signal-TF rsi=32.607724781825894; atr_rank=1.0; dist_ema200=9.170702331824089
ttr-20201229040000-00601,backtest_tiered_raw_all_tf,binance,BTCUSDT,1h,2020-12-29T04:00:00Z,,long,T4c_H1_sweep_lo_long,,4,,0,,,,,,,,,,,,,,,,1.268744487654309,,,,,33.02270701363794,6.344413256457971,-0.7087528898627633,,,,bull,bull,,,,,,,sl_hit,,,-0.0109999999999999,,,,binance,1.0,backfilled from tiered_trades.csv; signal-TF rsi=33.02270701363794; atr_rank=0.53; dist_ema200=6.344413256457971
ttr-20210103000000-00602,backtest_tiered_raw_all_tf,binance,BTCUSDT,1d,2021-01-03T00:00:00Z,,short,T2c_D_fail_brk_short,,2,,0,,,,,,,,,,,,,,,,1.261654660660609,,,,,87.88813933677207,115.86293395476213,49.07300868018204,,,97.75892463450964,bull,bull,,2.7550623091537023,,,,,tp_hit,,,0.0789999999999999,,,,binance,1.0,backfilled from tiered_trades.csv; signal-TF rsi=87.88813933677207; atr_rank=0.83; dist_ema200=115.86293395476213
ttr-20210104100000-00603,backtest_tiered_raw_all_tf,binance,BTCUSDT,1h,2021-01-04T10:00:00Z,,long,T4c_H1_sweep_lo_long,,4,,0,,,,,,,,,,,,,,,,3.245852035257163,,,,,17.71832370147402,2.8991474394087926,-6.197421163015692,,,,bull,bull,,,,,,,sl_hit,,,-0.011,,,,binance,1.0,backfilled from tiered_trades.csv; signal-TF rsi=17.71832370147402; atr_rank=1.0; dist_ema200=2.8991474394087926
ttr-20210110170000-00604,backtest_tiered_raw_all_tf,binance,BTCUSDT,1h,2021-01-10T17:00:00Z,,long,T4c_H1_sweep_lo_long,,4,,0,,,,,,,,,,,,,,,,3.30323857351442,,,,,31.777221683767262,6.305967629317746,-3.3050359125297817,,,,bull,bull,,,,,,,sl_hit,,,-0.0109999999999999,,,,binance,1.0,backfilled from tiered_trades.csv; signal-TF rsi=31.777221683767262; atr_rank=0.46; dist_ema200=6.305967629317746
ttr-20210110200000-00605,backtest_tiered_raw_all_tf,binance,BTCUSDT,4h,2021-01-10T20:00:00Z,,long,T4a_H4_hammer_long,,4,,0,,,,,,,,,,,,,,,,1.7981428683357163,,,,,35.74610221289596,34.33693996856804,4.831301644294226,,,,bull,bull,,,,,,,sl_hit,,,-0.0159999999999999,,,,binance,1.0,backfilled from tiered_trades.csv; signal-TF rsi=35.74610221289596; atr_rank=0.76; dist_ema200=34.33693996856804
ttr-20210111070000-00606,backtest_tiered_raw_all_tf,binance,BTCUSDT,1h,2021-01-11T07:00:00Z,,long,T4c_H1_sweep_lo_long,,4,,0,,,,,,,,,,,,,,,,1.576243971581166,,,,,27.790361915084617,-5.334309991259135,-10.389797416394952,,,,bull,bull,,,,,,,tp_hit,,,0.0189999999999999,,,,binance,1.0,backfilled from tiered_trades.csv; signal-TF rsi=27.790361915084617; atr_rank=0.99; dist_ema200=-5.334309991259135
ttr-20210112080000-00607,backtest_tiered_raw_all_tf,binance,BTCUSDT,1h,2021-01-12T08:00:00Z,,short,T4d_H1_fail_brk_short,,4,,0,,,,,,,,,,,,,,,,0.5758984355690991,,,,,71.88271756374402,-0.282470703289038,-0.3794954111957384,,,,bull,bull,,,,,,,sl_hit,,,-0.011,,,,binance,1.0,backfilled from tiered_trades.csv; signal-TF rsi=71.88271756374402; atr_rank=0.67; dist_ema200=-0.282470703289038
ttr-20210115060000-00608,backtest_tiered_raw_all_tf,binance,BTCUSDT,1h,2021-01-15T06:00:00Z,,long,T4c_H1_sweep_lo_long,,4,,0,,,,,,,,,,,,,,,,0.9825942014803896,,,,,36.46347598276092,4.727855014089279,1.0176463202686097,,,,bull,bull,,,,,,,sl_hit,,,-0.0109999999999999,,,,binance,1.0,backfilled from tiered_trades.csv; signal-TF rsi=36.46347598276092; atr_rank=0.14; dist_ema200=4.727855014089279
ttr-20210116220000-00609,backtest_tiered_raw_all_tf,binance,BTCUSDT,1h,2021-01-16T22:00:00Z,,long,T4c_H1_sweep_lo_long,,4,,0,,,,,,,,,,,,,,,,0.9872788785612516,,,,,31.24951140792689,-1.0317259991557532,-2.2926164625513428,,,,bull,bull,,,,,,,sl_hit,,,-0.0109999999999999,,,,binance,1.0,backfilled from tiered_trades.csv; signal-TF rsi=31.24951140792689; atr_rank=0.35; dist_ema200=-1.0317259991557532
ttr-20210117100000-00610,backtest_tiered_raw_all_tf,binance,BTCUSDT,1h,2021-01-17T10:00:00Z,,long,T4c_H1_sweep_lo_long,,4,,0,,,,,,,,,,,,,,,,1.564162841206958,,,,,31.10724350734884,-4.323395701278119,-4.353529803180553,,,,bull,bull,,,,,,,tp_hit,,,0.0189999999999999,,,,binance,1.0,backfilled from tiered_trades.csv; signal-TF rsi=31.10724350734884; atr_rank=0.69; dist_ema200=-4.323395701278119
ttr-20210120040000-00611,backtest_tiered_raw_all_tf,binance,BTCUSDT,1h,2021-01-20T04:00:00Z,,long,T4c_H1_sweep_lo_long,,4,,0,,,,,,,,,,,,,,,,1.3955091597069158,,,,,30.293954520244057,-2.9889323577845914,-3.0840356593024643,,,,bull,bull,,,,,,,sl_hit,,,-0.0110000000000001,,,,binance,1.0,backfilled from tiered_trades.csv; signal-TF rsi=30.293954520244057; atr_rank=0.41; dist_ema200=-2.9889323577845914
ttr-20210120160000-00612,backtest_tiered_raw_all_tf,binance,BTCUSDT,1h,2021-01-20T16:00:00Z,,long,T4c_H1_sweep_lo_long,,4,,0,,,,,,,,,,,,,,,,2.304782907704987,,,,,36.433532376647605,-4.103311986878562,-3.1170430179923394,,,,bull,bull,,,,,,,tp_hit,,,0.0190000000000001,,,,binance,1.0,backfilled from tiered_trades.csv; signal-TF rsi=36.433532376647605; atr_rank=1.0; dist_ema200=-4.103311986878562
ttr-20210121100000-00613,backtest_tiered_raw_all_tf,binance,BTCUSDT,1h,2021-01-21T10:00:00Z,,long,T4c_H1_sweep_lo_long,,4,,0,,,,,,,,,,,,,,,,2.030718548339396,,,,,24.23068084231403,-8.571123310251457,-6.460574728465398,,,,bull,bull,,,,,,,sl_hit,,,-0.0109999999999999,,,,binance,1.0,backfilled from tiered_trades.csv; signal-TF rsi=24.23068084231403; atr_rank=0.94; dist_ema200=-8.571123310251457
ttr-20210122010000-00614,backtest_tiered_raw_all_tf,binance,BTCUSDT,1h,2021-01-22T01:00:00Z,,long,T4c_H1_sweep_lo_long,,4,,0,,,,,,,,,,,,,,,,2.334507138535389,,,,,35.28224170534642,-14.760586245286472,-9.936162428987547,,,,bull,bull,,,,,,,tp_hit,,,0.0189999999999999,,,,binance,1.0,backfilled from tiered_trades.csv; signal-TF rsi=35.28224170534642; atr_rank=1.0; dist_ema200=-14.760586245286472
ttr-20210122200000-00615,backtest_tiered_raw_all_tf,binance,BTCUSDT,1h,2021-01-22T20:00:00Z,,short,T4d_H1_fail_brk_short,,4,,0,,,,,,,,,,,,,,,,0.6311514950608794,,,,,71.73308146482816,-3.4560199701737973,2.4583655131771454,,,,bull,bull,,,,,,,tp_hit,,,0.0190000000000001,,,,binance,1.0,backfilled from tiered_trades.csv; signal-TF rsi=71.73308146482816; atr_rank=0.66; dist_ema200=-3.4560199701737973
ttr-20210125040000-00616,backtest_tiered_raw_all_tf,binance,BTCUSDT,1h,2021-01-25T04:00:00Z,,short,T4d_H1_fail_brk_short,,4,,0,,,,,,,,,,,,,,,,1.3616312094446197,,,,,68.1804941854075,-0.969327839600166,2.9646135232529987,,,,bull,bull,,,,,,,sl_hit,,,-0.0109999999999999,,,,binance,1.0,backfilled from tiered_trades.csv; signal-TF rsi=68.1804941854075; atr_rank=0.28; dist_ema200=-0.969327839600166
ttr-20210125220000-00617,backtest_tiered_raw_all_tf,binance,BTCUSDT,1h,2021-01-25T22:00:00Z,,long,T4c_H1_sweep_lo_long,,4,,0,,,,,,,,,,,,,,,,0.99021265790256,,,,,38.35779827347984,-3.616026220075885,-1.6045200289363533,,,,bull,bull,,,,,,,sl_hit,,,-0.011,,,,binance,1.0,backfilled from tiered_trades.csv; signal-TF rsi=38.35779827347984; atr_rank=0.72; dist_ema200=-3.616026220075885
ttr-20210127090000-00618,backtest_tiered_raw_all_tf,binance,BTCUSDT,1h,2021-01-27T09:00:00Z,,long,T4c_H1_sweep_lo_long,,4,,0,,,,,,,,,,,,,,,,1.6545872520180536,,,,,34.09042089435309,-5.901415341501041,-2.9452602447938,,,,bull,bull,,,,,,,sl_hit,,,-0.011,,,,binance,1.0,backfilled from tiered_trades.csv; signal-TF rsi=34.09042089435309; atr_rank=0.44; dist_ema200=-5.901415341501041
ttr-20210128060000-00619,backtest_tiered_raw_all_tf,binance,BTCUSDT,1h,2021-01-28T06:00:00Z,,short,T4d_H1_fail_brk_short,,4,,0,,,,,,,,,,,,,,,,0.7742581716046765,,,,,59.37701014881672,-3.5031694810106906,0.4830880996975175,,,,bull,bull,,,,,,,tp_hit,,,0.019,,,,binance,1.0,backfilled from tiered_trades.csv; signal-TF rsi=59.37701014881672; atr_rank=0.88; dist_ema200=-3.5031694810106906
ttr-20210204160000-00620,backtest_tiered_raw_all_tf,binance,BTCUSDT,1h,2021-02-04T16:00:00Z,,long,T3b_H1_fail_brkdn_long,,3,,0,,,,,,,,,,,,,,,,0.9402248995927832,,,,,38.470636487633605,6.036646017253741,0.8189635212632231,,,,bull,bull,,,,,,,tp_hit,,,0.0239999999999998,,,,binance,1.0,backfilled from tiered_trades.csv; signal-TF rsi=38.470636487633605; atr_rank=0.99; dist_ema200=6.036646017253741
ttr-20210207020000-00621,backtest_tiered_raw_all_tf,binance,BTCUSDT,1h,2021-02-07T02:00:00Z,,long,T4c_H1_sweep_lo_long,,4,,0,,,,,,,,,,,,,,,,1.1012630601383475,,,,,36.35448707953563,6.074216791562889,-0.3843982862455989,,,,bull,bull,,,,,,,sl_hit,,,-0.011,,,,binance,1.0,backfilled from tiered_trades.csv; signal-TF rsi=36.35448707953563; atr_rank=0.8; dist_ema200=6.074216791562889
ttr-20210213120000-00622,backtest_tiered_raw_all_tf,binance,BTCUSDT,1h,2021-02-13T12:00:00Z,,long,T4c_H1_sweep_lo_long,,4,,0,,,,,,,,,,,,,,,,1.2835001495537726,,,,,36.8892343779832,7.110351492536678,-0.443700857560159,,,,bull,bull,,,,,,,tp_hit,,,0.019,,,,binance,1.0,backfilled from tiered_trades.csv; signal-TF rsi=36.8892343779832; atr_rank=0.09; dist_ema200=7.110351492536678
ttr-20210222100000-00623,backtest_tiered_raw_all_tf,binance,BTCUSDT,1h,2021-02-22T10:00:00Z,,long,T4c_H1_sweep_lo_long,,4,,0,,,,,,,,,,,,,,,,2.432913351899105,,,,,25.474250006989664,4.370472359727988,-2.295222390690878,,,,bull,bull,,,,,,,sl_hit,,,-0.011,,,,binance,1.0,backfilled from tiered_trades.csv; signal-TF rsi=25.474250006989664; atr_rank=1.0; dist_ema200=4.370472359727988
ttr-20210223090000-00624,backtest_tiered_raw_all_tf,binance,BTCUSDT,1h,2021-02-23T09:00:00Z,,long,T4c_H1_sweep_lo_long,,4,,0,,,,,,,,,,,,,,,,2.3822863681356896,,,,,28.317109283936617,-8.336736280384132,-10.0863543070447,,,,bull,bull,,,,,,,sl_hit,,,-0.0109999999999999,,,,binance,1.0,backfilled from tiered_trades.csv; signal-TF rsi=28.317109283936617; atr_rank=1.0; dist_ema200=-8.336736280384132
ttr-20210224040000-00625,backtest_tiered_raw_all_tf,binance,BTCUSDT,1h,2021-02-24T04:00:00Z,,short,T4d_H1_fail_brk_short,,4,,0,,,,,,,,,,,,,,,,0.7074286055206367,,,,,66.18278388832218,-2.1630534819239164,-0.4070429119533227,,,,bull,bull,,,,,,,tp_hit,,,0.019,,,,binance,1.0,backfilled from tiered_trades.csv; signal-TF rsi=66.18278388832218; atr_rank=0.64; dist_ema200=-2.1630534819239164
ttr-20210224220000-00626,backtest_tiered_raw_all_tf,binance,BTCUSDT,1h,2021-02-24T22:00:00Z,,long,T4c_H1_sweep_lo_long,,4,,0,,,,,,,,,,,,,,,,0.6259923099506043,,,,,35.68654304332051,-5.058125903276562,-2.8425229255414384,,,,bull,bull,,,,,,,tp_hit,,,0.019,,,,binance,1.0,backfilled from tiered_trades.csv; signal-TF rsi=35.68654304332051; atr_rank=0.43; dist_ema200=-5.058125903276562
ttr-20210225200000-00627,backtest_tiered_raw_all_tf,binance,BTCUSDT,1h,2021-02-25T20:00:00Z,,long,T4c_H1_sweep_lo_long,,4,,0,,,,,,,,,,,,,,,,1.3171592094911508,,,,,39.772167942796656,-3.9344238526259,-2.050740902583956,,,,bull,bull,,,,,,,sl_hit,,,-0.0109999999999999,,,,binance,1.0,backfilled from tiered_trades.csv; signal-TF rsi=39.772167942796656; atr_rank=0.36; dist_ema200=-3.9344238526259
ttr-20210228140000-00628,backtest_tiered_raw_all_tf,binance,BTCUSDT,1h,2021-02-28T14:00:00Z,,long,T4c_H1_sweep_lo_long,,4,,0,,,,,,,,,,,,,,,,1.7312539738145694,,,,,33.42758941012532,-8.75008793132318,-3.636098859554159,,,,bull,bull,,,,,,,sl_hit,,,-0.0109999999999999,,,,binance,1.0,backfilled from tiered_trades.csv; signal-TF rsi=33.42758941012532; atr_rank=0.54; dist_ema200=-8.75008793132318
ttr-20210301010000-00629,backtest_tiered_raw_all_tf,binance,BTCUSDT,1h,2021-03-01T01:00:00Z,,short,T4d_H1_fail_brk_short,,4,,0,,,,,,,,,,,,,,,,0.7727753259122254,,,,,56.82831457104729,-4.622274886560094,0.9903622741527524,,,,bull,bull,,,,,,,sl_hit,,,-0.0109999999999999,,,,binance,1.0,backfilled from tiered_trades.csv; signal-TF rsi=56.82831457104729; atr_rank=0.55; dist_ema200=-4.622274886560094
ttr-20210302170000-00630,backtest_tiered_raw_all_tf,binance,BTCUSDT,1h,2021-03-02T17:00:00Z,,long,T4c_H1_sweep_lo_long,,4,,0,,,,,,,,,,,,,,,,1.3141915277672105,,,,,37.264382218348224,-1.0573273599356126,-0.1138566900000474,,,,bull,bull,,,,,,,sl_hit,,,-0.0109999999999999,,,,binance,1.0,backfilled from tiered_trades.csv; signal-TF rsi=37.264382218348224; atr_rank=0.1; dist_ema200=-1.0573273599356126
ttr-20210304200000-00631,backtest_tiered_raw_all_tf,binance,BTCUSDT,1h,2021-03-04T20:00:00Z,,long,T4c_H1_sweep_lo_long,,4,,0,,,,,,,,,,,,,,,,0.8368245422571311,,,,,39.82583424044665,-1.3880336844704493,-2.368454216934469,,,,bull,bull,,,,,,,sl_hit,,,-0.0109999999999999,,,,binance,1.0,backfilled from tiered_trades.csv; signal-TF rsi=39.82583424044665; atr_rank=0.95; dist_ema200=-1.3880336844704493
ttr-20210308080000-00632,backtest_tiered_raw_all_tf,binance,BTCUSDT,1h,2021-03-08T08:00:00Z,,long,T3b_H1_fail_brkdn_long,,3,,0,,,,,,,,,,,,,,,,1.4554033109679982,,,,,44.11673626840316,1.6238259997989677,0.0015611742784391,,,,bull,bull,,,,,,,tp_hit,,,0.0239999999999998,,,,binance,1.0,backfilled from tiered_trades.csv; signal-TF rsi=44.11673626840316; atr_rank=0.49; dist_ema200=1.6238259997989677
ttr-20210312100000-00633,backtest_tiered_raw_all_tf,binance,BTCUSDT,1h,2021-03-12T10:00:00Z,,long,T4c_H1_sweep_lo_long,,4,,0,,,,,,,,,,,,,,,,1.279742413878742,,,,,38.904503210164776,7.115384333849101,1.0081115820792743,,,,bull,bull,,,,,,,sl_hit,,,-0.011,,,,binance,1.0,backfilled from tiered_trades.csv; signal-TF rsi=38.904503210164776; atr_rank=0.28; dist_ema200=7.115384333849101
ttr-20210312140000-00634,backtest_tiered_raw_all_tf,binance,BTCUSDT,1h,2021-03-12T14:00:00Z,,long,T3b_H1_fail_brkdn_long,,3,,0,,,,,,,,,,,,,,,,1.1979061657329366,,,,,35.47285435343275,5.90860729057929,0.0998297780797332,,,,bull,bull,,,,,,,tp_hit,,,0.0239999999999999,,,,binance,1.0,backfilled from tiered_trades.csv; signal-TF rsi=35.47285435343275; atr_rank=0.56; dist_ema200=5.90860729057929
ttr-20210314110000-00635,backtest_tiered_raw_all_tf,binance,BTCUSDT,1h,2021-03-14T11:00:00Z,,long,T4c_H1_sweep_lo_long,,4,,0,,,,,,,,,,,,,,,,1.7359874195782004,,,,,34.22258666007683,9.000268814594518,1.7902504046308338,,,,bull,bull,,,,,,,sl_hit,,,-0.0109999999999999,,,,binance,1.0,backfilled from tiered_trades.csv; signal-TF rsi=34.22258666007683; atr_rank=0.01; dist_ema200=9.000268814594518
ttr-20210316010000-00636,backtest_tiered_raw_all_tf,binance,BTCUSDT,1h,2021-03-16T01:00:00Z,,long,T4c_H1_sweep_lo_long,,4,,0,,,,,,,,,,,,,,,,1.3027294517180683,,,,,35.5404195226122,-2.9283604169939257,-5.576515896248472,,,,bull,bull,,,,,,,sl_hit,,,-0.011,,,,binance,1.0,backfilled from tiered_trades.csv; signal-TF rsi=35.5404195226122; atr_rank=0.87; dist_ema200=-2.9283604169939257
ttr-20210317120000-00637,backtest_tiered_raw_all_tf,binance,BTCUSDT,1h,2021-03-17T12:00:00Z,,long,T4c_H1_sweep_lo_long,,4,,0,,,,,,,,,,,,,,,,1.6378126857897306,,,,,39.66008776081203,-1.4306920467348163,-1.7174379467989829,,,,bull,bull,,,,,,,sl_hit,,,-0.0109999999999999,,,,binance,1.0,backfilled from tiered_trades.csv; signal-TF rsi=39.66008776081203; atr_rank=0.63; dist_ema200=-1.4306920467348163
ttr-20210321030000-00638,backtest_tiered_raw_all_tf,binance,BTCUSDT,1h,2021-03-21T03:00:00Z,,long,T4c_H1_sweep_lo_long,,4,,0,,,,,,,,,,,,,,,,0.866461160188163,,,,,32.80970410339107,0.7862865526456925,-1.0983941797382613,,,,bull,bull,,,,,,,sl_hit,,,-0.011,,,,binance,1.0,backfilled from tiered_trades.csv; signal-TF rsi=32.80970410339107; atr_rank=0.18; dist_ema200=0.7862865526456925
ttr-20210322220000-00639,backtest_tiered_raw_all_tf,binance,BTCUSDT,1h,2021-03-22T22:00:00Z,,long,T4c_H1_sweep_lo_long,,4,,0,,,,,,,,,,,,,,,,2.0548750200047614,,,,,24.473210212524947,-4.488854023820278,-4.264876827821702,,,,bull,bull,,,,,,,sl_hit,,,-0.011,,,,binance,1.0,backfilled from tiered_trades.csv; signal-TF rsi=24.473210212524947; atr_rank=1.0; dist_ema200=-4.488854023820278
ttr-20210323040000-00640,backtest_tiered_raw_all_tf,binance,BTCUSDT,4h,2021-03-23T04:00:00Z,,long,T4a_H4_hammer_long,,4,,0,,,,,,,,,,,,,,,,1.4870236641343624,,,,,26.428713266870982,2.747520145620715,-4.852991460536332,,,,bull,bull,,,,,,,tp_hit,,,0.0289999999999999,,,,binance,1.0,backfilled from tiered_trades.csv; signal-TF rsi=26.428713266870982; atr_rank=0.68; dist_ema200=2.747520145620715
ttr-20210325020000-00641,backtest_tiered_raw_all_tf,binance,BTCUSDT,1h,2021-03-25T02:00:00Z,,long,T4c_H1_sweep_lo_long,,4,,0,,,,,,,,,,,,,,,,1.1015052849654272,,,,,16.18381123789227,-6.980013803879692,-4.796763029102437,,,,bull,bull,,,,,,,sl_hit,,,-0.011,,,,binance,1.0,backfilled from tiered_trades.csv; signal-TF rsi=16.18381123789227; atr_rank=1.0; dist_ema200=-6.980013803879692
ttr-20210326080000-00642,backtest_tiered_raw_all_tf,binance,BTCUSDT,1h,2021-03-26T08:00:00Z,,short,T4d_H1_fail_brk_short,,4,,0,,,,,,,,,,,,,,,,1.3047166259970226,,,,,59.49833761205332,-3.2385486239188728,0.5780113454896402,,,,bull,bull,,,,,,,sl_hit,,,-0.011,,,,binance,1.0,backfilled from tiered_trades.csv; signal-TF rsi=59.49833761205332; atr_rank=0.52; dist_ema200=-3.2385486239188728
ttr-20210328190000-00643,backtest_tiered_raw_all_tf,binance,BTCUSDT,1h,2021-03-28T19:00:00Z,,long,T4c_H1_sweep_lo_long,,4,,0,,,,,,,,,,,,,,,,1.8046422127271,,,,,34.73300020724439,0.0501163043777123,-0.1986900576165803,,,,bull,bull,,,,,,,tp_hit,,,0.0189999999999999,,,,binance,1.0,backfilled from tiered_trades.csv; signal-TF rsi=34.73300020724439; atr_rank=0.28; dist_ema200=0.0501163043777123
ttr-20210331080000-00644,backtest_tiered_raw_all_tf,binance,BTCUSDT,1h,2021-03-31T08:00:00Z,,long,T4c_H1_sweep_lo_long,,4,,0,,,,,,,,,,,,,,,,2.632408174256387,,,,,39.72575158440856,2.7896588670850164,-0.0778764247481997,,,,bull,bull,,,,,,,sl_hit,,,-0.011,,,,binance,1.0,backfilled from tiered_trades.csv; signal-TF rsi=39.72575158440856; atr_rank=0.83; dist_ema200=2.7896588670850164
ttr-20210402210000-00645,backtest_tiered_raw_all_tf,binance,BTCUSDT,1h,2021-04-02T21:00:00Z,,long,T4c_H1_sweep_lo_long,,4,,0,,,,,,,,,,,,,,,,0.6792485804637048,,,,,30.85907085388014,1.9928310622620355,-0.452906314851186,,,,bull,bull,,,,,,,sl_hit,,,-0.0109999999999999,,,,binance,1.0,backfilled from tiered_trades.csv; signal-TF rsi=30.85907085388014; atr_rank=0.1; dist_ema200=1.9928310622620355
ttr-20210403180000-00646,backtest_tiered_raw_all_tf,binance,BTCUSDT,1h,2021-04-03T18:00:00Z,,long,T4c_H1_sweep_lo_long,,4,,0,,,,,,,,,,,,,,,,2.000683895504508,,,,,32.493758151667734,0.9916011347039404,-1.0122310647633987,,,,bull,bull,,,,,,,sl_hit,,,-0.0109999999999999,,,,binance,1.0,backfilled from tiered_trades.csv; signal-TF rsi=32.493758151667734; atr_rank=0.43; dist_ema200=0.9916011347039404
ttr-20210405060000-00647,backtest_tiered_raw_all_tf,binance,BTCUSDT,1h,2021-04-05T06:00:00Z,,long,T4c_H1_sweep_lo_long,,4,,0,,,,,,,,,,,,,,,,1.4118772936691275,,,,,29.57562978786089,-1.169307584414357,-1.4873635512177017,,,,bull,bull,,,,,,,tp_hit,,,0.019,,,,binance,1.0,backfilled from tiered_trades.csv; signal-TF rsi=29.57562978786089; atr_rank=0.06; dist_ema200=-1.169307584414357
ttr-20210407010000-00648,backtest_tiered_raw_all_tf,binance,BTCUSDT,1h,2021-04-07T01:00:00Z,,long,T4c_H1_sweep_lo_long,,4,,0,,,,,,,,,,,,,,,,1.0659613439674092,,,,,26.021723550599944,-0.8595492915828377,-1.2626397221391563,,,,bull,bull,,,,,,,sl_hit,,,-0.0109999999999999,,,,binance,1.0,backfilled from tiered_trades.csv; signal-TF rsi=26.021723550599944; atr_rank=0.82; dist_ema200=-0.8595492915828377
ttr-20210407160000-00649,backtest_tiered_raw_all_tf,binance,BTCUSDT,4h,2021-04-07T16:00:00Z,,long,T4a_H4_hammer_long,,4,,0,,,,,,,,,,,,,,,,1.273236030364577,,,,,35.30023647601209,1.3040464941216614,-2.858663380516463,,,,bull,bull,,,,,,,tp_hit,,,0.029,,,,binance,1.0,backfilled from tiered_trades.csv; signal-TF rsi=35.30023647601209; atr_rank=0.51; dist_ema200=1.3040464941216614
ttr-20210407190000-00650,backtest_tiered_raw_all_tf,binance,BTCUSDT,1h,2021-04-07T19:00:00Z,,long,T4c_H1_sweep_lo_long,,4,,0,,,,,,,,,,,,,,,,1.1526391680482218,,,,,22.423640427117164,-2.923753696627509,-2.4391422984520097,,,,bull,bull,,,,,,,tp_hit,,,0.019,,,,binance,1.0,backfilled from tiered_trades.csv; signal-TF rsi=22.423640427117164; atr_rank=0.98; dist_ema200=-2.923753696627509
ttr-20210408130000-00651,backtest_tiered_raw_all_tf,binance,BTCUSDT,1h,2021-04-08T13:00:00Z,,short,T4d_H1_fail_brk_short,,4,,0,,,,,,,,,,,,,,,,1.4465421826823175,,,,,73.2261264390477,-0.3805776275913812,0.5140841951231813,,,,bull,bull,,,,,,,sl_hit,,,-0.011,,,,binance,1.0,backfilled from tiered_trades.csv; signal-TF rsi=73.2261264390477; atr_rank=0.72; dist_ema200=-0.3805776275913812
ttr-20210412000000-00652,backtest_tiered_raw_all_tf,binance,BTCUSDT,1w,2021-04-12T00:00:00Z,,short,T2b_W_sweep_hi_short,,2,,0,,,,,,,,,,,,,,,,0.9328140204980162,,,,,63.15553135586098,290.90823838893795,88.21884158376665,,,,bull,bull,,,,,,,tp_hit,,,0.199,,,,binance,1.0,backfilled from tiered_trades.csv; signal-TF rsi=63.15553135586098; atr_rank=0.78; dist_ema200=290.90823838893795
ttr-20210414000000-00653,backtest_tiered_raw_all_tf,binance,BTCUSDT,1d,2021-04-14T00:00:00Z,,short,T1c_D_sstar_short,,1,,0,,,,,,,,,,,,,,,,1.4777285337330284,,,,,63.24705385883891,68.22980423114656,14.623355769291646,,,63.15553135586098,bull,bull,,2.9090823838893796,,,,,tp_hit,,,0.099,,,,binance,1.0,backfilled from tiered_trades.csv; signal-TF rsi=63.24705385883891; atr_rank=0.03; dist_ema200=68.22980423114656
ttr-20210414000000-00654,backtest_tiered_raw_all_tf,binance,BTCUSDT,1d,2021-04-14T00:00:00Z,,short,T2c_D_fail_brk_short,,2,,0,,,,,,,,,,,,,,,,1.4777285337330284,,,,,63.24705385883891,68.22980423114656,14.623355769291646,,,63.15553135586098,bull,bull,,2.9090823838893796,,,,,tp_hit,,,0.079,,,,binance,1.0,backfilled from tiered_trades.csv; signal-TF rsi=63.24705385883891; atr_rank=0.03; dist_ema200=68.22980423114656
ttr-20210414190000-00655,backtest_tiered_raw_all_tf,binance,BTCUSDT,1h,2021-04-14T19:00:00Z,,long,T4c_H1_sweep_lo_long,,4,,0,,,,,,,,,,,,,,,,1.2656490949543897,,,,,33.970294390770206,3.0074605588288463,-0.6656311509816877,,,,bull,bull,,,,,,,tp_hit,,,0.0189999999999999,,,,binance,1.0,backfilled from tiered_trades.csv; signal-TF rsi=33.970294390770206; atr_rank=1.0; dist_ema200=3.0074605588288463
ttr-20210416070000-00656,backtest_tiered_raw_all_tf,binance,BTCUSDT,1h,2021-04-16T07:00:00Z,,long,T4c_H1_sweep_lo_long,,4,,0,,,,,,,,,,,,,,,,1.0724145721921108,,,,,34.08727582237108,0.5978562157265905,-1.9334872973347028,,,,bull,bull,,,,,,,sl_hit,,,-0.011,,,,binance,1.0,backfilled from tiered_trades.csv; signal-TF rsi=34.08727582237108; atr_rank=0.66; dist_ema200=0.5978562157265905
ttr-20210417160000-00657,backtest_tiered_raw_all_tf,binance,BTCUSDT,1h,2021-04-17T16:00:00Z,,long,T4c_H1_sweep_lo_long,,4,,0,,,,,,,,,,,,,,,,1.1837778411883844,,,,,24.993146431388663,-1.265654023855149,-2.1797867378169204,,,,bull,bull,,,,,,,sl_hit,,,-0.011,,,,binance,1.0,backfilled from tiered_trades.csv; signal-TF rsi=24.993146431388663; atr_rank=0.47; dist_ema200=-1.265654023855149
ttr-20210419010000-00658,backtest_tiered_raw_all_tf,binance,BTCUSDT,1h,2021-04-19T01:00:00Z,,short,T4d_H1_fail_brk_short,,4,,0,,,,,,,,,,,,,,,,0.7122733280118433,,,,,85.03755242708989,-5.26223690549169,-1.852606922814098,,,,bull,bull,,,,,,,sl_hit,,,-0.011,,,,binance,1.0,backfilled from tiered_trades.csv; signal-TF rsi=85.03755242708989; atr_rank=0.76; dist_ema200=-5.26223690549169
ttr-20210422020000-00659,backtest_tiered_raw_all_tf,binance,BTCUSDT,1h,2021-04-22T02:00:00Z,,long,T4c_H1_sweep_lo_long,,4,,0,,,,,,,,,,,,,,,,2.6085388332860187,,,,,29.500055154493893,-6.82559423687877,-3.0121562072298667,,,,bull,bull,,,,,,,sl_hit,,,-0.0109999999999999,,,,binance,1.0,backfilled from tiered_trades.csv; signal-TF rsi=29.500055154493893; atr_rank=0.51; dist_ema200=-6.82559423687877
ttr-20210422210000-00660,backtest_tiered_raw_all_tf,binance,BTCUSDT,1h,2021-04-22T21:00:00Z,,long,T4c_H1_sweep_lo_long,,4,,0,,,,,,,,,,,,,,,,2.13622099683818,,,,,32.83380336477684,-9.405707991701943,-5.283907653245129,,,,bull,bull,,,,,,,sl_hit,,,-0.011,,,,binance,1.0,backfilled from tiered_trades.csv; signal-TF rsi=32.83380336477684; atr_rank=0.98; dist_ema200=-9.405707991701943
ttr-20210423000000-00661,backtest_tiered_raw_all_tf,binance,BTCUSDT,1d,2021-04-23T00:00:00Z,,long,T2a_D_hammer_long,,2,,0,,,,,,,,,,,,,,,,1.860998254903472,,,,,32.5886521303308,30.86939598101072,-7.567791985219024,,,59.04566207050365,bull,bull,,2.3357676925810527,,,,,sl_hit,,,-0.0510000000000001,,,,binance,1.0,backfilled from tiered_trades.csv; signal-TF rsi=32.5886521303308; atr_rank=0.6; dist_ema200=30.86939598101072
ttr-20210426020000-00662,backtest_tiered_raw_all_tf,binance,BTCUSDT,1h,2021-04-26T02:00:00Z,,short,T4d_H1_fail_brk_short,,4,,0,,,,,,,,,,,,,,,,1.444792937853977,,,,,63.42328424760383,-2.539366304493985,3.5962956164823527,,,,bull,bull,,,,,,,sl_hit,,,-0.011,,,,binance,1.0,backfilled from tiered_trades.csv; signal-TF rsi=63.42328424760383; atr_rank=0.74; dist_ema200=-2.539366304493985
ttr-20210426120000-00663,backtest_tiered_raw_all_tf,binance,BTCUSDT,4h,2021-04-26T12:00:00Z,,short,T4b_H4_sstar_short,,4,,0,,,,,,,,,,,,,,,,1.0585916831110682,,,,,68.76078543900974,-4.11970504308994,0.6861955461154814,,,,bull,bull,,,,,,,sl_hit,,,-0.0159999999999998,,,,binance,1.0,backfilled from tiered_trades.csv; signal-TF rsi=68.76078543900974; atr_rank=0.5; dist_ema200=-4.11970504308994
ttr-20210427200000-00664,backtest_tiered_raw_all_tf,binance,BTCUSDT,4h,2021-04-27T20:00:00Z,,short,T3a_H4_sweep_hi_short_loose,,3,,0,,,,,,,,,,,,,,,,0.5927693645857406,,,,,76.0516561488265,-1.3550505013975862,2.692728020256196,,,,bull,bull,,,,,,,sl_hit,,,-0.0159999999999998,,,,binance,1.0,backfilled from tiered_trades.csv; signal-TF rsi=76.0516561488265; atr_rank=0.5; dist_ema200=-1.3550505013975862
ttr-20210428000000-00665,backtest_tiered_raw_all_tf,binance,BTCUSDT,4h,2021-04-28T00:00:00Z,,short,T4b_H4_sstar_short,,4,,0,,,,,,,,,,,,,,,,0.9078577177442138,,,,,82.24457576856611,-1.7642624017379922,2.1585110501025078,,,,bull,bull,,,,,,,sl_hit,,,-0.0159999999999998,,,,binance,1.0,backfilled from tiered_trades.csv; signal-TF rsi=82.24457576856611; atr_rank=0.48; dist_ema200=-1.7642624017379922
ttr-20210428070000-00666,backtest_tiered_raw_all_tf,binance,BTCUSDT,1h,2021-04-28T07:00:00Z,,long,T3b_H1_fail_brkdn_long,,3,,0,,,,,,,,,,,,,,,,0.8603646824010303,,,,,40.27295503494353,1.055626713777546,0.5400488268257946,,,,bull,bull,,,,,,,tp_hit,,,0.0239999999999998,,,,binance,1.0,backfilled from tiered_trades.csv; signal-TF rsi=40.27295503494353; atr_rank=0.03; dist_ema200=1.055626713777546
ttr-20210429150000-00667,backtest_tiered_raw_all_tf,binance,BTCUSDT,1h,2021-04-29T15:00:00Z,,long,T4c_H1_sweep_lo_long,,4,,0,,,,,,,,,,,,,,,,1.1644023689682503,,,,,39.60551025658906,-0.337952802766066,-0.9751486474306332,,,,bull,bull,,,,,,,sl_hit,,,-0.011,,,,binance,1.0,backfilled from tiered_trades.csv; signal-TF rsi=39.60551025658906; atr_rank=0.33; dist_ema200=-0.337952802766066
ttr-20210502040000-00668,backtest_tiered_raw_all_tf,binance,BTCUSDT,1h,2021-05-02T04:00:00Z,,long,T3b_H1_fail_brkdn_long,,3,,0,,,,,,,,,,,,,,,,1.6531782983083465,,,,,42.34530251434436,3.4003762920688083,0.2575478861957435,,,,bull,bull,,,,,,,sl_hit,,,-0.0129999999999999,,,,binance,1.0,backfilled from tiered_trades.csv; signal-TF rsi=42.34530251434436; atr_rank=0.17; dist_ema200=3.4003762920688083
ttr-20210502080000-00669,backtest_tiered_raw_all_tf,binance,BTCUSDT,1h,2021-05-02T08:00:00Z,,long,T4c_H1_sweep_lo_long,,4,,0,,,,,,,,,,,,,,,,1.068355336903494,,,,,34.41673869905213,2.584897200667942,-0.4046092522911191,,,,bull,bull,,,,,,,tp_hit,,,0.019,,,,binance,1.0,backfilled from tiered_trades.csv; signal-TF rsi=34.41673869905213; atr_rank=0.29; dist_ema200=2.584897200667942
ttr-20210503210000-00670,backtest_tiered_raw_all_tf,binance,BTCUSDT,1h,2021-05-03T21:00:00Z,,long,T4c_H1_sweep_lo_long,,4,,0,,,,,,,,,,,,,,,,0.89408803733419,,,,,27.32688575459902,2.2726097215937093,-0.5186735324331216,,,,bull,bull,,,,,,,sl_hit,,,-0.011,,,,binance,1.0,backfilled from tiered_trades.csv; signal-TF rsi=27.32688575459902; atr_rank=0.84; dist_ema200=2.2726097215937093
ttr-20210505000000-00671,backtest_tiered_raw_all_tf,binance,BTCUSDT,1h,2021-05-05T00:00:00Z,,long,T4c_H1_sweep_lo_long,,4,,0,,,,,,,,,,,,,,,,1.3330702892270787,,,,,35.68795266183828,-2.0279159541738068,-2.2886588130499925,,,,bull,bull,,,,,,,sl_hit,,,-0.011,,,,binance,1.0,backfilled from tiered_trades.csv; signal-TF rsi=35.68795266183828; atr_rank=1.0; dist_ema200=-2.0279159541738068
ttr-20210505110000-00672,backtest_tiered_raw_all_tf,binance,BTCUSDT,1h,2021-05-05T11:00:00Z,,short,T4d_H1_fail_brk_short,,4,,0,,,,,,,,,,,,,,,,0.8477681320123938,,,,,56.58233819025585,-0.9205395119386324,-0.7811710463569604,,,,bull,bull,,,,,,,sl_hit,,,-0.011,,,,binance,1.0,backfilled from tiered_trades.csv; signal-TF rsi=56.58233819025585; atr_rank=0.92; dist_ema200=-0.9205395119386324
ttr-20210506190000-00673,backtest_tiered_raw_all_tf,binance,BTCUSDT,1h,2021-05-06T19:00:00Z,,long,T4c_H1_sweep_lo_long,,4,,0,,,,,,,,,,,,,,,,1.5852857176318815,,,,,38.96727180021031,0.2400939403737775,-0.7848499424356096,,,,bull,bull,,,,,,,sl_hit,,,-0.011,,,,binance,1.0,backfilled from tiered_trades.csv; signal-TF rsi=38.96727180021031; atr_rank=0.6; dist_ema200=0.2400939403737775
ttr-20210510150000-00674,backtest_tiered_raw_all_tf,binance,BTCUSDT,1h,2021-05-10T15:00:00Z,,long,T3b_H1_fail_brkdn_long,,3,,0,,,,,,,,,,,,,,,,1.873782948614265,,,,,46.04319225274975,2.017083175043538,0.4212492241513526,,,,bull,bull,,,,,,,sl_hit,,,-0.0129999999999999,,,,binance,1.0,backfilled from tiered_trades.csv; signal-TF rsi=46.04319225274975; atr_rank=0.72; dist_ema200=2.017083175043538
ttr-20210512190000-00675,backtest_tiered_raw_all_tf,binance,BTCUSDT,1h,2021-05-12T19:00:00Z,,long,T4c_H1_sweep_lo_long,,4,,0,,,,,,,,,,,,,,,,1.3362148878641005,,,,,23.894119338927496,-4.031395366924683,-3.3635096129609057,,,,bull,bull,,,,,,,sl_hit,,,-0.011,,,,binance,1.0,backfilled from tiered_trades.csv; signal-TF rsi=23.894119338927496; atr_rank=0.84; dist_ema200=-4.031395366924683
ttr-20210514160000-00676,backtest_tiered_raw_all_tf,binance,BTCUSDT,1h,2021-05-14T16:00:00Z,,short,T4d_H1_fail_brk_short,,4,,0,,,,,,,,,,,,,,,,1.064879416871091,,,,,63.71018075459229,-6.4927055704014,-0.6338111939644233,,,,bull,bull,,,,,,,tp_hit,,,0.019,,,,binance,1.0,backfilled from tiered_trades.csv; signal-TF rsi=63.71018075459229; atr_rank=0.33; dist_ema200=-6.4927055704014
ttr-20210515080000-00677,backtest_tiered_raw_all_tf,binance,BTCUSDT,1h,2021-05-15T08:00:00Z,,long,T4c_H1_sweep_lo_long,,4,,0,,,,,,,,,,,,,,,,1.218824199325748,,,,,38.13502196189044,-8.984288940804666,-3.140505773969643,,,,bull,bull,,,,,,,sl_hit,,,-0.011,,,,binance,1.0,backfilled from tiered_trades.csv; signal-TF rsi=38.13502196189044; atr_rank=0.59; dist_ema200=-8.984288940804666
ttr-20210516000000-00678,backtest_tiered_raw_all_tf,binance,BTCUSDT,1d,2021-05-16T00:00:00Z,,long,T2a_D_hammer_long,,2,,0,,,,,,,,,,,,,,,,1.5245816430824326,,,,,31.11609716805944,10.23816823958793,-14.491693130925052,,,54.542259591241184,bull,bull,,1.927192152359544,,,,,sl_hit,,,-0.051,,,,binance,1.0,backfilled from tiered_trades.csv; signal-TF rsi=31.11609716805944; atr_rank=0.9; dist_ema200=10.23816823958793
ttr-20210516170000-00679,backtest_tiered_raw_all_tf,binance,BTCUSDT,1h,2021-05-16T17:00:00Z,,long,T4c_H1_sweep_lo_long,,4,,0,,,,,,,,,,,,,,,,2.379456668090129,,,,,38.76179098705928,-9.745224913421632,-3.720813979178613,,,,bull,bull,,,,,,,sl_hit,,,-0.011,,,,binance,1.0,backfilled from tiered_trades.csv; signal-TF rsi=38.76179098705928; atr_rank=0.5; dist_ema200=-9.745224913421632
ttr-20210518230000-00680,backtest_tiered_raw_all_tf,binance,BTCUSDT,1h,2021-05-18T23:00:00Z,,long,T4c_H1_sweep_lo_long,,4,,0,,,,,,,,,,,,,,,,1.060805195456527,,,,,29.66556249818923,-12.295934158693656,-3.8743875126527594,,,,bull,bull,,,,,,,sl_hit,,,-0.0109999999999999,,,,binance,1.0,backfilled from tiered_trades.csv; signal-TF rsi=29.66556249818923; atr_rank=0.62; dist_ema200=-12.295934158693656
ttr-20210519110000-00681,backtest_tiered_raw_all_tf,binance,BTCUSDT,1h,2021-05-19T11:00:00Z,,long,T4c_H1_sweep_lo_long,,4,,0,,,,,,,,,,,,,,,,3.0513739067400576,,,,,21.106173599661872,-19.152295191867147,-9.681871978715929,,,,bull,bull,,,,,,,sl_hit,,,-0.011,,,,binance,1.0,backfilled from tiered_trades.csv; signal-TF rsi=21.106173599661872; atr_rank=1.0; dist_ema200=-19.152295191867147
ttr-20210520130000-00682,backtest_tiered_raw_all_tf,binance,BTCUSDT,1h,2021-05-20T13:00:00Z,,short,T4d_H1_fail_brk_short,,4,,0,,,,,,,,,,,,,,,,1.1304826499959193,,,,,83.2963023846517,-8.920727914122269,3.16518897919862,,,,bull,bull,,,,,,,sl_hit,,,-0.011,,,,binance,1.0,backfilled from tiered_trades.csv; signal-TF rsi=83.2963023846517; atr_rank=0.7; dist_ema200=-8.920727914122269
ttr-20210521210000-00683,backtest_tiered_raw_all_tf,binance,BTCUSDT,1h,2021-05-21T21:00:00Z,,long,T4c_H1_sweep_lo_long,,4,,0,,,,,,,,,,,,,,,,2.122149482622899,,,,,35.452831909524804,-16.989996433550605,-7.346534265232648,,,,bull,bull,,,,,,,sl_hit,,,-0.011,,,,binance,1.0,backfilled from tiered_trades.csv; signal-TF rsi=35.452831909524804; atr_rank=0.81; dist_ema200=-16.989996433550605
ttr-20210523130000-00684,backtest_tiered_raw_all_tf,binance,BTCUSDT,1h,2021-05-23T13:00:00Z,,long,T4c_H1_sweep_lo_long,,4,,0,,,,,,,,,,,,,,,,2.5466242593471407,,,,,25.156330742610123,-19.33444741730128,-9.53901144228798,,,,bull,bull,,,,,,,sl_hit,,,-0.0110000000000001,,,,binance,1.0,backfilled from tiered_trades.csv; signal-TF rsi=25.156330742610123; atr_rank=0.61; dist_ema200=-19.33444741730128
ttr-20210524080000-00685,backtest_tiered_raw_all_tf,binance,BTCUSDT,1h,2021-05-24T08:00:00Z,,short,T4d_H1_fail_brk_short,,4,,0,,,,,,,,,,,,,,,,0.8879362949123878,,,,,87.39641010262064,-9.486629994391404,2.1207647445865896,,,,bull,bull,,,,,,,tp_hit,,,0.019,,,,binance,1.0,backfilled from tiered_trades.csv; signal-TF rsi=87.39641010262064; atr_rank=0.15; dist_ema200=-9.486629994391404
ttr-20210525120000-00686,backtest_tiered_raw_all_tf,binance,BTCUSDT,1h,2021-05-25T12:00:00Z,,long,T4c_H1_sweep_lo_long,,4,,0,,,,,,,,,,,,,,,,1.0044278261983908,,,,,39.46830857918589,-6.883925321017494,-0.5578759685232899,,,,bull,bull,,,,,,,tp_hit,,,0.0189999999999999,,,,binance,1.0,backfilled from tiered_trades.csv; signal-TF rsi=39.46830857918589; atr_rank=0.07; dist_ema200=-6.883925321017494
ttr-20210526030000-00687,backtest_tiered_raw_all_tf,binance,BTCUSDT,1h,2021-05-26T03:00:00Z,,short,T4d_H1_fail_brk_short,,4,,0,,,,,,,,,,,,,,,,0.754077042846965,,,,,70.69409053037445,-0.30832616044554,4.702451346409891,,,,bull,bull,,,,,,,sl_hit,,,-0.0109999999999999,,,,binance,1.0,backfilled from tiered_trades.csv; signal-TF rsi=70.69409053037445; atr_rank=0.01; dist_ema200=-0.30832616044554
ttr-20210526080000-00688,backtest_tiered_raw_all_tf,binance,BTCUSDT,4h,2021-05-26T08:00:00Z,,short,T3a_H4_sweep_hi_short_loose,,3,,0,,,,,,,,,,,,,,,,0.6598490324060335,,,,,64.95305954980344,-16.74312352613082,0.3408935392844809,,,,bull,bull,,,,,,,tp_hit,,,0.029,,,,binance,1.0,backfilled from tiered_trades.csv; signal-TF rsi=64.95305954980344; atr_rank=0.49; dist_ema200=-16.74312352613082
ttr-20210527020000-00689,backtest_tiered_raw_all_tf,binance,BTCUSDT,1h,2021-05-27T02:00:00Z,,long,T4c_H1_sweep_lo_long,,4,,0,,,,,,,,,,,,,,,,0.8495012251788285,,,,,30.006973524891407,-4.325120813715992,-1.783972298792279,,,,bull,bull,,,,,,,sl_hit,,,-0.0109999999999999,,,,binance,1.0,backfilled from tiered_trades.csv; signal-TF rsi=30.006973524891407; atr_rank=0.26; dist_ema200=-4.325120813715992
ttr-20210527120000-00690,backtest_tiered_raw_all_tf,binance,BTCUSDT,1h,2021-05-27T12:00:00Z,,short,T4d_H1_fail_brk_short,,4,,0,,,,,,,,,,,,,,,,1.221010331035622,,,,,53.69676572904458,-0.315958102462829,1.9360308714815355,,,,bull,bull,,,,,,,sl_hit,,,-0.011,,,,binance,1.0,backfilled from tiered_trades.csv; signal-TF rsi=53.69676572904458; atr_rank=0.13; dist_ema200=-0.315958102462829
ttr-20210528060000-00691,backtest_tiered_raw_all_tf,binance,BTCUSDT,1h,2021-05-28T06:00:00Z,,long,T4c_H1_sweep_lo_long,,4,,0,,,,,,,,,,,,,,,,1.6919637697016572,,,,,26.980948928726903,-5.988095014163688,-3.989316361863223,,,,bull,bull,,,,,,,sl_hit,,,-0.0109999999999999,,,,binance,1.0,backfilled from tiered_trades.csv; signal-TF rsi=26.980948928726903; atr_rank=0.19; dist_ema200=-5.988095014163688
ttr-20210529150000-00692,backtest_tiered_raw_all_tf,binance,BTCUSDT,1h,2021-05-29T15:00:00Z,,long,T4c_H1_sweep_lo_long,,4,,0,,,,,,,,,,,,,,,,1.9582640989022189,,,,,30.55275223890085,-10.160001461033866,-5.542311602404721,,,,bull,bull,,,,,,,sl_hit,,,-0.011,,,,binance,1.0,backfilled from tiered_trades.csv; signal-TF rsi=30.55275223890085; atr_rank=0.94; dist_ema200=-10.160001461033866
ttr-20210530080000-00693,backtest_tiered_raw_all_tf,binance,BTCUSDT,1h,2021-05-30T08:00:00Z,,short,T4d_H1_fail_brk_short,,4,,0,,,,,,,,,,,,,,,,0.7070208654144802,,,,,68.80582327709985,-5.4958888738762335,0.1590558327932056,,,,bull,bull,,,,,,,sl_hit,,,-0.011,,,,binance,1.0,backfilled from tiered_trades.csv; signal-TF rsi=68.80582327709985; atr_rank=0.49; dist_ema200=-5.4958888738762335
ttr-20210531040000-00694,backtest_tiered_raw_all_tf,binance,BTCUSDT,1h,2021-05-31T04:00:00Z,,long,T4c_H1_sweep_lo_long,,4,,0,,,,,,,,,,,,,,,,0.9518241823152872,,,,,31.91094695803844,-7.697014956194582,-2.9863023141638947,,,,bull,bull,,,,,,,tp_hit,,,0.019,,,,binance,1.0,backfilled from tiered_trades.csv; signal-TF rsi=31.91094695803844; atr_rank=0.02; dist_ema200=-7.697014956194582
ttr-20210531110000-00695,backtest_tiered_raw_all_tf,binance,BTCUSDT,1h,2021-05-31T11:00:00Z,,short,T4d_H1_fail_brk_short,,4,,0,,,,,,,,,,,,,,,,1.4610017494326262,,,,,60.2833867772731,-1.0897215066892676,3.3953495957978626,,,,bull,bull,,,,,,,sl_hit,,,-0.011,,,,binance,1.0,backfilled from tiered_trades.csv; signal-TF rsi=60.2833867772731; atr_rank=0.19; dist_ema200=-1.0897215066892676
ttr-20210531160000-00696,backtest_tiered_raw_all_tf,binance,BTCUSDT,4h,2021-05-31T16:00:00Z,,short,T3a_H4_sweep_hi_short_loose,,3,,0,,,,,,,,,,,,,,,,0.8361199025673232,,,,,57.98324915725605,-17.676573000721575,-1.1445019305514426,,,,bull,bull,,,,,,,sl_hit,,,-0.0159999999999998,,,,binance,1.0,backfilled from tiered_trades.csv; signal-TF rsi=57.98324915725605; atr_rank=0.09; dist_ema200=-17.676573000721575
ttr-20210603080000-00697,backtest_tiered_raw_all_tf,binance,BTCUSDT,4h,2021-06-03T08:00:00Z,,short,T4b_H4_sstar_short,,4,,0,,,,,,,,,,,,,,,,1.2025869815092798,,,,,69.92493466322306,-11.188605265777223,3.9208995516906575,,,,bull,bull,,,,,,,sl_hit,,,-0.0159999999999999,,,,binance,1.0,backfilled from tiered_trades.csv; signal-TF rsi=69.92493466322306; atr_rank=0.01; dist_ema200=-11.188605265777223
ttr-20210603080000-00698,backtest_tiered_raw_all_tf,binance,BTCUSDT,4h,2021-06-03T08:00:00Z,,short,T3a_H4_sweep_hi_short_loose,,3,,0,,,,,,,,,,,,,,,,1.2025869815092798,,,,,69.92493466322306,-11.188605265777223,3.9208995516906575,,,,bull,bull,,,,,,,sl_hit,,,-0.0159999999999999,,,,binance,1.0,backfilled from tiered_trades.csv; signal-TF rsi=69.92493466322306; atr_rank=0.01; dist_ema200=-11.188605265777223
ttr-20210604020000-00699,backtest_tiered_raw_all_tf,binance,BTCUSDT,1h,2021-06-04T02:00:00Z,,long,T4c_H1_sweep_lo_long,,4,,0,,,,,,,,,,,,,,,,1.2447705087924454,,,,,33.184951927172165,0.8722583605171187,-0.6529342436917451,,,,bull,bull,,,,,,,sl_hit,,,-0.0109999999999999,,,,binance,1.0,backfilled from tiered_trades.csv; signal-TF rsi=33.184951927172165; atr_rank=0.47; dist_ema200=0.8722583605171187
ttr-20210605120000-00700,backtest_tiered_raw_all_tf,binance,BTCUSDT,1h,2021-06-05T12:00:00Z,,long,T4c_H1_sweep_lo_long,,4,,0,,,,,,,,,,,,,,,,2.4862219050519467,,,,,37.94477800777006,-3.5327202103202304,-3.40919780592306,,,,bull,bull,,,,,,,sl_hit,,,-0.0109999999999999,,,,binance,1.0,backfilled from tiered_trades.csv; signal-TF rsi=37.94477800777006; atr_rank=0.87; dist_ema200=-3.5327202103202304
ttr-20210607020000-00701,backtest_tiered_raw_all_tf,binance,BTCUSDT,1h,2021-06-07T02:00:00Z,,short,T4d_H1_fail_brk_short,,4,,0,,,,,,,,,,,,,,,,0.9483006234242392,,,,,62.457175884816536,-0.6921678674410789,0.990429378814359,,,,bull,bull,,,,,,,tp_hit,,,0.019,,,,binance,1.0,backfilled from tiered_trades.csv; signal-TF rsi=62.457175884816536; atr_rank=0.36; dist_ema200=-0.6921678674410789
ttr-20210607190000-00702,backtest_tiered_raw_all_tf,binance,BTCUSDT,1h,2021-06-07T19:00:00Z,,long,T4c_H1_sweep_lo_long,,4,,0,,,,,,,,,,,,,,,,1.0115993575229103,,,,,35.99202563433411,-3.09827606047518,-1.512692679886815,,,,bull,bull,,,,,,,sl_hit,,,-0.0109999999999999,,,,binance,1.0,backfilled from tiered_trades.csv; signal-TF rsi=35.99202563433411; atr_rank=0.05; dist_ema200=-3.09827606047518
ttr-20210608070000-00703,backtest_tiered_raw_all_tf,binance,BTCUSDT,1h,2021-06-08T07:00:00Z,,long,T4c_H1_sweep_lo_long,,4,,0,,,,,,,,,,,,,,,,1.463626169815924,,,,,20.502598541394704,-9.401167870547066,-6.034784502481912,,,,bull,bull,,,,,,,sl_hit,,,-0.011,,,,binance,1.0,backfilled from tiered_trades.csv; signal-TF rsi=20.502598541394704; atr_rank=1.0; dist_ema200=-9.401167870547066
ttr-20210609000000-00704,backtest_tiered_raw_all_tf,binance,BTCUSDT,1d,2021-06-09T00:00:00Z,,long,T3c_D_bull_engulf_long,,3,,0,,,,,,,,,,,,,,,,1.2429926171912449,,,,,45.55200563551141,-8.997443032853694,-14.26437979981842,,,40.585571619159616,bull,bull,,1.3417047326344809,,,,,sl_hit,,,-0.0410000000000001,,,,binance,1.0,backfilled from tiered_trades.csv; signal-TF rsi=45.55200563551141; atr_rank=0.69; dist_ema200=-8.997443032853694
ttr-20210609070000-00705,backtest_tiered_raw_all_tf,binance,BTCUSDT,1h,2021-06-09T07:00:00Z,,short,T4d_H1_fail_brk_short,,4,,0,,,,,,,,,,,,,,,,1.3425146592374897,,,,,73.57600348590412,-4.162756921639391,1.0581778706422675,,,,bull,bull,,,,,,,sl_hit,,,-0.011,,,,binance,1.0,backfilled from tiered_trades.csv; signal-TF rsi=73.57600348590412; atr_rank=0.73; dist_ema200=-4.162756921639391
ttr-20210610000000-00706,backtest_tiered_raw_all_tf,binance,BTCUSDT,4h,2021-06-10T00:00:00Z,,short,T3a_H4_sweep_hi_short_loose,,3,,0,,,,,,,,,,,,,,,,0.835971170575788,,,,,55.60825696847819,-9.93220690227676,3.2978561977937524,,,,bull,bull,,,,,,,sl_hit,,,-0.0159999999999999,,,,binance,1.0,backfilled from tiered_trades.csv; signal-TF rsi=55.60825696847819; atr_rank=0.65; dist_ema200=-9.93220690227676
ttr-20210612100000-00707,backtest_tiered_raw_all_tf,binance,BTCUSDT,1h,2021-06-12T10:00:00Z,,long,T4c_H1_sweep_lo_long,,4,,0,,,,,,,,,,,,,,,,2.221308752990629,,,,,30.46986563891853,-1.2346572806137377,-1.7092535234962951,,,,bull,bull,,,,,,,sl_hit,,,-0.011,,,,binance,1.0,backfilled from tiered_trades.csv; signal-TF rsi=30.46986563891853; atr_rank=0.38; dist_ema200=-1.2346572806137377
ttr-20210614000000-00708,backtest_tiered_raw_all_tf,binance,BTCUSDT,4h,2021-06-14T00:00:00Z,,short,T3a_H4_sweep_hi_short_loose,,3,,0,,,,,,,,,,,,,,,,1.3318910058437785,,,,,60.731284808672605,-2.780519830335313,7.383453412529953,,,,bull,bull,,,,,,,sl_hit,,,-0.0159999999999999,,,,binance,1.0,backfilled from tiered_trades.csv; signal-TF rsi=60.731284808672605; atr_rank=0.25; dist_ema200=-2.780519830335313
ttr-20210614000000-00709,backtest_tiered_raw_all_tf,binance,BTCUSDT,4h,2021-06-14T00:00:00Z,,short,T4b_H4_sstar_short,,4,,0,,,,,,,,,,,,,,,,1.3318910058437785,,,,,60.731284808672605,-2.780519830335313,7.383453412529953,,,,bull,bull,,,,,,,sl_hit,,,-0.0159999999999999,,,,binance,1.0,backfilled from tiered_trades.csv; signal-TF rsi=60.731284808672605; atr_rank=0.25; dist_ema200=-2.780519830335313
ttr-20210615160000-00710,backtest_tiered_raw_all_tf,binance,BTCUSDT,4h,2021-06-15T16:00:00Z,,short,T1d_H4_sweep_hi_short_strict,,1,,0,,,,,,,,,,,,,,,,1.524467397247297,,,,,74.05049323331822,-0.314916247578528,6.468741388564073,,58.02918841900174,30.16169203856323,bear,bull,-0.01892544673398619,1.1125504841487837,,,,,tp_hit,,,0.0689999999999999,,,,binance,1.0,backfilled from tiered_trades.csv; signal-TF rsi=74.05049323331822; atr_rank=0.39; dist_ema200=-0.314916247578528
ttr-20210615160000-00711,backtest_tiered_raw_all_tf,binance,BTCUSDT,4h,2021-06-15T16:00:00Z,,short,T4b_H4_sstar_short,,4,,0,,,,,,,,,,,,,,,,1.524467397247297,,,,,74.05049323331822,-0.314916247578528,6.468741388564073,,,,bull,bull,,,,,,,tp_hit,,,0.0289999999999999,,,,binance,1.0,backfilled from tiered_trades.csv; signal-TF rsi=74.05049323331822; atr_rank=0.39; dist_ema200=-0.314916247578528
ttr-20210617180000-00712,backtest_tiered_raw_all_tf,binance,BTCUSDT,1h,2021-06-17T18:00:00Z,,long,T4c_H1_sweep_lo_long,,4,,0,,,,,,,,,,,,,,,,1.3839787331363853,,,,,34.51100147392394,-0.9941111177351571,-3.2949216821819443,,,,bull,bull,,,,,,,sl_hit,,,-0.0109999999999999,,,,binance,1.0,backfilled from tiered_trades.csv; signal-TF rsi=34.51100147392394; atr_rank=0.4; dist_ema200=-0.9941111177351571
ttr-20210620120000-00713,backtest_tiered_raw_all_tf,binance,BTCUSDT,1h,2021-06-20T12:00:00Z,,long,T4c_H1_sweep_lo_long,,4,,0,,,,,,,,,,,,,,,,2.801302146987706,,,,,23.169787044087784,-8.628538396607276,-5.453482825934412,,,,bull,bull,,,,,,,tp_hit,,,0.0190000000000001,,,,binance,1.0,backfilled from tiered_trades.csv; signal-TF rsi=23.169787044087784; atr_rank=0.75; dist_ema200=-8.628538396607276
ttr-20210621090000-00714,backtest_tiered_raw_all_tf,binance,BTCUSDT,1h,2021-06-21T09:00:00Z,,long,T4c_H1_sweep_lo_long,,4,,0,,,,,,,,,,,,,,,,2.7323726333420058,,,,,24.776521015433403,-9.482463202693324,-5.432631821098863,,,,bull,bull,,,,,,,sl_hit,,,-0.011,,,,binance,1.0,backfilled from tiered_trades.csv; signal-TF rsi=24.776521015433403; atr_rank=1.0; dist_ema200=-9.482463202693324
ttr-20210623020000-00715,backtest_tiered_raw_all_tf,binance,BTCUSDT,1h,2021-06-23T02:00:00Z,,short,T4d_H1_fail_brk_short,,4,,0,,,,,,,,,,,,,,,,0.5062205467820795,,,,,75.24513437114513,-3.892978417083849,2.787061081626948,,,,bull,bull,,,,,,,sl_hit,,,-0.011,,,,binance,1.0,backfilled from tiered_trades.csv; signal-TF rsi=75.24513437114513; atr_rank=0.92; dist_ema200=-3.892978417083849
ttr-20210624130000-00716,backtest_tiered_raw_all_tf,binance,BTCUSDT,1h,2021-06-24T13:00:00Z,,short,T4d_H1_fail_brk_short,,4,,0,,,,,,,,,,,,,,,,0.794174032895225,,,,,55.46655570581503,-1.79462593386142,2.3010608242021107,,,,bull,bull,,,,,,,sl_hit,,,-0.011,,,,binance,1.0,backfilled from tiered_trades.csv; signal-TF rsi=55.46655570581503; atr_rank=0.15; dist_ema200=-1.79462593386142
ttr-20210625130000-00717,backtest_tiered_raw_all_tf,binance,BTCUSDT,1h,2021-06-25T13:00:00Z,,long,T4c_H1_sweep_lo_long,,4,,0,,,,,,,,,,,,,,,,1.496675725311413,,,,,20.678919493748666,-4.686962929190015,-2.669225466113826,,,,bull,bull,,,,,,,sl_hit,,,-0.011,,,,binance,1.0,backfilled from tiered_trades.csv; signal-TF rsi=20.678919493748666; atr_rank=0.33; dist_ema200=-4.686962929190015
ttr-20210627030000-00718,backtest_tiered_raw_all_tf,binance,BTCUSDT,1h,2021-06-27T03:00:00Z,,short,T4d_H1_fail_brk_short,,4,,0,,,,,,,,,,,,,,,,0.6805429380706888,,,,,81.94832688741434,-1.7142809456301076,2.6339765137036646,,,,bull,bull,,,,,,,sl_hit,,,-0.011,,,,binance,1.0,backfilled from tiered_trades.csv; signal-TF rsi=81.94832688741434; atr_rank=0.48; dist_ema200=-1.7142809456301076
ttr-20210629040000-00719,backtest_tiered_raw_all_tf,binance,BTCUSDT,4h,2021-06-29T04:00:00Z,,short,T3a_H4_sweep_hi_short_loose,,3,,0,,,,,,,,,,,,,,,,0.8934155153408184,,,,,68.3128811584934,-5.601639113621416,2.6917790235259638,,,,bull,bull,,,,,,,sl_hit,,,-0.0159999999999999,,,,binance,1.0,backfilled from tiered_trades.csv; signal-TF rsi=68.3128811584934; atr_rank=0.49; dist_ema200=-5.601639113621416
ttr-20210629040000-00720,backtest_tiered_raw_all_tf,binance,BTCUSDT,4h,2021-06-29T04:00:00Z,,short,T4b_H4_sstar_short,,4,,0,,,,,,,,,,,,,,,,0.8934155153408184,,,,,68.3128811584934,-5.601639113621416,2.6917790235259638,,,,bull,bull,,,,,,,sl_hit,,,-0.0159999999999999,,,,binance,1.0,backfilled from tiered_trades.csv; signal-TF rsi=68.3128811584934; atr_rank=0.49; dist_ema200=-5.601639113621416
ttr-20210630090000-00721,backtest_tiered_raw_all_tf,binance,BTCUSDT,1h,2021-06-30T09:00:00Z,,long,T4c_H1_sweep_lo_long,,4,,0,,,,,,,,,,,,,,,,1.2474483653665875,,,,,20.75296965320331,1.020656320618064,-1.1711352669825503,,,,bull,bull,,,,,,,sl_hit,,,-0.0109999999999999,,,,binance,1.0,backfilled from tiered_trades.csv; signal-TF rsi=20.75296965320331; atr_rank=0.13; dist_ema200=1.020656320618064
ttr-20210701080000-00722,backtest_tiered_raw_all_tf,binance,BTCUSDT,1h,2021-07-01T08:00:00Z,,long,T4c_H1_sweep_lo_long,,4,,0,,,,,,,,,,,,,,,,1.1255788512502904,,,,,30.0148151666928,-2.4460316947481355,-3.369734709876509,,,,bull,bull,,,,,,,sl_hit,,,-0.0109999999999999,,,,binance,1.0,backfilled from tiered_trades.csv; signal-TF rsi=30.0148151666928; atr_rank=0.25; dist_ema200=-2.4460316947481355
ttr-20210704200000-00723,backtest_tiered_raw_all_tf,binance,BTCUSDT,4h,2021-07-04T20:00:00Z,,short,T3a_H4_sweep_hi_short_loose,,3,,0,,,,,,,,,,,,,,,,1.04507986622855,,,,,70.68813963709412,-2.58390134763414,2.6363304505151017,,,,bull,bull,,,,,,,tp_hit,,,0.029,,,,binance,1.0,backfilled from tiered_trades.csv; signal-TF rsi=70.68813963709412; atr_rank=0.02; dist_ema200=-2.58390134763414
ttr-20210705170000-00724,backtest_tiered_raw_all_tf,binance,BTCUSDT,1h,2021-07-05T17:00:00Z,,long,T4c_H1_sweep_lo_long,,4,,0,,,,,,,,,,,,,,,,1.23969349735155,,,,,35.355698204150684,-1.7475151747400597,-2.1467814517205124,,,,bull,bull,,,,,,,tp_hit,,,0.019,,,,binance,1.0,backfilled from tiered_trades.csv; signal-TF rsi=35.355698204150684; atr_rank=0.62; dist_ema200=-1.7475151747400597
ttr-20210706090000-00725,backtest_tiered_raw_all_tf,binance,BTCUSDT,1h,2021-07-06T09:00:00Z,,short,T4d_H1_fail_brk_short,,4,,0,,,,,,,,,,,,,,,,2.3657500002631573,,,,,51.10827823300076,-0.2422420919430623,-0.4547094601649446,,,,bull,bull,,,,,,,sl_hit,,,-0.0109999999999999,,,,binance,1.0,backfilled from tiered_trades.csv; signal-TF rsi=51.10827823300076; atr_rank=0.85; dist_ema200=-0.2422420919430623
ttr-20210708030000-00726,backtest_tiered_raw_all_tf,binance,BTCUSDT,1h,2021-07-08T03:00:00Z,,long,T4c_H1_sweep_lo_long,,4,,0,,,,,,,,,,,,,,,,1.1695889308562937,,,,,14.975908260887904,-2.8323073148438604,-2.744973959405617,,,,bull,bull,,,,,,,sl_hit,,,-0.0110000000000001,,,,binance,1.0,backfilled from tiered_trades.csv; signal-TF rsi=14.975908260887904; atr_rank=0.33; dist_ema200=-2.8323073148438604
ttr-20210709150000-00727,backtest_tiered_raw_all_tf,binance,BTCUSDT,1h,2021-07-09T15:00:00Z,,short,T4d_H1_fail_brk_short,,4,,0,,,,,,,,,,,,,,,,0.9832241444365376,,,,,75.85867981817196,-0.87104795651965,0.9652746225100448,,,,bull,bull,,,,,,,sl_hit,,,-0.011,,,,binance,1.0,backfilled from tiered_trades.csv; signal-TF rsi=75.85867981817196; atr_rank=0.12; dist_ema200=-0.87104795651965
ttr-20210710200000-00728,backtest_tiered_raw_all_tf,binance,BTCUSDT,1h,2021-07-10T20:00:00Z,,long,T4c_H1_sweep_lo_long,,4,,0,,,,,,,,,,,,,,,,1.401611125832446,,,,,35.93145606925775,-1.4423916441324762,-0.6504497951994943,,,,bull,bull,,,,,,,tp_hit,,,0.019,,,,binance,1.0,backfilled from tiered_trades.csv; signal-TF rsi=35.93145606925775; atr_rank=0.27; dist_ema200=-1.4423916441324762
ttr-20210712040000-00729,backtest_tiered_raw_all_tf,binance,BTCUSDT,4h,2021-07-12T04:00:00Z,,short,T3a_H4_sweep_hi_short_loose,,3,,0,,,,,,,,,,,,,,,,1.0500678483192392,,,,,61.53777579674615,-3.010461384302726,1.2585510383131084,,,,bull,bull,,,,,,,tp_hit,,,0.0289999999999999,,,,binance,1.0,backfilled from tiered_trades.csv; signal-TF rsi=61.53777579674615; atr_rank=0.01; dist_ema200=-3.010461384302726
ttr-20210712120000-00730,backtest_tiered_raw_all_tf,binance,BTCUSDT,1h,2021-07-12T12:00:00Z,,long,T4c_H1_sweep_lo_long,,4,,0,,,,,,,,,,,,,,,,1.364439154271281,,,,,24.92170729779208,-0.8269852995561815,-0.9440314829182288,,,,bull,bull,,,,,,,sl_hit,,,-0.011,,,,binance,1.0,backfilled from tiered_trades.csv; signal-TF rsi=24.92170729779208; atr_rank=0.33; dist_ema200=-0.8269852995561815
ttr-20210715130000-00731,backtest_tiered_raw_all_tf,binance,BTCUSDT,1h,2021-07-15T13:00:00Z,,long,T4c_H1_sweep_lo_long,,4,,0,,,,,,,,,,,,,,,,2.125838860222957,,,,,22.44002535784614,-4.15945278707892,-2.2859235418993973,,,,bull,bull,,,,,,,sl_hit,,,-0.0109999999999999,,,,binance,1.0,backfilled from tiered_trades.csv; signal-TF rsi=22.44002535784614; atr_rank=0.9; dist_ema200=-4.15945278707892
ttr-20210716160000-00732,backtest_tiered_raw_all_tf,binance,BTCUSDT,1h,2021-07-16T16:00:00Z,,short,T4d_H1_fail_brk_short,,4,,0,,,,,,,,,,,,,,,,1.53198580032558,,,,,53.54466529083813,-2.3900586708804856,0.212800994540266,,,,bull,bull,,,,,,,tp_hit,,,0.019,,,,binance,1.0,backfilled from tiered_trades.csv; signal-TF rsi=53.54466529083813; atr_rank=0.56; dist_ema200=-2.3900586708804856
ttr-20210718020000-00733,backtest_tiered_raw_all_tf,binance,BTCUSDT,1h,2021-07-18T02:00:00Z,,short,T4d_H1_fail_brk_short,,4,,0,,,,,,,,,,,,,,,,0.886698392045039,,,,,73.11843573206227,-0.9482960239050976,1.3467572044827538,,,,bull,bull,,,,,,,tp_hit,,,0.0189999999999999,,,,binance,1.0,backfilled from tiered_trades.csv; signal-TF rsi=73.11843573206227; atr_rank=0.07; dist_ema200=-0.9482960239050976
ttr-20210719140000-00734,backtest_tiered_raw_all_tf,binance,BTCUSDT,1h,2021-07-19T14:00:00Z,,long,T4c_H1_sweep_lo_long,,4,,0,,,,,,,,,,,,,,,,2.274263970100766,,,,,29.184551633390345,-4.359011094694906,-2.3129238639494334,,,,bull,bull,,,,,,,sl_hit,,,-0.011,,,,binance,1.0,backfilled from tiered_trades.csv; signal-TF rsi=29.184551633390345; atr_rank=0.71; dist_ema200=-4.359011094694906
ttr-20210720100000-00735,backtest_tiered_raw_all_tf,binance,BTCUSDT,1h,2021-07-20T10:00:00Z,,long,T4c_H1_sweep_lo_long,,4,,0,,,,,,,,,,,,,,,,1.297736133136384,,,,,26.98872172496245,-6.843743482421012,-3.5935993649849105,,,,bull,bull,,,,,,,sl_hit,,,-0.011,,,,binance,1.0,backfilled from tiered_trades.csv; signal-TF rsi=26.98872172496245; atr_rank=1.0; dist_ema200=-6.843743482421012
ttr-20210721000000-00736,backtest_tiered_raw_all_tf,binance,BTCUSDT,1d,2021-07-21T00:00:00Z,,long,T3c_D_bull_engulf_long,,3,,0,,,,,,,,,,,,,,,,1.65589509748516,,,,,42.03944105855905,-16.89734756180918,-9.054419475654615,,,31.530476728958615,bull,bull,,0.9987489538931452,,,,,tp_hit,,,0.0790000000000001,,,,binance,1.0,backfilled from tiered_trades.csv; signal-TF rsi=42.03944105855905; atr_rank=0.14; dist_ema200=-16.89734756180918
ttr-20210721050000-00737,backtest_tiered_raw_all_tf,binance,BTCUSDT,1h,2021-07-21T05:00:00Z,,short,T4d_H1_fail_brk_short,,4,,0,,,,,,,,,,,,,,,,1.443808351918794,,,,,68.07128053360844,-2.621290293602549,1.279107420484788,,,,bull,bull,,,,,,,sl_hit,,,-0.011,,,,binance,1.0,backfilled from tiered_trades.csv; signal-TF rsi=68.07128053360844; atr_rank=0.86; dist_ema200=-2.621290293602549
ttr-20210723040000-00738,backtest_tiered_raw_all_tf,binance,BTCUSDT,4h,2021-07-23T04:00:00Z,,short,T3a_H4_sweep_hi_short_loose,,3,,0,,,,,,,,,,,,,,,,0.7114221563400487,,,,,78.03159466458449,-3.262690335748728,2.356600327470419,,,,bull,bull,,,,,,,sl_hit,,,-0.0159999999999998,,,,binance,1.0,backfilled from tiered_trades.csv; signal-TF rsi=78.03159466458449; atr_rank=0.8; dist_ema200=-3.262690335748728
ttr-20210723040000-00739,backtest_tiered_raw_all_tf,binance,BTCUSDT,4h,2021-07-23T04:00:00Z,,short,T4b_H4_sstar_short,,4,,0,,,,,,,,,,,,,,,,0.7114221563400487,,,,,78.03159466458449,-3.262690335748728,2.356600327470419,,,,bull,bull,,,,,,,sl_hit,,,-0.0159999999999998,,,,binance,1.0,backfilled from tiered_trades.csv; signal-TF rsi=78.03159466458449; atr_rank=0.8; dist_ema200=-3.262690335748728
ttr-20210723160000-00740,backtest_tiered_raw_all_tf,binance,BTCUSDT,1h,2021-07-23T16:00:00Z,,long,T4c_H1_sweep_lo_long,,4,,0,,,,,,,,,,,,,,,,1.761861459657102,,,,,30.20016659081349,1.2303822433911888,0.3086040332791028,,,,bull,bull,,,,,,,tp_hit,,,0.0190000000000001,,,,binance,1.0,backfilled from tiered_trades.csv; signal-TF rsi=30.20016659081349; atr_rank=0.02; dist_ema200=1.2303822433911888
ttr-20210726000000-00741,backtest_tiered_raw_all_tf,binance,BTCUSDT,1w,2021-07-26T00:00:00Z,,long,T1b_W_rsi_os_long,,1,,0,,,,,,,,,,,,,,,,1.0012886363780862,,,,,41.39900955504969,122.32796937435468,16.966603209376526,,,,bull,bull,,,,,,,tp_hit,,,0.2489999999999999,,,,binance,1.0,backfilled from tiered_trades.csv; signal-TF rsi=41.39900955504969; atr_rank=0.81; dist_ema200=122.32796937435468
ttr-20210727030000-00742,backtest_tiered_raw_all_tf,binance,BTCUSDT,1h,2021-07-27T03:00:00Z,,long,T3b_H1_fail_brkdn_long,,3,,0,,,,,,,,,,,,,,,,0.6352401832667828,,,,,38.07603622470014,8.17759367709716,0.3613692032097588,,,,bull,bull,,,,,,,tp_hit,,,0.0239999999999999,,,,binance,1.0,backfilled from tiered_trades.csv; signal-TF rsi=38.07603622470014; atr_rank=0.98; dist_ema200=8.17759367709716
ttr-20210727030000-00743,backtest_tiered_raw_all_tf,binance,BTCUSDT,1h,2021-07-27T03:00:00Z,,long,T4c_H1_sweep_lo_long,,4,,0,,,,,,,,,,,,,,,,0.6352401832667828,,,,,38.07603622470014,8.17759367709716,0.3613692032097588,,,,bull,bull,,,,,,,tp_hit,,,0.0189999999999999,,,,binance,1.0,backfilled from tiered_trades.csv; signal-TF rsi=38.07603622470014; atr_rank=0.98; dist_ema200=8.17759367709716
ttr-20210730090000-00744,backtest_tiered_raw_all_tf,binance,BTCUSDT,1h,2021-07-30T09:00:00Z,,long,T4c_H1_sweep_lo_long,,4,,0,,,,,,,,,,,,,,,,2.355935682467796,,,,,34.226379026853664,4.952172530195959,-1.8341540141491717,,,,bull,bull,,,,,,,tp_hit,,,0.019,,,,binance,1.0,backfilled from tiered_trades.csv; signal-TF rsi=34.226379026853664; atr_rank=0.12; dist_ema200=4.952172530195959
ttr-20210801160000-00745,backtest_tiered_raw_all_tf,binance,BTCUSDT,1h,2021-08-01T16:00:00Z,,long,T4c_H1_sweep_lo_long,,4,,0,,,,,,,,,,,,,,,,2.401750574934161,,,,,38.52991041005269,6.395415089023556,0.043367737476214,,,,bull,bull,,,,,,,sl_hit,,,-0.011,,,,binance,1.0,backfilled from tiered_trades.csv; signal-TF rsi=38.52991041005269; atr_rank=0.14; dist_ema200=6.395415089023556
ttr-20210802200000-00746,backtest_tiered_raw_all_tf,binance,BTCUSDT,4h,2021-08-02T20:00:00Z,,long,T4a_H4_hammer_long,,4,,0,,,,,,,,,,,,,,,,0.8823908278326872,,,,,28.72191348846984,8.661587675240279,0.1541621735272789,,,,bull,bull,,,,,,,sl_hit,,,-0.016,,,,binance,1.0,backfilled from tiered_trades.csv; signal-TF rsi=28.72191348846984; atr_rank=0.68; dist_ema200=8.661587675240279
ttr-20210803050000-00747,backtest_tiered_raw_all_tf,binance,BTCUSDT,1h,2021-08-03T05:00:00Z,,long,T4c_H1_sweep_lo_long,,4,,0,,,,,,,,,,,,,,,,1.6315001807453662,,,,,28.006684723102524,-1.9981604850256125,-3.966631323441165,,,,bull,bull,,,,,,,sl_hit,,,-0.0109999999999999,,,,binance,1.0,backfilled from tiered_trades.csv; signal-TF rsi=28.006684723102524; atr_rank=0.75; dist_ema200=-1.9981604850256125
ttr-20210805120000-00748,backtest_tiered_raw_all_tf,binance,BTCUSDT,1h,2021-08-05T12:00:00Z,,long,T4c_H1_sweep_lo_long,,4,,0,,,,,,,,,,,,,,,,2.8587276378800213,,,,,6.101739244147751,-2.179096404988084,-2.2027245227351804,,,,bull,bull,,,,,,,tp_hit,,,0.019,,,,binance,1.0,backfilled from tiered_trades.csv; signal-TF rsi=6.101739244147751; atr_rank=0.49; dist_ema200=-2.179096404988084
ttr-20210808190000-00749,backtest_tiered_raw_all_tf,binance,BTCUSDT,1h,2021-08-08T19:00:00Z,,long,T4c_H1_sweep_lo_long,,4,,0,,,,,,,,,,,,,,,,0.8760914986505608,,,,,36.01931717422603,6.355529368607553,0.5417525185158177,,,,bull,bull,,,,,,,sl_hit,,,-0.0109999999999999,,,,binance,1.0,backfilled from tiered_trades.csv; signal-TF rsi=36.01931717422603; atr_rank=0.77; dist_ema200=6.355529368607553
ttr-20210810170000-00750,backtest_tiered_raw_all_tf,binance,BTCUSDT,1h,2021-08-10T17:00:00Z,,long,T3b_H1_fail_brkdn_long,,3,,0,,,,,,,,,,,,,,,,0.6992444464424089,,,,,41.75961313470082,5.835422238796721,0.0544368108993745,,,,bull,bull,,,,,,,tp_hit,,,0.0239999999999999,,,,binance,1.0,backfilled from tiered_trades.csv; signal-TF rsi=41.75961313470082; atr_rank=0.11; dist_ema200=5.835422238796721
ttr-20210814110000-00751,backtest_tiered_raw_all_tf,binance,BTCUSDT,1h,2021-08-14T11:00:00Z,,long,T4c_H1_sweep_lo_long,,4,,0,,,,,,,,,,,,,,,,1.4849744632282182,,,,,29.10297624341895,4.4082827442102825,0.2862168363577078,,,,bull,bull,,,,,,,sl_hit,,,-0.0109999999999999,,,,binance,1.0,backfilled from tiered_trades.csv; signal-TF rsi=29.10297624341895; atr_rank=0.16; dist_ema200=4.4082827442102825
ttr-20210815130000-00752,backtest_tiered_raw_all_tf,binance,BTCUSDT,1h,2021-08-15T13:00:00Z,,long,T4c_H1_sweep_lo_long,,4,,0,,,,,,,,,,,,,,,,1.2032500945958884,,,,,29.08560750734088,2.22041337232792,-0.8908502988885937,,,,bull,bull,,,,,,,tp_hit,,,0.0189999999999999,,,,binance,1.0,backfilled from tiered_trades.csv; signal-TF rsi=29.08560750734088; atr_rank=0.55; dist_ema200=2.22041337232792
ttr-20210816150000-00753,backtest_tiered_raw_all_tf,binance,BTCUSDT,1h,2021-08-16T15:00:00Z,,long,T4c_H1_sweep_lo_long,,4,,0,,,,,,,,,,,,,,,,1.2875487472846994,,,,,32.90342750107955,1.8971232902966884,-0.9559788079640096,,,,bull,bull,,,,,,,sl_hit,,,-0.011,,,,binance,1.0,backfilled from tiered_trades.csv; signal-TF rsi=32.90342750107955; atr_rank=0.44; dist_ema200=1.8971232902966884
ttr-20210817220000-00754,backtest_tiered_raw_all_tf,binance,BTCUSDT,1h,2021-08-17T22:00:00Z,,long,T4c_H1_sweep_lo_long,,4,,0,,,,,,,,,,,,,,,,1.2593248913601045,,,,,32.58084130230516,-1.5250993822361505,-2.707553993092941,,,,bull,bull,,,,,,,sl_hit,,,-0.0109999999999999,,,,binance,1.0,backfilled from tiered_trades.csv; signal-TF rsi=32.58084130230516; atr_rank=0.99; dist_ema200=-1.5250993822361505
ttr-20210822150000-00755,backtest_tiered_raw_all_tf,binance,BTCUSDT,1h,2021-08-22T15:00:00Z,,long,T4c_H1_sweep_lo_long,,4,,0,,,,,,,,,,,,,,,,1.8513548516580527,,,,,39.23999896563318,3.291284657560008,-0.1452377810216286,,,,bull,bull,,,,,,,tp_hit,,,0.019,,,,binance,1.0,backfilled from tiered_trades.csv; signal-TF rsi=39.23999896563318; atr_rank=0.07; dist_ema200=3.291284657560008
ttr-20210823200000-00756,backtest_tiered_raw_all_tf,binance,BTCUSDT,1h,2021-08-23T20:00:00Z,,long,T4c_H1_sweep_lo_long,,4,,0,,,,,,,,,,,,,,,,0.8778555229766184,,,,,35.79701661966327,3.900323633631801,0.3247869079087975,,,,bull,bull,,,,,,,sl_hit,,,-0.011,,,,binance,1.0,backfilled from tiered_trades.csv; signal-TF rsi=35.79701661966327; atr_rank=0.18; dist_ema200=3.900323633631801
ttr-20210826120000-00757,backtest_tiered_raw_all_tf,binance,BTCUSDT,4h,2021-08-26T12:00:00Z,,long,T4a_H4_hammer_long,,4,,0,,,,,,,,,,,,,,,,1.302137371505799,,,,,28.96088312254996,6.601413375747178,-2.2523318913516506,,,,bull,bull,,,,,,,tp_hit,,,0.0289999999999999,,,,binance,1.0,backfilled from tiered_trades.csv; signal-TF rsi=28.96088312254996; atr_rank=0.69; dist_ema200=6.601413375747178
ttr-20210830060000-00758,backtest_tiered_raw_all_tf,binance,BTCUSDT,1h,2021-08-30T06:00:00Z,,long,T4c_H1_sweep_lo_long,,4,,0,,,,,,,,,,,,,,,,1.260380746113105,,,,,33.05931482847224,-0.4995739305155352,-1.0881617002763446,,,,bull,bull,,,,,,,sl_hit,,,-0.0109999999999999,,,,binance,1.0,backfilled from tiered_trades.csv; signal-TF rsi=33.05931482847224; atr_rank=0.39; dist_ema200=-0.4995739305155352
ttr-20210831220000-00759,backtest_tiered_raw_all_tf,binance,BTCUSDT,1h,2021-08-31T22:00:00Z,,long,T4c_H1_sweep_lo_long,,4,,0,,,,,,,,,,,,,,,,0.6526189788436997,,,,,39.13106371526609,-1.8508245788944475,-1.2252915946292324,,,,bull,bull,,,,,,,sl_hit,,,-0.0109999999999999,,,,binance,1.0,backfilled from tiered_trades.csv; signal-TF rsi=39.13106371526609; atr_rank=0.88; dist_ema200=-1.8508245788944475
ttr-20210901000000-00760,backtest_tiered_raw_all_tf,binance,BTCUSDT,4h,2021-09-01T00:00:00Z,,long,T4a_H4_hammer_long,,4,,0,,,,,,,,,,,,,,,,1.0829502679419456,,,,,32.99898514122805,4.425826005874639,-1.8109819829463731,,,,bull,bull,,,,,,,tp_hit,,,0.029,,,,binance,1.0,backfilled from tiered_trades.csv; signal-TF rsi=32.99898514122805; atr_rank=0.48; dist_ema200=4.425826005874639
ttr-20210907000000-00761,backtest_tiered_raw_all_tf,binance,BTCUSDT,1d,2021-09-07T00:00:00Z,,short,T2c_D_fail_brk_short,,2,,0,,,,,,,,,,,,,,,,2.4790639469975027,,,,,47.91056599453118,13.83025416543633,3.914780998297896,,,63.35671111099504,bull,bull,,1.3409714497272882,,,,,sl_hit,,,-0.041,,,,binance,1.0,backfilled from tiered_trades.csv; signal-TF rsi=47.91056599453118; atr_rank=0.47; dist_ema200=13.83025416543633
ttr-20210909140000-00762,backtest_tiered_raw_all_tf,binance,BTCUSDT,1h,2021-09-09T14:00:00Z,,short,T4d_H1_fail_brk_short,,4,,0,,,,,,,,,,,,,,,,0.9841655612752968,,,,,62.59106006030277,-3.5001225002244825,-0.2716570114806316,,,,bull,bull,,,,,,,tp_hit,,,0.019,,,,binance,1.0,backfilled from tiered_trades.csv; signal-TF rsi=62.59106006030277; atr_rank=0.53; dist_ema200=-3.5001225002244825
ttr-20210910150000-00763,backtest_tiered_raw_all_tf,binance,BTCUSDT,1h,2021-09-10T15:00:00Z,,long,T4c_H1_sweep_lo_long,,4,,0,,,,,,,,,,,,,,,,1.842329147066348,,,,,25.58701931995864,-5.630285753735295,-2.457345422890195,,,,bull,bull,,,,,,,sl_hit,,,-0.0109999999999999,,,,binance,1.0,backfilled from tiered_trades.csv; signal-TF rsi=25.58701931995864; atr_rank=0.62; dist_ema200=-5.630285753735295
ttr-20210911170000-00764,backtest_tiered_raw_all_tf,binance,BTCUSDT,1h,2021-09-11T17:00:00Z,,short,T4d_H1_fail_brk_short,,4,,0,,,,,,,,,,,,,,,,0.6945228620812065,,,,,61.35940507070555,-3.940344816348949,-0.4067848638714771,,,,bull,bull,,,,,,,sl_hit,,,-0.011,,,,binance,1.0,backfilled from tiered_trades.csv; signal-TF rsi=61.35940507070555; atr_rank=0.02; dist_ema200=-3.940344816348949
ttr-20210912010000-00765,backtest_tiered_raw_all_tf,binance,BTCUSDT,1h,2021-09-12T01:00:00Z,,long,T4c_H1_sweep_lo_long,,4,,0,,,,,,,,,,,,,,,,0.8310842838061705,,,,,32.96354902833079,-5.015060710574034,-1.529822897833394,,,,bull,bull,,,,,,,tp_hit,,,0.019,,,,binance,1.0,backfilled from tiered_trades.csv; signal-TF rsi=32.96354902833079; atr_rank=0.02; dist_ema200=-5.015060710574034
ttr-20210913040000-00766,backtest_tiered_raw_all_tf,binance,BTCUSDT,1h,2021-09-13T04:00:00Z,,long,T4c_H1_sweep_lo_long,,4,,0,,,,,,,,,,,,,,,,1.889984470553371,,,,,32.95107618280102,-4.688309673168424,-1.9049338681496255,,,,bull,bull,,,,,,,sl_hit,,,-0.011,,,,binance,1.0,backfilled from tiered_trades.csv; signal-TF rsi=32.95107618280102; atr_rank=0.74; dist_ema200=-4.688309673168424
ttr-20210914130000-00767,backtest_tiered_raw_all_tf,binance,BTCUSDT,1h,2021-09-14T13:00:00Z,,short,T4d_H1_fail_brk_short,,4,,0,,,,,,,,,,,,,,,,2.2142279214568874,,,,,78.8822253911819,-0.0047751943304387,2.2686387674066526,,,,bull,bull,,,,,,,sl_hit,,,-0.011,,,,binance,1.0,backfilled from tiered_trades.csv; signal-TF rsi=78.8822253911819; atr_rank=0.45; dist_ema200=-0.0047751943304387
ttr-20210916210000-00768,backtest_tiered_raw_all_tf,binance,BTCUSDT,1h,2021-09-16T21:00:00Z,,long,T3b_H1_fail_brkdn_long,,3,,0,,,,,,,,,,,,,,,,0.7540451832304733,,,,,41.125196846246624,1.5948137869675203,0.4446427633077169,,,,bull,bull,,,,,,,sl_hit,,,-0.013,,,,binance,1.0,backfilled from tiered_trades.csv; signal-TF rsi=41.125196846246624; atr_rank=0.74; dist_ema200=1.5948137869675203
ttr-20210917180000-00769,backtest_tiered_raw_all_tf,binance,BTCUSDT,1h,2021-09-17T18:00:00Z,,long,T4c_H1_sweep_lo_long,,4,,0,,,,,,,,,,,,,,,,2.1701817531469647,,,,,29.843599061594432,0.292452219620142,-0.7339472203421371,,,,bull,bull,,,,,,,sl_hit,,,-0.011,,,,binance,1.0,backfilled from tiered_trades.csv; signal-TF rsi=29.843599061594432; atr_rank=0.27; dist_ema200=0.292452219620142
ttr-20210919010000-00770,backtest_tiered_raw_all_tf,binance,BTCUSDT,1h,2021-09-19T01:00:00Z,,long,T4c_H1_sweep_lo_long,,4,,0,,,,,,,,,,,,,,,,1.3388921248029126,,,,,36.47413585516939,1.147432622804384,-0.1720436316451257,,,,bull,bull,,,,,,,sl_hit,,,-0.011,,,,binance,1.0,backfilled from tiered_trades.csv; signal-TF rsi=36.47413585516939; atr_rank=0.13; dist_ema200=1.147432622804384
ttr-20210920120000-00771,backtest_tiered_raw_all_tf,binance,BTCUSDT,1h,2021-09-20T12:00:00Z,,long,T4c_H1_sweep_lo_long,,4,,0,,,,,,,,,,,,,,,,3.622842808653596,,,,,16.25030760712417,-7.65061156979747,-6.80455661000583,,,,bull,bull,,,,,,,sl_hit,,,-0.0109999999999999,,,,binance,1.0,backfilled from tiered_trades.csv; signal-TF rsi=16.25030760712417; atr_rank=1.0; dist_ema200=-7.65061156979747
ttr-20210921210000-00772,backtest_tiered_raw_all_tf,binance,BTCUSDT,1h,2021-09-21T21:00:00Z,,long,T4c_H1_sweep_lo_long,,4,,0,,,,,,,,,,,,,,,,2.9111920413136123,,,,,33.075439631563654,-9.934638967772202,-5.503003174355861,,,,bull,bull,,,,,,,sl_hit,,,-0.011,,,,binance,1.0,backfilled from tiered_trades.csv; signal-TF rsi=33.075439631563654; atr_rank=0.98; dist_ema200=-9.934638967772202
ttr-20210922170000-00773,backtest_tiered_raw_all_tf,binance,BTCUSDT,1h,2021-09-22T17:00:00Z,,short,T4d_H1_fail_brk_short,,4,,0,,,,,,,,,,,,,,,,0.8570192948272264,,,,,66.04780228132348,-4.705600064292191,0.4197012280557843,,,,bull,bull,,,,,,,sl_hit,,,-0.011,,,,binance,1.0,backfilled from tiered_trades.csv; signal-TF rsi=66.04780228132348; atr_rank=0.4; dist_ema200=-4.705600064292191
ttr-20210923180000-00774,backtest_tiered_raw_all_tf,binance,BTCUSDT,1h,2021-09-23T18:00:00Z,,short,T4d_H1_fail_brk_short,,4,,0,,,,,,,,,,,,,,,,1.2644395859768234,,,,,59.30109387059863,-0.4627076696121813,2.727640207671396,,,,bull,bull,,,,,,,sl_hit,,,-0.011,,,,binance,1.0,backfilled from tiered_trades.csv; signal-TF rsi=59.30109387059863; atr_rank=0.32; dist_ema200=-0.4627076696121813
ttr-20210924000000-00775,backtest_tiered_raw_all_tf,binance,BTCUSDT,4h,2021-09-24T00:00:00Z,,short,T3a_H4_sweep_hi_short_loose,,3,,0,,,,,,,,,,,,,,,,0.6763582618469508,,,,,63.54154235386783,-3.7687670176953056,-1.444859038569715,,,,bull,bull,,,,,,,sl_hit,,,-0.0159999999999998,,,,binance,1.0,backfilled from tiered_trades.csv; signal-TF rsi=63.54154235386783; atr_rank=0.67; dist_ema200=-3.7687670176953056
ttr-20210926100000-00776,backtest_tiered_raw_all_tf,binance,BTCUSDT,1h,2021-09-26T10:00:00Z,,short,T4d_H1_fail_brk_short,,4,,0,,,,,,,,,,,,,,,,1.637458347225288,,,,,54.31031987961103,-2.0742485725965465,0.8961189067144654,,,,bull,bull,,,,,,,sl_hit,,,-0.011,,,,binance,1.0,backfilled from tiered_trades.csv; signal-TF rsi=54.31031987961103; atr_rank=0.8; dist_ema200=-2.0742485725965465
ttr-20210928000000-00777,backtest_tiered_raw_all_tf,binance,BTCUSDT,1h,2021-09-28T00:00:00Z,,long,T4c_H1_sweep_lo_long,,4,,0,,,,,,,,,,,,,,,,1.2175995967463424,,,,,25.91837759148652,-3.21061856812528,-1.8641435939296247,,,,bull,bull,,,,,,,sl_hit,,,-0.011,,,,binance,1.0,backfilled from tiered_trades.csv; signal-TF rsi=25.91837759148652; atr_rank=0.63; dist_ema200=-3.21061856812528
ttr-20210928170000-00778,backtest_tiered_raw_all_tf,binance,BTCUSDT,1h,2021-09-28T17:00:00Z,,long,T4c_H1_sweep_lo_long,,4,,0,,,,,,,,,,,,,,,,0.8624657203885173,,,,,28.89487949493572,-4.728571557062591,-2.645708170319678,,,,bull,bull,,,,,,,sl_hit,,,-0.0109999999999999,,,,binance,1.0,backfilled from tiered_trades.csv; signal-TF rsi=28.89487949493572; atr_rank=0.63; dist_ema200=-4.728571557062591
ttr-20211003010000-00779,backtest_tiered_raw_all_tf,binance,BTCUSDT,1h,2021-10-03T01:00:00Z,,long,T3b_H1_fail_brkdn_long,,3,,0,,,,,,,,,,,,,,,,0.93734891179935,,,,,46.89548555884247,6.318375437359096,1.4012607833147313,,,,bull,bull,,,,,,,tp_hit,,,0.0239999999999998,,,,binance,1.0,backfilled from tiered_trades.csv; signal-TF rsi=46.89548555884247; atr_rank=0.18; dist_ema200=6.318375437359096
ttr-20211004040000-00780,backtest_tiered_raw_all_tf,binance,BTCUSDT,1h,2021-10-04T04:00:00Z,,long,T3b_H1_fail_brkdn_long,,3,,0,,,,,,,,,,,,,,,,1.2229639030863997,,,,,47.13182207496863,5.004946933049578,0.2907857663247026,,,,bull,bull,,,,,,,sl_hit,,,-0.013,,,,binance,1.0,backfilled from tiered_trades.csv; signal-TF rsi=47.13182207496863; atr_rank=0.61; dist_ema200=5.004946933049578
ttr-20211012170000-00781,backtest_tiered_raw_all_tf,binance,BTCUSDT,1h,2021-10-12T17:00:00Z,,long,T4c_H1_sweep_lo_long,,4,,0,,,,,,,,,,,,,,,,1.4312727671841627,,,,,38.51553999988485,3.8942659322505992,-1.009589072563155,,,,bull,bull,,,,,,,sl_hit,,,-0.011,,,,binance,1.0,backfilled from tiered_trades.csv; signal-TF rsi=38.51553999988485; atr_rank=0.85; dist_ema200=3.8942659322505992
ttr-20211016170000-00782,backtest_tiered_raw_all_tf,binance,BTCUSDT,1h,2021-10-16T17:00:00Z,,long,T4c_H1_sweep_lo_long,,4,,0,,,,,,,,,,,,,,,,1.1318853894207948,,,,,33.11432910362882,6.289949015443858,0.6205049859910732,,,,bull,bull,,,,,,,sl_hit,,,-0.011,,,,binance,1.0,backfilled from tiered_trades.csv; signal-TF rsi=33.11432910362882; atr_rank=0.17; dist_ema200=6.289949015443858
ttr-20211017210000-00783,backtest_tiered_raw_all_tf,binance,BTCUSDT,1h,2021-10-17T21:00:00Z,,long,T3b_H1_fail_brkdn_long,,3,,0,,,,,,,,,,,,,,,,1.8005807201394293,,,,,53.07835957448141,4.635599953584567,0.0341571199977655,,,,bull,bull,,,,,,,tp_hit,,,0.0239999999999999,,,,binance,1.0,backfilled from tiered_trades.csv; signal-TF rsi=53.07835957448141; atr_rank=0.53; dist_ema200=4.635599953584567
ttr-20211018000000-00784,backtest_tiered_raw_all_tf,binance,BTCUSDT,1w,2021-10-18T00:00:00Z,,short,T2b_W_sweep_hi_short,,2,,0,,,,,,,,,,,,,,,,0.7768392895251143,,,,,78.5071432437457,181.9098809837737,50.52404485276737,,,,bull,bull,,,,,,,sl_hit,,,-0.0810000000000001,,,,binance,1.0,backfilled from tiered_trades.csv; signal-TF rsi=78.5071432437457; atr_rank=0.36; dist_ema200=181.9098809837737
ttr-20211021000000-00785,backtest_tiered_raw_all_tf,binance,BTCUSDT,1d,2021-10-21T00:00:00Z,,short,T2c_D_fail_brk_short,,2,,0,,,,,,,,,,,,,,,,1.2770779204749128,,,,,69.84261241211996,39.17937117076388,19.577604912498927,,,78.5071432437457,bull,bull,,1.819098809837737,,,,,sl_hit,,,-0.041,,,,binance,1.0,backfilled from tiered_trades.csv; signal-TF rsi=69.84261241211996; atr_rank=0.48; dist_ema200=39.17937117076388
ttr-20211022160000-00786,backtest_tiered_raw_all_tf,binance,BTCUSDT,1h,2021-10-22T16:00:00Z,,long,T4c_H1_sweep_lo_long,,4,,0,,,,,,,,,,,,,,,,2.5461664435561686,,,,,35.982746460129874,-0.9028488638865804,-3.4225466148272794,,,,bull,bull,,,,,,,sl_hit,,,-0.011,,,,binance,1.0,backfilled from tiered_trades.csv; signal-TF rsi=35.982746460129874; atr_rank=0.72; dist_ema200=-0.9028488638865804
ttr-20211022160000-00787,backtest_tiered_raw_all_tf,binance,BTCUSDT,4h,2021-10-22T16:00:00Z,,long,T4a_H4_hammer_long,,4,,0,,,,,,,,,,,,,,,,1.117641896681804,,,,,38.54679107526631,11.7741521230233,-1.0069322656946635,,,,bull,bull,,,,,,,sl_hit,,,-0.0159999999999999,,,,binance,1.0,backfilled from tiered_trades.csv; signal-TF rsi=38.54679107526631; atr_rank=1.0; dist_ema200=11.7741521230233
ttr-20211024160000-00788,backtest_tiered_raw_all_tf,binance,BTCUSDT,1h,2021-10-24T16:00:00Z,,long,T4c_H1_sweep_lo_long,,4,,0,,,,,,,,,,,,,,,,1.9999583254280364,,,,,37.34353311713773,-1.6790986282291014,-1.323473090250629,,,,bull,bull,,,,,,,tp_hit,,,0.019,,,,binance,1.0,backfilled from tiered_trades.csv; signal-TF rsi=37.34353311713773; atr_rank=0.29; dist_ema200=-1.6790986282291014
ttr-20211026070000-00789,backtest_tiered_raw_all_tf,binance,BTCUSDT,1h,2021-10-26T07:00:00Z,,long,T4c_H1_sweep_lo_long,,4,,0,,,,,,,,,,,,,,,,0.8146867790118509,,,,,33.81294964028763,1.1697273717594214,0.2907083774786033,,,,bull,bull,,,,,,,sl_hit,,,-0.011,,,,binance,1.0,backfilled from tiered_trades.csv; signal-TF rsi=33.81294964028763; atr_rank=0.04; dist_ema200=1.1697273717594214
ttr-20211026150000-00790,backtest_tiered_raw_all_tf,binance,BTCUSDT,1h,2021-10-26T15:00:00Z,,long,T3b_H1_fail_brkdn_long,,3,,0,,,,,,,,,,,,,,,,2.2446817245321737,,,,,46.80766346581361,1.1983809564531511,0.3030662054228667,,,,bull,bull,,,,,,,sl_hit,,,-0.013,,,,binance,1.0,backfilled from tiered_trades.csv; signal-TF rsi=46.80766346581361; atr_rank=0.26; dist_ema200=1.1983809564531511
ttr-20211028100000-00791,backtest_tiered_raw_all_tf,binance,BTCUSDT,1h,2021-10-28T10:00:00Z,,short,T4d_H1_fail_brk_short,,4,,0,,,,,,,,,,,,,,,,0.949511955427025,,,,,77.9952333055234,-0.0649496464264241,1.6231104261068274,,,,bull,bull,,,,,,,sl_hit,,,-0.011,,,,binance,1.0,backfilled from tiered_trades.csv; signal-TF rsi=77.9952333055234; atr_rank=0.65; dist_ema200=-0.0649496464264241
ttr-20211031130000-00792,backtest_tiered_raw_all_tf,binance,BTCUSDT,1h,2021-10-31T13:00:00Z,,long,T4c_H1_sweep_lo_long,,4,,0,,,,,,,,,,,,,,,,1.6028854919028146,,,,,25.876498456795048,-1.4598838387993478,-1.5211677758830031,,,,bull,bull,,,,,,,tp_hit,,,0.019,,,,binance,1.0,backfilled from tiered_trades.csv; signal-TF rsi=25.876498456795048; atr_rank=0.28; dist_ema200=-1.4598838387993478
ttr-20211103140000-00793,backtest_tiered_raw_all_tf,binance,BTCUSDT,1h,2021-11-03T14:00:00Z,,long,T4c_H1_sweep_lo_long,,4,,0,,,,,,,,,,,,,,,,1.2968290003409606,,,,,32.25784726286362,0.4071248999378562,-0.8237745185605171,,,,bull,bull,,,,,,,sl_hit,,,-0.0109999999999999,,,,binance,1.0,backfilled from tiered_trades.csv; signal-TF rsi=32.25784726286362; atr_rank=0.5; dist_ema200=0.4071248999378562
ttr-20211104190000-00794,backtest_tiered_raw_all_tf,binance,BTCUSDT,1h,2021-11-04T19:00:00Z,,long,T4c_H1_sweep_lo_long,,4,,0,,,,,,,,,,,,,,,,0.719902194315711,,,,,37.20099169951139,-0.8901053409138586,-1.3628771093751055,,,,bull,bull,,,,,,,tp_hit,,,0.019,,,,binance,1.0,backfilled from tiered_trades.csv; signal-TF rsi=37.20099169951139; atr_rank=0.77; dist_ema200=-0.8901053409138586
ttr-20211112130000-00795,backtest_tiered_raw_all_tf,binance,BTCUSDT,1h,2021-11-12T13:00:00Z,,long,T4c_H1_sweep_lo_long,,4,,0,,,,,,,,,,,,,,,,1.410888038051243,,,,,37.70437859903442,-0.7010026244397363,-1.6504668984144186,,,,bull,bull,,,,,,,sl_hit,,,-0.011,,,,binance,1.0,backfilled from tiered_trades.csv; signal-TF rsi=37.70437859903442; atr_rank=0.83; dist_ema200=-0.7010026244397363
ttr-20211115160000-00796,backtest_tiered_raw_all_tf,binance,BTCUSDT,1h,2021-11-15T16:00:00Z,,long,T4c_H1_sweep_lo_long,,4,,0,,,,,,,,,,,,,,,,1.4639537199872263,,,,,20.433913234227035,-0.3771226136132637,-0.9844078757970424,,,,bull,bull,,,,,,,sl_hit,,,-0.011,,,,binance,1.0,backfilled from tiered_trades.csv; signal-TF rsi=20.433913234227035; atr_rank=0.29; dist_ema200=-0.3771226136132637
ttr-20211116040000-00797,backtest_tiered_raw_all_tf,binance,BTCUSDT,1h,2021-11-16T04:00:00Z,,long,T4c_H1_sweep_lo_long,,4,,0,,,,,,,,,,,,,,,,1.6542425321931324,,,,,16.14813243968719,-4.865400809783949,-4.541231492451046,,,,bull,bull,,,,,,,sl_hit,,,-0.011,,,,binance,1.0,backfilled from tiered_trades.csv; signal-TF rsi=16.14813243968719; atr_rank=1.0; dist_ema200=-4.865400809783949
ttr-20211118170000-00798,backtest_tiered_raw_all_tf,binance,BTCUSDT,1h,2021-11-18T17:00:00Z,,long,T4c_H1_sweep_lo_long,,4,,0,,,,,,,,,,,,,,,,2.485664727183887,,,,,23.2166024200216,-7.616575150153444,-4.068720307313722,,,,bull,bull,,,,,,,sl_hit,,,-0.011,,,,binance,1.0,backfilled from tiered_trades.csv; signal-TF rsi=23.2166024200216; atr_rank=0.8; dist_ema200=-7.616575150153444
ttr-20211120020000-00799,backtest_tiered_raw_all_tf,binance,BTCUSDT,1h,2021-11-20T02:00:00Z,,short,T4d_H1_fail_brk_short,,4,,0,,,,,,,,,,,,,,,,0.7547378335660504,,,,,79.73790605390862,-3.502487339282428,0.9849899338593148,,,,bull,bull,,,,,,,tp_hit,,,0.0189999999999999,,,,binance,1.0,backfilled from tiered_trades.csv; signal-TF rsi=79.73790605390862; atr_rank=0.01; dist_ema200=-3.502487339282428
ttr-20211120160000-00800,backtest_tiered_raw_all_tf,binance,BTCUSDT,1h,2021-11-20T16:00:00Z,,long,T4c_H1_sweep_lo_long,,4,,0,,,,,,,,,,,,,,,,1.3834438133266926,,,,,28.561751132562776,-4.642674026064929,-0.850029765941842,,,,bull,bull,,,,,,,tp_hit,,,0.019,,,,binance,1.0,backfilled from tiered_trades.csv; signal-TF rsi=28.561751132562776; atr_rank=0.12; dist_ema200=-4.642674026064929
ttr-20211121160000-00801,backtest_tiered_raw_all_tf,binance,BTCUSDT,4h,2021-11-21T16:00:00Z,,short,T4b_H4_sstar_short,,4,,0,,,,,,,,,,,,,,,,0.9275389104235638,,,,,65.89850845899633,-2.1359738906749843,-1.4411088063412665,,,,bull,bull,,,,,,,tp_hit,,,0.029,,,,binance,1.0,backfilled from tiered_trades.csv; signal-TF rsi=65.89850845899633; atr_rank=0.3; dist_ema200=-2.1359738906749843
ttr-20211121160000-00802,backtest_tiered_raw_all_tf,binance,BTCUSDT,4h,2021-11-21T16:00:00Z,,short,T3a_H4_sweep_hi_short_loose,,3,,0,,,,,,,,,,,,,,,,0.9275389104235638,,,,,65.89850845899633,-2.1359738906749843,-1.4411088063412665,,,,bull,bull,,,,,,,tp_hit,,,0.029,,,,binance,1.0,backfilled from tiered_trades.csv; signal-TF rsi=65.89850845899633; atr_rank=0.3; dist_ema200=-2.1359738906749843
ttr-20211121170000-00803,backtest_tiered_raw_all_tf,binance,BTCUSDT,1h,2021-11-21T17:00:00Z,,short,T4d_H1_fail_brk_short,,4,,0,,,,,,,,,,,,,,,,1.3865216734309542,,,,,61.25010260430963,-1.308994965375027,1.139797091967535,,,,bull,bull,,,,,,,tp_hit,,,0.0189999999999999,,,,binance,1.0,backfilled from tiered_trades.csv; signal-TF rsi=61.25010260430963; atr_rank=0.3; dist_ema200=-1.308994965375027
ttr-20211122050000-00804,backtest_tiered_raw_all_tf,binance,BTCUSDT,1h,2021-11-22T05:00:00Z,,long,T4c_H1_sweep_lo_long,,4,,0,,,,,,,,,,,,,,,,1.16023641067791,,,,,30.26235081357956,-4.319905076913775,-1.9822709161761105,,,,bull,bull,,,,,,,sl_hit,,,-0.0109999999999999,,,,binance,1.0,backfilled from tiered_trades.csv; signal-TF rsi=30.26235081357956; atr_rank=0.7; dist_ema200=-4.319905076913775
ttr-20211125010000-00805,backtest_tiered_raw_all_tf,binance,BTCUSDT,1h,2021-11-25T01:00:00Z,,short,T4d_H1_fail_brk_short,,4,,0,,,,,,,,,,,,,,,,1.0282355309210378,,,,,64.08938016580609,-1.3150542725590952,1.2270750471824348,,,,bull,bull,,,,,,,sl_hit,,,-0.0109999999999999,,,,binance,1.0,backfilled from tiered_trades.csv; signal-TF rsi=64.08938016580609; atr_rank=0.54; dist_ema200=-1.3150542725590952
ttr-20211125200000-00806,backtest_tiered_raw_all_tf,binance,BTCUSDT,4h,2021-11-25T20:00:00Z,,short,T4b_H4_sstar_short,,4,,0,,,,,,,,,,,,,,,,0.5698135679050006,,,,,69.14464771208704,-1.5422493643271642,0.8921444217380278,,,,bull,bull,,,,,,,tp_hit,,,0.0289999999999999,,,,binance,1.0,backfilled from tiered_trades.csv; signal-TF rsi=69.14464771208704; atr_rank=0.14; dist_ema200=-1.5422493643271642
ttr-20211126120000-00807,backtest_tiered_raw_all_tf,binance,BTCUSDT,1h,2021-11-26T12:00:00Z,,long,T4c_H1_sweep_lo_long,,4,,0,,,,,,,,,,,,,,,,1.7950689897826564,,,,,11.53866850522148,-6.769018094566557,-5.1673271835314765,,,,bull,bull,,,,,,,sl_hit,,,-0.011,,,,binance,1.0,backfilled from tiered_trades.csv; signal-TF rsi=11.53866850522148; atr_rank=0.89; dist_ema200=-6.769018094566557
ttr-20211127090000-00808,backtest_tiered_raw_all_tf,binance,BTCUSDT,1h,2021-11-27T09:00:00Z,,short,T4d_H1_fail_brk_short,,4,,0,,,,,,,,,,,,,,,,0.8932509072357069,,,,,53.70576598808498,-5.068272587251147,-1.819611048027313,,,,bull,bull,,,,,,,sl_hit,,,-0.011,,,,binance,1.0,backfilled from tiered_trades.csv; signal-TF rsi=53.70576598808498; atr_rank=0.43; dist_ema200=-5.068272587251147
ttr-20211128220000-00809,backtest_tiered_raw_all_tf,binance,BTCUSDT,1h,2021-11-28T22:00:00Z,,short,T4d_H1_fail_brk_short,,4,,0,,,,,,,,,,,,,,,,1.808763773872041,,,,,70.08680897108009,-1.022202828811413,2.1409314270303383,,,,bull,bull,,,,,,,sl_hit,,,-0.011,,,,binance,1.0,backfilled from tiered_trades.csv; signal-TF rsi=70.08680897108009; atr_rank=0.82; dist_ema200=-1.022202828811413
ttr-20211130120000-00810,backtest_tiered_raw_all_tf,binance,BTCUSDT,4h,2021-11-30T12:00:00Z,,short,T4b_H4_sstar_short,,4,,0,,,,,,,,,,,,,,,,2.142475284167776,,,,,67.24818697152992,-2.810298925078135,0.7050500245836828,,,,bull,bull,,,,,,,sl_hit,,,-0.0159999999999999,,,,binance,1.0,backfilled from tiered_trades.csv; signal-TF rsi=67.24818697152992; atr_rank=0.66; dist_ema200=-2.810298925078135
ttr-20211130120000-00811,backtest_tiered_raw_all_tf,binance,BTCUSDT,4h,2021-11-30T12:00:00Z,,short,T3a_H4_sweep_hi_short_loose,,3,,0,,,,,,,,,,,,,,,,2.142475284167776,,,,,67.24818697152992,-2.810298925078135,0.7050500245836828,,,,bull,bull,,,,,,,sl_hit,,,-0.0159999999999999,,,,binance,1.0,backfilled from tiered_trades.csv; signal-TF rsi=67.24818697152992; atr_rank=0.66; dist_ema200=-2.810298925078135
ttr-20211203170000-00812,backtest_tiered_raw_all_tf,binance,BTCUSDT,1h,2021-12-03T17:00:00Z,,long,T4c_H1_sweep_lo_long,,4,,0,,,,,,,,,,,,,,,,1.6442668739309756,,,,,29.646272961894525,-3.294551687844531,-2.897188459581387,,,,bull,bull,,,,,,,sl_hit,,,-0.011,,,,binance,1.0,backfilled from tiered_trades.csv; signal-TF rsi=29.646272961894525; atr_rank=0.47; dist_ema200=-3.294551687844531
ttr-20211206230000-00813,backtest_tiered_raw_all_tf,binance,BTCUSDT,1h,2021-12-06T23:00:00Z,,short,T4d_H1_fail_brk_short,,4,,0,,,,,,,,,,,,,,,,0.6512444672140157,,,,,77.97456275677193,-4.281086477234331,2.2037418735970946,,,,bull,bull,,,,,,,sl_hit,,,-0.0109999999999999,,,,binance,1.0,backfilled from tiered_trades.csv; signal-TF rsi=77.97456275677193; atr_rank=0.58; dist_ema200=-4.281086477234331
ttr-20211208120000-00814,backtest_tiered_raw_all_tf,binance,BTCUSDT,1h,2021-12-08T12:00:00Z,,long,T4c_H1_sweep_lo_long,,4,,0,,,,,,,,,,,,,,,,1.6506140411724175,,,,,33.63120632046525,-5.405226395112663,-1.9453196674250832,,,,bull,bull,,,,,,,tp_hit,,,0.019,,,,binance,1.0,backfilled from tiered_trades.csv; signal-TF rsi=33.63120632046525; atr_rank=0.16; dist_ema200=-5.405226395112663
ttr-20211209200000-00815,backtest_tiered_raw_all_tf,binance,BTCUSDT,1h,2021-12-09T20:00:00Z,,long,T4c_H1_sweep_lo_long,,4,,0,,,,,,,,,,,,,,,,1.1593348738375944,,,,,23.468937727533188,-7.141350745899462,-3.7144141779761344,,,,bull,bull,,,,,,,tp_hit,,,0.019,,,,binance,1.0,backfilled from tiered_trades.csv; signal-TF rsi=23.468937727533188; atr_rank=0.76; dist_ema200=-7.141350745899462
ttr-20211210140000-00816,backtest_tiered_raw_all_tf,binance,BTCUSDT,1h,2021-12-10T14:00:00Z,,short,T4d_H1_fail_brk_short,,4,,0,,,,,,,,,,,,,,,,2.1841258981948046,,,,,52.53849789295421,-5.059004956864334,-1.3115864592528768,,,,bull,bull,,,,,,,tp_hit,,,0.019,,,,binance,1.0,backfilled from tiered_trades.csv; signal-TF rsi=52.53849789295421; atr_rank=0.73; dist_ema200=-5.059004956864334
ttr-20211211170000-00817,backtest_tiered_raw_all_tf,binance,BTCUSDT,1h,2021-12-11T17:00:00Z,,short,T4d_H1_fail_brk_short,,4,,0,,,,,,,,,,,,,,,,0.9286853065353936,,,,,56.959751872869454,-3.0269220616224386,0.4377715474044299,,,,bull,bull,,,,,,,sl_hit,,,-0.011,,,,binance,1.0,backfilled from tiered_trades.csv; signal-TF rsi=56.959751872869454; atr_rank=0.2; dist_ema200=-3.0269220616224386
ttr-20211213080000-00818,backtest_tiered_raw_all_tf,binance,BTCUSDT,1h,2021-12-13T08:00:00Z,,long,T4c_H1_sweep_lo_long,,4,,0,,,,,,,,,,,,,,,,1.5035924574102848,,,,,31.95373076149582,-1.8278165912251725,-0.2961586800450894,,,,bull,bull,,,,,,,sl_hit,,,-0.011,,,,binance,1.0,backfilled from tiered_trades.csv; signal-TF rsi=31.95373076149582; atr_rank=0.48; dist_ema200=-1.8278165912251725
ttr-20211214220000-00819,backtest_tiered_raw_all_tf,binance,BTCUSDT,1h,2021-12-14T22:00:00Z,,short,T4d_H1_fail_brk_short,,4,,0,,,,,,,,,,,,,,,,0.6379875642745121,,,,,59.32175554332188,-1.6994718971971516,1.213734316268,,,,bull,bull,,,,,,,sl_hit,,,-0.0109999999999999,,,,binance,1.0,backfilled from tiered_trades.csv; signal-TF rsi=59.32175554332188; atr_rank=0.7; dist_ema200=-1.6994718971971516
ttr-20211215160000-00820,backtest_tiered_raw_all_tf,binance,BTCUSDT,1h,2021-12-15T16:00:00Z,,long,T4c_H1_sweep_lo_long,,4,,0,,,,,,,,,,,,,,,,1.4226753138073474,,,,,35.504594118127784,-3.896459949301735,-1.635563818127795,,,,bull,bull,,,,,,,tp_hit,,,0.019,,,,binance,1.0,backfilled from tiered_trades.csv; signal-TF rsi=35.504594118127784; atr_rank=0.37; dist_ema200=-3.896459949301735
ttr-20211217000000-00821,backtest_tiered_raw_all_tf,binance,BTCUSDT,1h,2021-12-17T00:00:00Z,,long,T4c_H1_sweep_lo_long,,4,,0,,,,,,,,,,,,,,,,1.1678702738800777,,,,,27.163076674694125,-2.0705418254240904,-0.959819194358331,,,,bull,bull,,,,,,,sl_hit,,,-0.011,,,,binance,1.0,backfilled from tiered_trades.csv; signal-TF rsi=27.163076674694125; atr_rank=0.41; dist_ema200=-2.0705418254240904
ttr-20211217150000-00822,backtest_tiered_raw_all_tf,binance,BTCUSDT,1h,2021-12-17T15:00:00Z,,long,T4c_H1_sweep_lo_long,,4,,0,,,,,,,,,,,,,,,,3.217767488169485,,,,,31.081677830794646,-4.218450549895094,-2.5634860803658976,,,,bull,bull,,,,,,,sl_hit,,,-0.011,,,,binance,1.0,backfilled from tiered_trades.csv; signal-TF rsi=31.081677830794646; atr_rank=0.4; dist_ema200=-4.218450549895094
ttr-20211219040000-00823,backtest_tiered_raw_all_tf,binance,BTCUSDT,1h,2021-12-19T04:00:00Z,,short,T4d_H1_fail_brk_short,,4,,0,,,,,,,,,,,,,,,,1.177491918839216,,,,,67.01752764330035,-0.2398179195375128,1.8458312900374263,,,,bull,bull,,,,,,,tp_hit,,,0.0189999999999999,,,,binance,1.0,backfilled from tiered_trades.csv; signal-TF rsi=67.01752764330035; atr_rank=0.19; dist_ema200=-0.2398179195375128
ttr-20211220070000-00824,backtest_tiered_raw_all_tf,binance,BTCUSDT,1h,2021-12-20T07:00:00Z,,long,T4c_H1_sweep_lo_long,,4,,0,,,,,,,,,,,,,,,,1.0517013666310375,,,,,39.77594173681055,-2.809481573758684,-1.1463933444804577,,,,bull,bull,,,,,,,sl_hit,,,-0.011,,,,binance,1.0,backfilled from tiered_trades.csv; signal-TF rsi=39.77594173681055; atr_rank=0.7; dist_ema200=-2.809481573758684
ttr-20211221120000-00825,backtest_tiered_raw_all_tf,binance,BTCUSDT,4h,2021-12-21T12:00:00Z,,short,T3a_H4_sweep_hi_short_loose,,3,,0,,,,,,,,,,,,,,,,1.5055662691655227,,,,,58.88644939425777,-6.318600421969031,1.5840810924036557,,,,bull,bull,,,,,,,sl_hit,,,-0.0159999999999999,,,,binance,1.0,backfilled from tiered_trades.csv; signal-TF rsi=58.88644939425777; atr_rank=0.05; dist_ema200=-6.318600421969031
ttr-20211224000000-00826,backtest_tiered_raw_all_tf,binance,BTCUSDT,4h,2021-12-24T00:00:00Z,,short,T4b_H4_sstar_short,,4,,0,,,,,,,,,,,,,,,,1.3714522461797287,,,,,72.75155849402843,-0.6090246320425448,5.426009748785887,,,,bull,bull,,,,,,,sl_hit,,,-0.0159999999999999,,,,binance,1.0,backfilled from tiered_trades.csv; signal-TF rsi=72.75155849402843; atr_rank=0.06; dist_ema200=-0.6090246320425448
ttr-20211224080000-00827,backtest_tiered_raw_all_tf,binance,BTCUSDT,4h,2021-12-24T08:00:00Z,,short,T1d_H4_sweep_hi_short_strict,,1,,0,,,,,,,,,,,,,,,,0.8926962205193486,,,,,68.5480304782638,-0.6660098970633312,4.919604713458026,,60.95280790241997,53.395310475659,bull,bull,0.02016793097230025,1.07039499290293,,,,,tp_hit,,,0.0689999999999999,,,,binance,1.0,backfilled from tiered_trades.csv; signal-TF rsi=68.5480304782638; atr_rank=0.03; dist_ema200=-0.6660098970633312
ttr-20211224080000-00828,backtest_tiered_raw_all_tf,binance,BTCUSDT,4h,2021-12-24T08:00:00Z,,short,T3a_H4_sweep_hi_short_loose,,3,,0,,,,,,,,,,,,,,,,0.8926962205193486,,,,,68.5480304782638,-0.6660098970633312,4.919604713458026,,,,bull,bull,,,,,,,sl_hit,,,-0.0159999999999999,,,,binance,1.0,backfilled from tiered_trades.csv; signal-TF rsi=68.5480304782638; atr_rank=0.03; dist_ema200=-0.6660098970633312
ttr-20211224150000-00829,backtest_tiered_raw_all_tf,binance,BTCUSDT,1h,2021-12-24T15:00:00Z,,long,T4c_H1_sweep_lo_long,,4,,0,,,,,,,,,,,,,,,,1.4826196901326325,,,,,38.87156736814112,4.702401811468068,1.9450875721787344,,,,bull,bull,,,,,,,sl_hit,,,-0.011,,,,binance,1.0,backfilled from tiered_trades.csv; signal-TF rsi=38.87156736814112; atr_rank=0.1; dist_ema200=4.702401811468068
ttr-20211226040000-00830,backtest_tiered_raw_all_tf,binance,BTCUSDT,1h,2021-12-26T04:00:00Z,,long,T4c_H1_sweep_lo_long,,4,,0,,,,,,,,,,,,,,,,0.8330385685458329,,,,,32.718440099128884,1.135373014440623,-1.2507800933706892,,,,bull,bull,,,,,,,tp_hit,,,0.019,,,,binance,1.0,backfilled from tiered_trades.csv; signal-TF rsi=32.718440099128884; atr_rank=0.39; dist_ema200=1.135373014440623
ttr-20211227160000-00831,backtest_tiered_raw_all_tf,binance,BTCUSDT,4h,2021-12-27T16:00:00Z,,short,T3a_H4_sweep_hi_short_loose,,3,,0,,,,,,,,,,,,,,,,1.509957154385965,,,,,55.824537036003214,-0.0125347383303894,2.9574195958497698,,,,bull,bull,,,,,,,tp_hit,,,0.029,,,,binance,1.0,backfilled from tiered_trades.csv; signal-TF rsi=55.824537036003214; atr_rank=0.12; dist_ema200=-0.0125347383303894
ttr-20211227160000-00832,backtest_tiered_raw_all_tf,binance,BTCUSDT,4h,2021-12-27T16:00:00Z,,short,T1d_H4_sweep_hi_short_strict,,1,,0,,,,,,,,,,,,,,,,1.509957154385965,,,,,55.824537036003214,-0.0125347383303894,2.9574195958497698,,67.53413040370657,54.00925224016949,bull,bull,0.01729833890405965,0.9104734941474244,,,,,tp_hit,,,0.0690000000000001,,,,binance,1.0,backfilled from tiered_trades.csv; signal-TF rsi=55.824537036003214; atr_rank=0.12; dist_ema200=-0.0125347383303894
ttr-20211228030000-00833,backtest_tiered_raw_all_tf,binance,BTCUSDT,1h,2021-12-28T03:00:00Z,,long,T4c_H1_sweep_lo_long,,4,,0,,,,,,,,,,,,,,,,1.2095673756054055,,,,,24.78656781867504,0.0463014163388612,-1.6775599470633662,,,,bull,bull,,,,,,,sl_hit,,,-0.011,,,,binance,1.0,backfilled from tiered_trades.csv; signal-TF rsi=24.78656781867504; atr_rank=0.93; dist_ema200=0.0463014163388612
ttr-20211228190000-00834,backtest_tiered_raw_all_tf,binance,BTCUSDT,1h,2021-12-28T19:00:00Z,,long,T4c_H1_sweep_lo_long,,4,,0,,,,,,,,,,,,,,,,0.9989431609069404,,,,,17.40281923428627,-3.970351182136296,-4.194287775803152,,,,bull,bull,,,,,,,sl_hit,,,-0.0109999999999999,,,,binance,1.0,backfilled from tiered_trades.csv; signal-TF rsi=17.40281923428627; atr_rank=0.96; dist_ema200=-3.970351182136296
ttr-20211230000000-00835,backtest_tiered_raw_all_tf,binance,BTCUSDT,1h,2021-12-30T00:00:00Z,,long,T4c_H1_sweep_lo_long,,4,,0,,,,,,,,,,,,,,,,1.68450426041082,,,,,38.4501551179724,-4.955325614648003,-3.1213574071991044,,,,bull,bull,,,,,,,tp_hit,,,0.019,,,,binance,1.0,backfilled from tiered_trades.csv; signal-TF rsi=38.4501551179724; atr_rank=1.0; dist_ema200=-4.955325614648003
ttr-20211230190000-00836,backtest_tiered_raw_all_tf,binance,BTCUSDT,1h,2021-12-30T19:00:00Z,,short,T4d_H1_fail_brk_short,,4,,0,,,,,,,,,,,,,,,,0.857449495894249,,,,,65.25870566928778,-2.508602356236062,-0.2178982569034271,,,,bull,bull,,,,,,,sl_hit,,,-0.011,,,,binance,1.0,backfilled from tiered_trades.csv; signal-TF rsi=65.25870566928778; atr_rank=0.4; dist_ema200=-2.508602356236062
ttr-20220101180000-00837,backtest_tiered_raw_all_tf,binance,BTCUSDT,1h,2022-01-01T18:00:00Z,,short,T4d_H1_fail_brk_short,,4,,0,,,,,,,,,,,,,,,,1.0114338589358498,,,,,64.80522287132433,-1.2588915126208435,0.7784910599678809,,,,bull,bull,,,,,,,tp_hit,,,0.019,,,,binance,1.0,backfilled from tiered_trades.csv; signal-TF rsi=64.80522287132433; atr_rank=0.35; dist_ema200=-1.2588915126208435
ttr-20220104150000-00838,backtest_tiered_raw_all_tf,binance,BTCUSDT,1h,2022-01-04T15:00:00Z,,short,T4d_H1_fail_brk_short,,4,,0,,,,,,,,,,,,,,,,1.8390479391902603,,,,,66.2009426165427,-1.2366889989947143,0.4041517029215515,,,,bull,bull,,,,,,,tp_hit,,,0.019,,,,binance,1.0,backfilled from tiered_trades.csv; signal-TF rsi=66.2009426165427; atr_rank=0.65; dist_ema200=-1.2366889989947143
ttr-20220105220000-00839,backtest_tiered_raw_all_tf,binance,BTCUSDT,1h,2022-01-05T22:00:00Z,,long,T4c_H1_sweep_lo_long,,4,,0,,,,,,,,,,,,,,,,2.946436937044717,,,,,14.840428099398435,-7.787409732654151,-5.773720733763256,,,,bull,bull,,,,,,,sl_hit,,,-0.0109999999999999,,,,binance,1.0,backfilled from tiered_trades.csv; signal-TF rsi=14.840428099398435; atr_rank=1.0; dist_ema200=-7.787409732654151
ttr-20220107040000-00840,backtest_tiered_raw_all_tf,binance,BTCUSDT,1h,2022-01-07T04:00:00Z,,long,T4c_H1_sweep_lo_long,,4,,0,,,,,,,,,,,,,,,,3.337410131342192,,,,,31.989400640785405,-9.418335015732245,-4.962433298846172,,,,bull,bull,,,,,,,sl_hit,,,-0.011,,,,binance,1.0,backfilled from tiered_trades.csv; signal-TF rsi=31.989400640785405; atr_rank=0.73; dist_ema200=-9.418335015732245
ttr-20220109200000-00841,backtest_tiered_raw_all_tf,binance,BTCUSDT,1h,2022-01-09T20:00:00Z,,short,T4d_H1_fail_brk_short,,4,,0,,,,,,,,,,,,,,,,1.2375165095790257,,,,,59.64775858776009,-3.62290425689311,1.0971655783328838,,,,bull,bull,,,,,,,tp_hit,,,0.019,,,,binance,1.0,backfilled from tiered_trades.csv; signal-TF rsi=59.64775858776009; atr_rank=0.31; dist_ema200=-3.62290425689311
ttr-20220110140000-00842,backtest_tiered_raw_all_tf,binance,BTCUSDT,1h,2022-01-10T14:00:00Z,,long,T4c_H1_sweep_lo_long,,4,,0,,,,,,,,,,,,,,,,7.38277389809051,,,,,30.191966505060197,-6.569054052930162,-2.4712625765818794,,,,bull,bull,,,,,,,tp_hit,,,0.0190000000000001,,,,binance,1.0,backfilled from tiered_trades.csv; signal-TF rsi=30.191966505060197; atr_rank=0.53; dist_ema200=-6.569054052930162
ttr-20220111030000-00843,backtest_tiered_raw_all_tf,binance,BTCUSDT,1h,2022-01-11T03:00:00Z,,short,T4d_H1_fail_brk_short,,4,,0,,,,,,,,,,,,,,,,0.3841834374287222,,,,,67.75319892346192,-2.6177645589805216,1.195422364382516,,,,bull,bull,,,,,,,tp_hit,,,0.019,,,,binance,1.0,backfilled from tiered_trades.csv; signal-TF rsi=67.75319892346192; atr_rank=0.88; dist_ema200=-2.6177645589805216
ttr-20220112200000-00844,backtest_tiered_raw_all_tf,binance,BTCUSDT,4h,2022-01-12T20:00:00Z,,short,T3a_H4_sweep_hi_short_loose,,3,,0,,,,,,,,,,,,,,,,0.6687676242609769,,,,,80.22804157284043,-6.518407804316095,1.6293055649901342,,,,bull,bull,,,,,,,tp_hit,,,0.0289999999999999,,,,binance,1.0,backfilled from tiered_trades.csv; signal-TF rsi=80.22804157284043; atr_rank=0.44; dist_ema200=-6.518407804316095
ttr-20220112200000-00845,backtest_tiered_raw_all_tf,binance,BTCUSDT,4h,2022-01-12T20:00:00Z,,short,T4b_H4_sstar_short,,4,,0,,,,,,,,,,,,,,,,0.6687676242609769,,,,,80.22804157284043,-6.518407804316095,1.6293055649901342,,,,bull,bull,,,,,,,tp_hit,,,0.0289999999999999,,,,binance,1.0,backfilled from tiered_trades.csv; signal-TF rsi=80.22804157284043; atr_rank=0.44; dist_ema200=-6.518407804316095
ttr-20220113200000-00846,backtest_tiered_raw_all_tf,binance,BTCUSDT,1h,2022-01-13T20:00:00Z,,long,T4c_H1_sweep_lo_long,,4,,0,,,,,,,,,,,,,,,,1.23385352023473,,,,,33.121419796030224,-1.0829198500546933,-0.9024722753408267,,,,bull,bull,,,,,,,sl_hit,,,-0.0109999999999999,,,,binance,1.0,backfilled from tiered_trades.csv; signal-TF rsi=33.121419796030224; atr_rank=0.7; dist_ema200=-1.0829198500546933
ttr-20220114110000-00847,backtest_tiered_raw_all_tf,binance,BTCUSDT,1h,2022-01-14T11:00:00Z,,long,T4c_H1_sweep_lo_long,,4,,0,,,,,,,,,,,,,,,,1.9199484279343249,,,,,30.47698728392706,-2.6796824894416518,-2.0792862119672466,,,,bull,bull,,,,,,,tp_hit,,,0.019,,,,binance,1.0,backfilled from tiered_trades.csv; signal-TF rsi=30.47698728392706; atr_rank=0.26; dist_ema200=-2.6796824894416518
ttr-20220116110000-00848,backtest_tiered_raw_all_tf,binance,BTCUSDT,1h,2022-01-16T11:00:00Z,,long,T4c_H1_sweep_lo_long,,4,,0,,,,,,,,,,,,,,,,1.3171015276320384,,,,,35.846340811735445,-0.3775652610475764,-0.2113528421956412,,,,bull,bull,,,,,,,sl_hit,,,-0.0109999999999999,,,,binance,1.0,backfilled from tiered_trades.csv; signal-TF rsi=35.846340811735445; atr_rank=0.01; dist_ema200=-0.3775652610475764
ttr-20220117050000-00849,backtest_tiered_raw_all_tf,binance,BTCUSDT,1h,2022-01-17T05:00:00Z,,long,T4c_H1_sweep_lo_long,,4,,0,,,,,,,,,,,,,,,,1.5814667861380611,,,,,35.42530221122476,-1.0262507627505448,-0.7982764938560828,,,,bull,bull,,,,,,,sl_hit,,,-0.011,,,,binance,1.0,backfilled from tiered_trades.csv; signal-TF rsi=35.42530221122476; atr_rank=0.39; dist_ema200=-1.0262507627505448
ttr-20220117180000-00850,backtest_tiered_raw_all_tf,binance,BTCUSDT,1h,2022-01-17T18:00:00Z,,long,T4c_H1_sweep_lo_long,,4,,0,,,,,,,,,,,,,,,,2.0181994766939444,,,,,34.17884113204906,-2.0105712805053337,-1.49693024175225,,,,bull,bull,,,,,,,sl_hit,,,-0.0109999999999999,,,,binance,1.0,backfilled from tiered_trades.csv; signal-TF rsi=34.17884113204906; atr_rank=0.6; dist_ema200=-2.0105712805053337
ttr-20220120160000-00851,backtest_tiered_raw_all_tf,binance,BTCUSDT,4h,2022-01-20T16:00:00Z,,short,T3a_H4_sweep_hi_short_loose,,3,,0,,,,,,,,,,,,,,,,1.2369223532843685,,,,,60.11458079639549,-5.279878423608014,0.9111265301321456,,,,bull,bull,,,,,,,tp_hit,,,0.0289999999999999,,,,binance,1.0,backfilled from tiered_trades.csv; signal-TF rsi=60.11458079639549; atr_rank=0.48; dist_ema200=-5.279878423608014
ttr-20220121000000-00852,backtest_tiered_raw_all_tf,binance,BTCUSDT,1h,2022-01-21T00:00:00Z,,long,T4c_H1_sweep_lo_long,,4,,0,,,,,,,,,,,,,,,,1.5628770286178562,,,,,36.25283633415027,-3.730445809488464,-2.795287312233003,,,,bull,bull,,,,,,,sl_hit,,,-0.011,,,,binance,1.0,backfilled from tiered_trades.csv; signal-TF rsi=36.25283633415027; atr_rank=1.0; dist_ema200=-3.730445809488464
ttr-20220122100000-00853,backtest_tiered_raw_all_tf,binance,BTCUSDT,1h,2022-01-22T10:00:00Z,,long,T4c_H1_sweep_lo_long,,4,,0,,,,,,,,,,,,,,,,2.9830783840680954,,,,,23.23557311662516,-13.532360497856002,-7.517617039386231,,,,bull,bull,,,,,,,sl_hit,,,-0.0109999999999999,,,,binance,1.0,backfilled from tiered_trades.csv; signal-TF rsi=23.23557311662516; atr_rank=1.0; dist_ema200=-13.532360497856002
ttr-20220124000000-00854,backtest_tiered_raw_all_tf,binance,BTCUSDT,1h,2022-01-24T00:00:00Z,,short,T4d_H1_fail_brk_short,,4,,0,,,,,,,,,,,,,,,,1.396007270567195,,,,,49.18090554779837,-8.66356293245091,-0.5652808624993567,,,,bull,bull,,,,,,,tp_hit,,,0.0190000000000001,,,,binance,1.0,backfilled from tiered_trades.csv; signal-TF rsi=49.18090554779837; atr_rank=0.43; dist_ema200=-8.66356293245091
ttr-20220125180000-00855,backtest_tiered_raw_all_tf,binance,BTCUSDT,1h,2022-01-25T18:00:00Z,,short,T4d_H1_fail_brk_short,,4,,0,,,,,,,,,,,,,,,,0.969555089737386,,,,,80.05906150997384,-1.905620573609779,3.586991974084001,,,,bull,bull,,,,,,,tp_hit,,,0.0189999999999999,,,,binance,1.0,backfilled from tiered_trades.csv; signal-TF rsi=80.05906150997384; atr_rank=0.25; dist_ema200=-1.905620573609779
ttr-20220126040000-00856,backtest_tiered_raw_all_tf,binance,BTCUSDT,4h,2022-01-26T04:00:00Z,,short,T3a_H4_sweep_hi_short_loose,,3,,0,,,,,,,,,,,,,,,,0.8348163156914873,,,,,57.06601770185849,-12.719658712044549,-1.5303935034182026,,,,bull,bull,,,,,,,sl_hit,,,-0.0159999999999999,,,,binance,1.0,backfilled from tiered_trades.csv; signal-TF rsi=57.06601770185849; atr_rank=0.75; dist_ema200=-12.719658712044549
ttr-20220126120000-00857,backtest_tiered_raw_all_tf,binance,BTCUSDT,4h,2022-01-26T12:00:00Z,,short,T4b_H4_sstar_short,,4,,0,,,,,,,,,,,,,,,,1.2214929214478285,,,,,71.47814095066856,-11.012944884788205,0.1521645154420512,,,,bull,bull,,,,,,,sl_hit,,,-0.0159999999999998,,,,binance,1.0,backfilled from tiered_trades.csv; signal-TF rsi=71.47814095066856; atr_rank=0.74; dist_ema200=-11.012944884788205
ttr-20220126220000-00858,backtest_tiered_raw_all_tf,binance,BTCUSDT,1h,2022-01-26T22:00:00Z,,long,T4c_H1_sweep_lo_long,,4,,0,,,,,,,,,,,,,,,,0.6373133703958558,,,,,36.2188337426001,-3.644083897939178,-1.2792862447369844,,,,bull,bull,,,,,,,sl_hit,,,-0.011,,,,binance,1.0,backfilled from tiered_trades.csv; signal-TF rsi=36.2188337426001; atr_rank=0.71; dist_ema200=-3.644083897939178
ttr-20220131020000-00859,backtest_tiered_raw_all_tf,binance,BTCUSDT,1h,2022-01-31T02:00:00Z,,long,T4c_H1_sweep_lo_long,,4,,0,,,,,,,,,,,,,,,,1.6679583673711913,,,,,32.35532483053531,-1.5947855306691243,-1.746237707191297,,,,bull,bull,,,,,,,tp_hit,,,0.0189999999999999,,,,binance,1.0,backfilled from tiered_trades.csv; signal-TF rsi=32.35532483053531; atr_rank=0.39; dist_ema200=-1.5947855306691243
ttr-20220201080000-00860,backtest_tiered_raw_all_tf,binance,BTCUSDT,4h,2022-02-01T08:00:00Z,,short,T3a_H4_sweep_hi_short_loose,,3,,0,,,,,,,,,,,,,,,,1.718068911506064,,,,,56.30369114606472,-6.653515465951158,1.807342520684644,,,,bull,bull,,,,,,,sl_hit,,,-0.0159999999999999,,,,binance,1.0,backfilled from tiered_trades.csv; signal-TF rsi=56.30369114606472; atr_rank=0.41; dist_ema200=-6.653515465951158
ttr-20220204000000-00861,backtest_tiered_raw_all_tf,binance,BTCUSDT,1h,2022-02-04T00:00:00Z,,short,T4d_H1_fail_brk_short,,4,,0,,,,,,,,,,,,,,,,1.024848456418349,,,,,63.2362750212982,-1.166912488111326,-0.2121016865105209,,,,bull,bull,,,,,,,sl_hit,,,-0.011,,,,binance,1.0,backfilled from tiered_trades.csv; signal-TF rsi=63.2362750212982; atr_rank=0.83; dist_ema200=-1.166912488111326
ttr-20220208000000-00862,backtest_tiered_raw_all_tf,binance,BTCUSDT,1d,2022-02-08T00:00:00Z,,short,T1c_D_sstar_short,,1,,0,,,,,,,,,,,,,,,,1.3047394259540677,,,,,79.6862704346172,-5.986301406359607,3.035251457025542,,,28.738111789806,bull,bull,,0.6380472420569162,,,,,tp_hit,,,0.0989999999999999,,,,binance,1.0,backfilled from tiered_trades.csv; signal-TF rsi=79.6862704346172; atr_rank=0.25; dist_ema200=-5.986301406359607
ttr-20220208130000-00863,backtest_tiered_raw_all_tf,binance,BTCUSDT,1h,2022-02-08T13:00:00Z,,long,T3b_H1_fail_brkdn_long,,3,,0,,,,,,,,,,,,,,,,1.2871346559743395,,,,,46.63730984787831,7.344775534785366,1.0372367852251625,,,,bull,bull,,,,,,,sl_hit,,,-0.013,,,,binance,1.0,backfilled from tiered_trades.csv; signal-TF rsi=46.63730984787831; atr_rank=0.86; dist_ema200=7.344775534785366
ttr-20220211230000-00864,backtest_tiered_raw_all_tf,binance,BTCUSDT,1h,2022-02-11T23:00:00Z,,long,T4c_H1_sweep_lo_long,,4,,0,,,,,,,,,,,,,,,,0.7986929324095374,,,,,32.76547766109179,0.0480232845813633,-2.4904155813877566,,,,bull,bull,,,,,,,sl_hit,,,-0.011,,,,binance,1.0,backfilled from tiered_trades.csv; signal-TF rsi=32.76547766109179; atr_rank=0.58; dist_ema200=0.0480232845813633
ttr-20220212040000-00865,backtest_tiered_raw_all_tf,binance,BTCUSDT,4h,2022-02-12T04:00:00Z,,long,T4a_H4_hammer_long,,4,,0,,,,,,,,,,,,,,,,0.5846335501365242,,,,,28.458958865819284,1.4744070808779166,-0.6442500541463145,,,,bull,bull,,,,,,,tp_hit,,,0.0290000000000001,,,,binance,1.0,backfilled from tiered_trades.csv; signal-TF rsi=28.458958865819284; atr_rank=0.8; dist_ema200=1.4744070808779166
ttr-20220214000000-00866,backtest_tiered_raw_all_tf,binance,BTCUSDT,4h,2022-02-14T00:00:00Z,,long,T4a_H4_hammer_long,,4,,0,,,,,,,,,,,,,,,,1.0086052628792594,,,,,37.24039091167426,0.8238223393744439,-0.9947150104889012,,,,bull,bull,,,,,,,tp_hit,,,0.0289999999999999,,,,binance,1.0,backfilled from tiered_trades.csv; signal-TF rsi=37.24039091167426; atr_rank=0.03; dist_ema200=0.8238223393744439
ttr-20220217160000-00867,backtest_tiered_raw_all_tf,binance,BTCUSDT,1h,2022-02-17T16:00:00Z,,long,T4c_H1_sweep_lo_long,,4,,0,,,,,,,,,,,,,,,,1.7068829426062968,,,,,17.732950871104578,-2.32653998801999,-3.295116127155926,,,,bull,bull,,,,,,,sl_hit,,,-0.011,,,,binance,1.0,backfilled from tiered_trades.csv; signal-TF rsi=17.732950871104578; atr_rank=1.0; dist_ema200=-2.32653998801999
ttr-20220220070000-00868,backtest_tiered_raw_all_tf,binance,BTCUSDT,1h,2022-02-20T07:00:00Z,,long,T4c_H1_sweep_lo_long,,4,,0,,,,,,,,,,,,,,,,1.7500631944048457,,,,,16.08716907151019,-6.859412051347574,-3.548359452625126,,,,bull,bull,,,,,,,sl_hit,,,-0.011,,,,binance,1.0,backfilled from tiered_trades.csv; signal-TF rsi=16.08716907151019; atr_rank=0.41; dist_ema200=-6.859412051347574
ttr-20220221130000-00869,backtest_tiered_raw_all_tf,binance,BTCUSDT,1h,2022-02-21T13:00:00Z,,long,T4c_H1_sweep_lo_long,,4,,0,,,,,,,,,,,,,,,,2.1488830425213923,,,,,37.52085787572189,-8.01849072553636,-3.7529319879870617,,,,bull,bull,,,,,,,tp_hit,,,0.019,,,,binance,1.0,backfilled from tiered_trades.csv; signal-TF rsi=37.52085787572189; atr_rank=0.85; dist_ema200=-8.01849072553636
ttr-20220223100000-00870,backtest_tiered_raw_all_tf,binance,BTCUSDT,1h,2022-02-23T10:00:00Z,,short,T4d_H1_fail_brk_short,,4,,0,,,,,,,,,,,,,,,,0.8156698503781281,,,,,72.00858925607253,-2.185249495287675,2.058751369147671,,,,bull,bull,,,,,,,tp_hit,,,0.019,,,,binance,1.0,backfilled from tiered_trades.csv; signal-TF rsi=72.00858925607253; atr_rank=0.37; dist_ema200=-2.185249495287675
ttr-20220223220000-00871,backtest_tiered_raw_all_tf,binance,BTCUSDT,1h,2022-02-23T22:00:00Z,,long,T4c_H1_sweep_lo_long,,4,,0,,,,,,,,,,,,,,,,0.8594429423257018,,,,,29.871308364956377,-4.841340144237393,-1.2260648679998436,,,,bull,bull,,,,,,,sl_hit,,,-0.0109999999999999,,,,binance,1.0,backfilled from tiered_trades.csv; signal-TF rsi=29.871308364956377; atr_rank=0.56; dist_ema200=-4.841340144237393
ttr-20220224210000-00872,backtest_tiered_raw_all_tf,binance,BTCUSDT,1h,2022-02-24T21:00:00Z,,short,T4d_H1_fail_brk_short,,4,,0,,,,,,,,,,,,,,,,0.4028405584413959,,,,,82.22930162652096,-1.1382087328150576,3.993063133333669,,,,bull,bull,,,,,,,sl_hit,,,-0.0109999999999999,,,,binance,1.0,backfilled from tiered_trades.csv; signal-TF rsi=82.22930162652096; atr_rank=0.9; dist_ema200=-1.1382087328150576
ttr-20220226000000-00873,backtest_tiered_raw_all_tf,binance,BTCUSDT,4h,2022-02-26T00:00:00Z,,short,T3a_H4_sweep_hi_short_loose,,3,,0,,,,,,,,,,,,,,,,0.6213146001555729,,,,,59.32371881094897,-2.863733361008463,1.4062721538436005,,,,bull,bull,,,,,,,tp_hit,,,0.029,,,,binance,1.0,backfilled from tiered_trades.csv; signal-TF rsi=59.32371881094897; atr_rank=0.98; dist_ema200=-2.863733361008463
ttr-20220303040000-00874,backtest_tiered_raw_all_tf,binance,BTCUSDT,1h,2022-03-03T04:00:00Z,,long,T3b_H1_fail_brkdn_long,,3,,0,,,,,,,,,,,,,,,,0.4789111270764939,,,,,26.81625255851512,5.918109611495162,0.1937194674992517,,,,bull,bull,,,,,,,sl_hit,,,-0.0129999999999999,,,,binance,1.0,backfilled from tiered_trades.csv; signal-TF rsi=26.81625255851512; atr_rank=0.29; dist_ema200=5.918109611495162
ttr-20220303060000-00875,backtest_tiered_raw_all_tf,binance,BTCUSDT,1h,2022-03-03T06:00:00Z,,long,T4c_H1_sweep_lo_long,,4,,0,,,,,,,,,,,,,,,,0.9845562776898412,,,,,33.218723559566655,5.794004728638878,0.1862246573886705,,,,bull,bull,,,,,,,sl_hit,,,-0.0109999999999999,,,,binance,1.0,backfilled from tiered_trades.csv; signal-TF rsi=33.218723559566655; atr_rank=0.1; dist_ema200=5.794004728638878
ttr-20220303210000-00876,backtest_tiered_raw_all_tf,binance,BTCUSDT,1h,2022-03-03T21:00:00Z,,long,T4c_H1_sweep_lo_long,,4,,0,,,,,,,,,,,,,,,,0.5408617832520992,,,,,28.27123920465951,1.8893182256477676,-2.374170157838098,,,,bull,bull,,,,,,,sl_hit,,,-0.0109999999999999,,,,binance,1.0,backfilled from tiered_trades.csv; signal-TF rsi=28.27123920465951; atr_rank=0.25; dist_ema200=1.8893182256477676
ttr-20220304080000-00877,backtest_tiered_raw_all_tf,binance,BTCUSDT,4h,2022-03-04T08:00:00Z,,long,T4a_H4_hammer_long,,4,,0,,,,,,,,,,,,,,,,1.0245499064438397,,,,,21.01997901528587,1.886793864154707,0.742439131770288,,,,bull,bull,,,,,,,sl_hit,,,-0.0159999999999999,,,,binance,1.0,backfilled from tiered_trades.csv; signal-TF rsi=21.01997901528587; atr_rank=0.43; dist_ema200=1.886793864154707
ttr-20220304160000-00878,backtest_tiered_raw_all_tf,binance,BTCUSDT,1h,2022-03-04T16:00:00Z,,long,T4c_H1_sweep_lo_long,,4,,0,,,,,,,,,,,,,,,,1.5336638293128195,,,,,29.72939222517789,-1.4166612097224782,-3.4629772219922312,,,,bull,bull,,,,,,,sl_hit,,,-0.0109999999999999,,,,binance,1.0,backfilled from tiered_trades.csv; signal-TF rsi=29.72939222517789; atr_rank=0.32; dist_ema200=-1.4166612097224782
ttr-20220305040000-00879,backtest_tiered_raw_all_tf,binance,BTCUSDT,1h,2022-03-05T04:00:00Z,,long,T4c_H1_sweep_lo_long,,4,,0,,,,,,,,,,,,,,,,0.7225346797281912,,,,,19.47223638948265,-5.500501269194397,-5.488003868297856,,,,bull,bull,,,,,,,tp_hit,,,0.019,,,,binance,1.0,backfilled from tiered_trades.csv; signal-TF rsi=19.47223638948265; atr_rank=0.76; dist_ema200=-5.500501269194397
ttr-20220306010000-00880,backtest_tiered_raw_all_tf,binance,BTCUSDT,1h,2022-03-06T01:00:00Z,,short,T4d_H1_fail_brk_short,,4,,0,,,,,,,,,,,,,,,,0.7251303503174263,,,,,62.26511351075606,-3.2337300717372077,-1.5682362766996911,,,,bull,bull,,,,,,,tp_hit,,,0.019,,,,binance,1.0,backfilled from tiered_trades.csv; signal-TF rsi=62.26511351075606; atr_rank=0.02; dist_ema200=-3.2337300717372077
ttr-20220306110000-00881,backtest_tiered_raw_all_tf,binance,BTCUSDT,1h,2022-03-06T11:00:00Z,,long,T4c_H1_sweep_lo_long,,4,,0,,,,,,,,,,,,,,,,1.3381059118731615,,,,,28.60710403384576,-5.549972746970845,-3.49182570171192,,,,bull,bull,,,,,,,tp_hit,,,0.0189999999999999,,,,binance,1.0,backfilled from tiered_trades.csv; signal-TF rsi=28.60710403384576; atr_rank=0.27; dist_ema200=-5.549972746970845
ttr-20220307030000-00882,backtest_tiered_raw_all_tf,binance,BTCUSDT,1h,2022-03-07T03:00:00Z,,long,T4c_H1_sweep_lo_long,,4,,0,,,,,,,,,,,,,,,,1.121194169529864,,,,,31.24272371890946,-6.067706718746948,-3.400468116048849,,,,bull,bull,,,,,,,tp_hit,,,0.0189999999999999,,,,binance,1.0,backfilled from tiered_trades.csv; signal-TF rsi=31.24272371890946; atr_rank=0.77; dist_ema200=-6.067706718746948
ttr-20220310030000-00883,backtest_tiered_raw_all_tf,binance,BTCUSDT,1h,2022-03-10T03:00:00Z,,long,T3b_H1_fail_brkdn_long,,3,,0,,,,,,,,,,,,,,,,1.1230572818983473,,,,,33.064369704970886,1.6032328183640878,0.3041103876615416,,,,bull,bull,,,,,,,sl_hit,,,-0.013,,,,binance,1.0,backfilled from tiered_trades.csv; signal-TF rsi=33.064369704970886; atr_rank=0.32; dist_ema200=1.6032328183640878
ttr-20220310080000-00884,backtest_tiered_raw_all_tf,binance,BTCUSDT,1h,2022-03-10T08:00:00Z,,long,T4c_H1_sweep_lo_long,,4,,0,,,,,,,,,,,,,,,,1.1433454724918954,,,,,13.36158553961124,-2.159400166843495,-2.928984901922689,,,,bull,bull,,,,,,,sl_hit,,,-0.0109999999999999,,,,binance,1.0,backfilled from tiered_trades.csv; signal-TF rsi=13.36158553961124; atr_rank=0.78; dist_ema200=-2.159400166843495
ttr-20220313230000-00885,backtest_tiered_raw_all_tf,binance,BTCUSDT,1h,2022-03-13T23:00:00Z,,long,T4c_H1_sweep_lo_long,,4,,0,,,,,,,,,,,,,,,,1.904754093501761,,,,,25.64185258516855,-4.219742679630008,-2.93909896299078,,,,bull,bull,,,,,,,tp_hit,,,0.0189999999999999,,,,binance,1.0,backfilled from tiered_trades.csv; signal-TF rsi=25.64185258516855; atr_rank=0.42; dist_ema200=-4.219742679630008
ttr-20220314000000-00886,backtest_tiered_raw_all_tf,binance,BTCUSDT,1w,2022-03-14T00:00:00Z,,long,T1b_W_rsi_os_long,,1,,0,,,,,,,,,,,,,,,,1.067469992780515,,,,,39.03221178616294,56.83406927814013,-4.278763571358742,,,,bull,bull,,,,,,,sl_hit,,,-0.1009999999999999,,,,binance,1.0,backfilled from tiered_trades.csv; signal-TF rsi=39.03221178616294; atr_rank=0.49; dist_ema200=56.83406927814013
ttr-20220314080000-00887,backtest_tiered_raw_all_tf,binance,BTCUSDT,1h,2022-03-14T08:00:00Z,,short,T4d_H1_fail_brk_short,,4,,0,,,,,,,,,,,,,,,,1.1787605826854348,,,,,51.614484640926285,-0.7083477105150162,0.748967408846571,,,,bull,bull,,,,,,,sl_hit,,,-0.0109999999999999,,,,binance,1.0,backfilled from tiered_trades.csv; signal-TF rsi=51.614484640926285; atr_rank=0.55; dist_ema200=-0.7083477105150162
ttr-20220316030000-00888,backtest_tiered_raw_all_tf,binance,BTCUSDT,1h,2022-03-16T03:00:00Z,,short,T4d_H1_fail_brk_short,,4,,0,,,,,,,,,,,,,,,,2.818115685956829,,,,,54.05556338814724,-0.2536556809398296,0.1566149178557601,,,,bull,bull,,,,,,,sl_hit,,,-0.0109999999999999,,,,binance,1.0,backfilled from tiered_trades.csv; signal-TF rsi=54.05556338814724; atr_rank=1.0; dist_ema200=-0.2536556809398296
ttr-20220318010000-00889,backtest_tiered_raw_all_tf,binance,BTCUSDT,1h,2022-03-18T01:00:00Z,,long,T3b_H1_fail_brkdn_long,,3,,0,,,,,,,,,,,,,,,,0.9578794024086336,,,,,45.19240159036477,1.892820985853996,0.1085384057960082,,,,bull,bull,,,,,,,tp_hit,,,0.0239999999999998,,,,binance,1.0,backfilled from tiered_trades.csv; signal-TF rsi=45.19240159036477; atr_rank=0.07; dist_ema200=1.892820985853996
ttr-20220318110000-00890,backtest_tiered_raw_all_tf,binance,BTCUSDT,1h,2022-03-18T11:00:00Z,,long,T4c_H1_sweep_lo_long,,4,,0,,,,,,,,,,,,,,,,2.111052430624527,,,,,31.191454700285306,1.3261248667901473,-0.3092469336281321,,,,bull,bull,,,,,,,tp_hit,,,0.0189999999999999,,,,binance,1.0,backfilled from tiered_trades.csv; signal-TF rsi=31.191454700285306; atr_rank=0.07; dist_ema200=1.3261248667901473
ttr-20220320120000-00891,backtest_tiered_raw_all_tf,binance,BTCUSDT,1h,2022-03-20T12:00:00Z,,long,T4c_H1_sweep_lo_long,,4,,0,,,,,,,,,,,,,,,,1.947640716103184,,,,,37.210634337263,2.5558349747299043,0.0114363475406779,,,,bull,bull,,,,,,,sl_hit,,,-0.011,,,,binance,1.0,backfilled from tiered_trades.csv; signal-TF rsi=37.210634337263; atr_rank=0.14; dist_ema200=2.5558349747299043
ttr-20220323010000-00892,backtest_tiered_raw_all_tf,binance,BTCUSDT,1h,2022-03-23T01:00:00Z,,long,T4c_H1_sweep_lo_long,,4,,0,,,,,,,,,,,,,,,,1.4737112272893464,,,,,33.802651072889745,2.849391410438833,0.637566594100259,,,,bull,bull,,,,,,,sl_hit,,,-0.011,,,,binance,1.0,backfilled from tiered_trades.csv; signal-TF rsi=33.802651072889745; atr_rank=0.47; dist_ema200=2.849391410438833
ttr-20220330020000-00893,backtest_tiered_raw_all_tf,binance,BTCUSDT,1h,2022-03-30T02:00:00Z,,long,T3b_H1_fail_brkdn_long,,3,,0,,,,,,,,,,,,,,,,1.5911882906417432,,,,,37.105322026315264,5.0949928063575145,0.2419481093609895,,,,bull,bull,,,,,,,sl_hit,,,-0.0129999999999999,,,,binance,1.0,backfilled from tiered_trades.csv; signal-TF rsi=37.105322026315264; atr_rank=0.86; dist_ema200=5.0949928063575145
ttr-20220331170000-00894,backtest_tiered_raw_all_tf,binance,BTCUSDT,1h,2022-03-31T17:00:00Z,,long,T4c_H1_sweep_lo_long,,4,,0,,,,,,,,,,,,,,,,1.13228371156767,,,,,25.35130706324287,0.4360992279673407,-2.559381768940605,,,,bull,bull,,,,,,,sl_hit,,,-0.0109999999999999,,,,binance,1.0,backfilled from tiered_trades.csv; signal-TF rsi=25.35130706324287; atr_rank=0.7; dist_ema200=0.4360992279673407
ttr-20220331200000-00895,backtest_tiered_raw_all_tf,binance,BTCUSDT,4h,2022-03-31T20:00:00Z,,long,T4a_H4_hammer_long,,4,,0,,,,,,,,,,,,,,,,0.887054094741143,,,,,13.446486076908442,6.771866624973232,-0.1989605685521878,,,,bull,bull,,,,,,,sl_hit,,,-0.016,,,,binance,1.0,backfilled from tiered_trades.csv; signal-TF rsi=13.446486076908442; atr_rank=0.41; dist_ema200=6.771866624973232
ttr-20220404180000-00896,backtest_tiered_raw_all_tf,binance,BTCUSDT,1h,2022-04-04T18:00:00Z,,long,T4c_H1_sweep_lo_long,,4,,0,,,,,,,,,,,,,,,,1.2759896791633225,,,,,36.53586503887111,-0.8884482069955091,-1.3204329045965435,,,,bull,bull,,,,,,,tp_hit,,,0.0189999999999999,,,,binance,1.0,backfilled from tiered_trades.csv; signal-TF rsi=36.53586503887111; atr_rank=0.3; dist_ema200=-0.8884482069955091
ttr-20220405160000-00897,backtest_tiered_raw_all_tf,binance,BTCUSDT,1h,2022-04-05T16:00:00Z,,long,T4c_H1_sweep_lo_long,,4,,0,,,,,,,,,,,,,,,,1.258192145679571,,,,,31.75383487775491,-0.2075909509723152,-0.8228899651646742,,,,bull,bull,,,,,,,sl_hit,,,-0.011,,,,binance,1.0,backfilled from tiered_trades.csv; signal-TF rsi=31.75383487775491; atr_rank=0.24; dist_ema200=-0.2075909509723152
ttr-20220406000000-00898,backtest_tiered_raw_all_tf,binance,BTCUSDT,4h,2022-04-06T00:00:00Z,,long,T4a_H4_hammer_long,,4,,0,,,,,,,,,,,,,,,,1.4478233788516313,,,,,35.905644282261434,3.830147986056117,-1.6024352568881624,,,,bull,bull,,,,,,,sl_hit,,,-0.0159999999999999,,,,binance,1.0,backfilled from tiered_trades.csv; signal-TF rsi=35.905644282261434; atr_rank=0.85; dist_ema200=3.830147986056117
ttr-20220406140000-00899,backtest_tiered_raw_all_tf,binance,BTCUSDT,1h,2022-04-06T14:00:00Z,,long,T4c_H1_sweep_lo_long,,4,,0,,,,,,,,,,,,,,,,2.7767720098320745,,,,,31.706695796574053,-3.5308319659218808,-3.074380338374019,,,,bull,bull,,,,,,,sl_hit,,,-0.0109999999999999,,,,binance,1.0,backfilled from tiered_trades.csv; signal-TF rsi=31.706695796574053; atr_rank=0.65; dist_ema200=-3.5308319659218808
ttr-20220410000000-00900,backtest_tiered_raw_all_tf,binance,BTCUSDT,1h,2022-04-10T00:00:00Z,,short,T4d_H1_fail_brk_short,,4,,0,,,,,,,,,,,,,,,,0.8961524856615087,,,,,55.47506349572852,-3.7289477384520127,-0.5480766091958267,,,,bull,bull,,,,,,,sl_hit,,,-0.011,,,,binance,1.0,backfilled from tiered_trades.csv; signal-TF rsi=55.47506349572852; atr_rank=0.12; dist_ema200=-3.7289477384520127
ttr-20220411100000-00901,backtest_tiered_raw_all_tf,binance,BTCUSDT,1h,2022-04-11T10:00:00Z,,long,T4c_H1_sweep_lo_long,,4,,0,,,,,,,,,,,,,,,,2.415090884693598,,,,,25.528054522279675,-4.955023558587307,-2.168001066463765,,,,bull,bull,,,,,,,sl_hit,,,-0.0109999999999999,,,,binance,1.0,backfilled from tiered_trades.csv; signal-TF rsi=25.528054522279675; atr_rank=0.91; dist_ema200=-4.955023558587307
ttr-20220411220000-00902,backtest_tiered_raw_all_tf,binance,BTCUSDT,1h,2022-04-11T22:00:00Z,,long,T4c_H1_sweep_lo_long,,4,,0,,,,,,,,,,,,,,,,1.2499549924375295,,,,,20.74559009854809,-8.347474705669452,-4.644584060664486,,,,bull,bull,,,,,,,sl_hit,,,-0.0109999999999999,,,,binance,1.0,backfilled from tiered_trades.csv; signal-TF rsi=20.74559009854809; atr_rank=1.0; dist_ema200=-8.347474705669452
ttr-20220413160000-00903,backtest_tiered_raw_all_tf,binance,BTCUSDT,1h,2022-04-13T16:00:00Z,,short,T4d_H1_fail_brk_short,,4,,0,,,,,,,,,,,,,,,,1.3901185287734084,,,,,67.95805915435238,-2.933193161400191,1.4674774573583638,,,,bull,bull,,,,,,,sl_hit,,,-0.0109999999999999,,,,binance,1.0,backfilled from tiered_trades.csv; signal-TF rsi=67.95805915435238; atr_rank=0.7; dist_ema200=-2.933193161400191
ttr-20220414160000-00904,backtest_tiered_raw_all_tf,binance,BTCUSDT,1h,2022-04-14T16:00:00Z,,long,T4c_H1_sweep_lo_long,,4,,0,,,,,,,,,,,,,,,,1.8975781509323864,,,,,15.753913298921972,-4.844984785934649,-1.971030875471554,,,,bull,bull,,,,,,,tp_hit,,,0.0189999999999999,,,,binance,1.0,backfilled from tiered_trades.csv; signal-TF rsi=15.753913298921972; atr_rank=0.22; dist_ema200=-4.844984785934649
ttr-20220415150000-00905,backtest_tiered_raw_all_tf,binance,BTCUSDT,1h,2022-04-15T15:00:00Z,,short,T4d_H1_fail_brk_short,,4,,0,,,,,,,,,,,,,,,,1.4974641005467837,,,,,64.37549575935074,-2.837263295355304,0.1222400714683477,,,,bull,bull,,,,,,,time,,,-0.0018188119382732,,,,binance,1.0,backfilled from tiered_trades.csv; signal-TF rsi=64.37549575935074; atr_rank=0.24; dist_ema200=-2.837263295355304
ttr-20220418000000-00906,backtest_tiered_raw_all_tf,binance,BTCUSDT,1d,2022-04-18T00:00:00Z,,long,T3c_D_bull_engulf_long,,3,,0,,,,,,,,,,,,,,,,1.3595296391342329,,,,,29.404197147923654,-8.070418270299967,-3.3842376209865623,,,46.99801249617629,bull,bull,,0.4699567855576409,,,,,sl_hit,,,-0.041,,,,binance,1.0,backfilled from tiered_trades.csv; signal-TF rsi=29.404197147923654; atr_rank=0.18; dist_ema200=-8.070418270299967
ttr-20220418050000-00907,backtest_tiered_raw_all_tf,binance,BTCUSDT,1h,2022-04-18T05:00:00Z,,long,T4c_H1_sweep_lo_long,,4,,0,,,,,,,,,,,,,,,,1.891374129213976,,,,,19.982104636633323,-4.970132778153951,-2.9709929920852853,,,,bull,bull,,,,,,,tp_hit,,,0.0189999999999999,,,,binance,1.0,backfilled from tiered_trades.csv; signal-TF rsi=19.982104636633323; atr_rank=0.99; dist_ema200=-4.970132778153951
ttr-20220418190000-00908,backtest_tiered_raw_all_tf,binance,BTCUSDT,1h,2022-04-18T19:00:00Z,,short,T4d_H1_fail_brk_short,,4,,0,,,,,,,,,,,,,,,,0.982744579304328,,,,,86.74026684941377,-0.1966367251185557,2.0660012004292336,,,,bull,bull,,,,,,,sl_hit,,,-0.0109999999999999,,,,binance,1.0,backfilled from tiered_trades.csv; signal-TF rsi=86.74026684941377; atr_rank=0.98; dist_ema200=-0.1966367251185557
ttr-20220419000000-00909,backtest_tiered_raw_all_tf,binance,BTCUSDT,4h,2022-04-19T00:00:00Z,,short,T3a_H4_sweep_hi_short_loose,,3,,0,,,,,,,,,,,,,,,,1.1445455892712746,,,,,55.55555555555559,-3.63401791917291,-0.1433579491368542,,,,bull,bull,,,,,,,sl_hit,,,-0.0159999999999999,,,,binance,1.0,backfilled from tiered_trades.csv; signal-TF rsi=55.55555555555559; atr_rank=0.54; dist_ema200=-3.63401791917291
ttr-20220420190000-00910,backtest_tiered_raw_all_tf,binance,BTCUSDT,1h,2022-04-20T19:00:00Z,,long,T3b_H1_fail_brkdn_long,,3,,0,,,,,,,,,,,,,,,,0.8741499649718669,,,,,45.01387581939106,0.6120178256864838,0.1891809345909902,,,,bull,bull,,,,,,,tp_hit,,,0.0239999999999999,,,,binance,1.0,backfilled from tiered_trades.csv; signal-TF rsi=45.01387581939106; atr_rank=0.84; dist_ema200=0.6120178256864838
ttr-20220426230000-00911,backtest_tiered_raw_all_tf,binance,BTCUSDT,1h,2022-04-26T23:00:00Z,,long,T4c_H1_sweep_lo_long,,4,,0,,,,,,,,,,,,,,,,1.0572043574133392,,,,,13.24354875801238,-4.797467935827529,-3.296369253394556,,,,bull,bull,,,,,,,tp_hit,,,0.019,,,,binance,1.0,backfilled from tiered_trades.csv; signal-TF rsi=13.24354875801238; atr_rank=1.0; dist_ema200=-4.797467935827529
ttr-20220427140000-00912,backtest_tiered_raw_all_tf,binance,BTCUSDT,1h,2022-04-27T14:00:00Z,,short,T4d_H1_fail_brk_short,,4,,0,,,,,,,,,,,,,,,,2.435989190300283,,,,,59.125043951366735,-2.961905116493368,-1.1545095815685755,,,,bull,bull,,,,,,,sl_hit,,,-0.0109999999999999,,,,binance,1.0,backfilled from tiered_trades.csv; signal-TF rsi=59.125043951366735; atr_rank=0.69; dist_ema200=-2.961905116493368
ttr-20220429180000-00913,backtest_tiered_raw_all_tf,binance,BTCUSDT,1h,2022-04-29T18:00:00Z,,long,T4c_H1_sweep_lo_long,,4,,0,,,,,,,,,,,,,,,,1.158090841008839,,,,,31.41434833202584,-2.7956301411892555,-1.8593598527736328,,,,bull,bull,,,,,,,sl_hit,,,-0.011,,,,binance,1.0,backfilled from tiered_trades.csv; signal-TF rsi=31.41434833202584; atr_rank=0.47; dist_ema200=-2.7956301411892555
ttr-20220430150000-00914,backtest_tiered_raw_all_tf,binance,BTCUSDT,1h,2022-04-30T15:00:00Z,,long,T4c_H1_sweep_lo_long,,4,,0,,,,,,,,,,,,,,,,2.0858325367850528,,,,,38.991769547325234,-2.4863260655452595,-1.0419092627041442,,,,bull,bull,,,,,,,sl_hit,,,-0.011,,,,binance,1.0,backfilled from tiered_trades.csv; signal-TF rsi=38.991769547325234; atr_rank=0.07; dist_ema200=-2.4863260655452595
ttr-20220502050000-00915,backtest_tiered_raw_all_tf,binance,BTCUSDT,1h,2022-05-02T05:00:00Z,,short,T4d_H1_fail_brk_short,,4,,0,,,,,,,,,,,,,,,,0.9351265060389404,,,,,61.07148193208264,-0.1431865170878054,1.5129617764884618,,,,bull,bull,,,,,,,tp_hit,,,0.019,,,,binance,1.0,backfilled from tiered_trades.csv; signal-TF rsi=61.07148193208264; atr_rank=0.7; dist_ema200=-0.1431865170878054
ttr-20220503190000-00916,backtest_tiered_raw_all_tf,binance,BTCUSDT,1h,2022-05-03T19:00:00Z,,long,T4c_H1_sweep_lo_long,,4,,0,,,,,,,,,,,,,,,,1.460894583896578,,,,,20.68965517241385,-2.976110825673487,-1.782484511311792,,,,bull,bull,,,,,,,tp_hit,,,0.0189999999999999,,,,binance,1.0,backfilled from tiered_trades.csv; signal-TF rsi=20.68965517241385; atr_rank=0.37; dist_ema200=-2.976110825673487
ttr-20220505190000-00917,backtest_tiered_raw_all_tf,binance,BTCUSDT,1h,2022-05-05T19:00:00Z,,long,T4c_H1_sweep_lo_long,,4,,0,,,,,,,,,,,,,,,,2.579423959249458,,,,,5.623351057078693,-6.456424295987325,-5.971569122970501,,,,bull,bull,,,,,,,sl_hit,,,-0.011,,,,binance,1.0,backfilled from tiered_trades.csv; signal-TF rsi=5.623351057078693; atr_rank=1.0; dist_ema200=-6.456424295987325
ttr-20220506130000-00918,backtest_tiered_raw_all_tf,binance,BTCUSDT,1h,2022-05-06T13:00:00Z,,long,T4c_H1_sweep_lo_long,,4,,0,,,,,,,,,,,,,,,,2.741305979674937,,,,,26.38944258143202,-6.910323276560741,-4.408226532909885,,,,bull,bull,,,,,,,sl_hit,,,-0.011,,,,binance,1.0,backfilled from tiered_trades.csv; signal-TF rsi=26.38944258143202; atr_rank=0.87; dist_ema200=-6.910323276560741
ttr-20220508030000-00919,backtest_tiered_raw_all_tf,binance,BTCUSDT,1h,2022-05-08T03:00:00Z,,long,T4c_H1_sweep_lo_long,,4,,0,,,,,,,,,,,,,,,,2.8783766423486767,,,,,21.17234493339501,-8.19770337991653,-4.2533312952166415,,,,bull,bull,,,,,,,sl_hit,,,-0.011,,,,binance,1.0,backfilled from tiered_trades.csv; signal-TF rsi=21.17234493339501; atr_rank=0.74; dist_ema200=-8.19770337991653
ttr-20220509080000-00920,backtest_tiered_raw_all_tf,binance,BTCUSDT,1h,2022-05-09T08:00:00Z,,long,T4c_H1_sweep_lo_long,,4,,0,,,,,,,,,,,,,,,,1.2813575514305364,,,,,32.284548614025866,-8.28271669050574,-2.96395282915562,,,,bull,bull,,,,,,,sl_hit,,,-0.011,,,,binance,1.0,backfilled from tiered_trades.csv; signal-TF rsi=32.284548614025866; atr_rank=0.68; dist_ema200=-8.28271669050574
ttr-20220510000000-00921,backtest_tiered_raw_all_tf,binance,BTCUSDT,1h,2022-05-10T00:00:00Z,,long,T4c_H1_sweep_lo_long,,4,,0,,,,,,,,,,,,,,,,1.886946642305967,,,,,30.796931474795173,-14.390050313479843,-7.337381561286948,,,,bull,bull,,,,,,,tp_hit,,,0.0189999999999999,,,,binance,1.0,backfilled from tiered_trades.csv; signal-TF rsi=30.796931474795173; atr_rank=1.0; dist_ema200=-14.390050313479843
ttr-20220513040000-00922,backtest_tiered_raw_all_tf,binance,BTCUSDT,1h,2022-05-13T04:00:00Z,,short,T4d_H1_fail_brk_short,,4,,0,,,,,,,,,,,,,,,,0.6295331643851246,,,,,58.298270393959605,-6.950100160797634,2.8775572073753914,,,,bull,bull,,,,,,,sl_hit,,,-0.0109999999999999,,,,binance,1.0,backfilled from tiered_trades.csv; signal-TF rsi=58.298270393959605; atr_rank=0.42; dist_ema200=-6.950100160797634
ttr-20220514140000-00923,backtest_tiered_raw_all_tf,binance,BTCUSDT,1h,2022-05-14T14:00:00Z,,long,T4c_H1_sweep_lo_long,,4,,0,,,,,,,,,,,,,,,,1.2224915494334485,,,,,34.7093385319362,-9.258302887290672,-2.3613339918522547,,,,bull,bull,,,,,,,sl_hit,,,-0.0109999999999999,,,,binance,1.0,backfilled from tiered_trades.csv; signal-TF rsi=34.7093385319362; atr_rank=0.01; dist_ema200=-9.258302887290672
ttr-20220514230000-00924,backtest_tiered_raw_all_tf,binance,BTCUSDT,1h,2022-05-14T23:00:00Z,,short,T4d_H1_fail_brk_short,,4,,0,,,,,,,,,,,,,,,,0.9754717586267864,,,,,59.62293640715057,-5.075975576482285,1.546010062227658,,,,bull,bull,,,,,,,tp_hit,,,0.019,,,,binance,1.0,backfilled from tiered_trades.csv; signal-TF rsi=59.62293640715057; atr_rank=0.19; dist_ema200=-5.075975576482285
ttr-20220517040000-00925,backtest_tiered_raw_all_tf,binance,BTCUSDT,1h,2022-05-17T04:00:00Z,,short,T4d_H1_fail_brk_short,,4,,0,,,,,,,,,,,,,,,,0.4766886524509,,,,,64.1274430584314,-2.078592376109768,1.274991505639964,,,,bull,bull,,,,,,,sl_hit,,,-0.0109999999999999,,,,binance,1.0,backfilled from tiered_trades.csv; signal-TF rsi=64.1274430584314; atr_rank=0.26; dist_ema200=-2.078592376109768
ttr-20220518160000-00926,backtest_tiered_raw_all_tf,binance,BTCUSDT,1h,2022-05-18T16:00:00Z,,long,T4c_H1_sweep_lo_long,,4,,0,,,,,,,,,,,,,,,,1.7100144690347732,,,,,29.079857454569904,-4.899572473112832,-2.399174317080893,,,,bull,bull,,,,,,,sl_hit,,,-0.0109999999999999,,,,binance,1.0,backfilled from tiered_trades.csv; signal-TF rsi=29.079857454569904; atr_rank=0.23; dist_ema200=-4.899572473112832
ttr-20220519160000-00927,backtest_tiered_raw_all_tf,binance,BTCUSDT,1h,2022-05-19T16:00:00Z,,short,T4d_H1_fail_brk_short,,4,,0,,,,,,,,,,,,,,,,1.51548454942981,,,,,70.17433191879812,-0.8803526068460169,1.9558469275699335,,,,bull,bull,,,,,,,sl_hit,,,-0.011,,,,binance,1.0,backfilled from tiered_trades.csv; signal-TF rsi=70.17433191879812; atr_rank=0.33; dist_ema200=-0.8803526068460169
ttr-20220523200000-00928,backtest_tiered_raw_all_tf,binance,BTCUSDT,1h,2022-05-23T20:00:00Z,,long,T4c_H1_sweep_lo_long,,4,,0,,,,,,,,,,,,,,,,1.5601162779824536,,,,,23.622058157692837,-2.350048474389119,-2.056232693950228,,,,bull,bull,,,,,,,sl_hit,,,-0.011,,,,binance,1.0,backfilled from tiered_trades.csv; signal-TF rsi=23.622058157692837; atr_rank=0.76; dist_ema200=-2.350048474389119
ttr-20220525000000-00929,backtest_tiered_raw_all_tf,binance,BTCUSDT,1h,2022-05-25T00:00:00Z,,short,T4d_H1_fail_brk_short,,4,,0,,,,,,,,,,,,,,,,0.4637053760779086,,,,,59.09205679176991,-0.8388168967366469,0.2460516247757481,,,,bull,bull,,,,,,,sl_hit,,,-0.011,,,,binance,1.0,backfilled from tiered_trades.csv; signal-TF rsi=59.09205679176991; atr_rank=0.83; dist_ema200=-0.8388168967366469
ttr-20220526130000-00930,backtest_tiered_raw_all_tf,binance,BTCUSDT,1h,2022-05-26T13:00:00Z,,long,T4c_H1_sweep_lo_long,,4,,0,,,,,,,,,,,,,,,,4.988411481810247,,,,,31.840828146654232,-3.309428122814858,-2.492135619304907,,,,bull,bull,,,,,,,tp_hit,,,0.019,,,,binance,1.0,backfilled from tiered_trades.csv; signal-TF rsi=31.840828146654232; atr_rank=1.0; dist_ema200=-3.309428122814858
ttr-20220527180000-00931,backtest_tiered_raw_all_tf,binance,BTCUSDT,1h,2022-05-27T18:00:00Z,,long,T4c_H1_sweep_lo_long,,4,,0,,,,,,,,,,,,,,,,0.9374629580846576,,,,,39.96138154683029,-3.8804410063775183,-2.4467707910701204,,,,bull,bull,,,,,,,tp_hit,,,0.019,,,,binance,1.0,backfilled from tiered_trades.csv; signal-TF rsi=39.96138154683029; atr_rank=0.92; dist_ema200=-3.8804410063775183
ttr-20220528140000-00932,backtest_tiered_raw_all_tf,binance,BTCUSDT,1h,2022-05-28T14:00:00Z,,short,T4d_H1_fail_brk_short,,4,,0,,,,,,,,,,,,,,,,0.5752862296157502,,,,,57.97432239657629,-1.7502005632152435,-0.123993237294008,,,,bull,bull,,,,,,,sl_hit,,,-0.0109999999999999,,,,binance,1.0,backfilled from tiered_trades.csv; signal-TF rsi=57.97432239657629; atr_rank=0.04; dist_ema200=-1.7502005632152435
ttr-20220530120000-00933,backtest_tiered_raw_all_tf,binance,BTCUSDT,4h,2022-05-30T12:00:00Z,,short,T4b_H4_sstar_short,,4,,0,,,,,,,,,,,,,,,,1.5806463068201702,,,,,89.74448738349626,-5.3339683103542175,3.6760810712471503,,,,bull,bull,,,,,,,sl_hit,,,-0.0159999999999999,,,,binance,1.0,backfilled from tiered_trades.csv; signal-TF rsi=89.74448738349626; atr_rank=0.07; dist_ema200=-5.3339683103542175
ttr-20220531160000-00934,backtest_tiered_raw_all_tf,binance,BTCUSDT,4h,2022-05-31T16:00:00Z,,short,T3a_H4_sweep_hi_short_loose,,3,,0,,,,,,,,,,,,,,,,1.6331347694498302,,,,,80.78456699988774,-2.1144745938982736,5.232838314381349,,,,bull,bull,,,,,,,tp_hit,,,0.029,,,,binance,1.0,backfilled from tiered_trades.csv; signal-TF rsi=80.78456699988774; atr_rank=0.43; dist_ema200=-2.1144745938982736
ttr-20220603130000-00935,backtest_tiered_raw_all_tf,binance,BTCUSDT,1h,2022-06-03T13:00:00Z,,long,T4c_H1_sweep_lo_long,,4,,0,,,,,,,,,,,,,,,,2.411618844085325,,,,,31.34884766033936,-1.713714112087297,-2.00860502792127,,,,bull,bull,,,,,,,sl_hit,,,-0.0109999999999999,,,,binance,1.0,backfilled from tiered_trades.csv; signal-TF rsi=31.34884766033936; atr_rank=0.31; dist_ema200=-1.713714112087297
ttr-20220606040000-00936,backtest_tiered_raw_all_tf,binance,BTCUSDT,4h,2022-06-06T04:00:00Z,,short,T4b_H4_sstar_short,,4,,0,,,,,,,,,,,,,,,,1.4091162906569752,,,,,76.40098139982089,-1.336336444134991,3.871788423810568,,,,bull,bull,,,,,,,sl_hit,,,-0.0159999999999999,,,,binance,1.0,backfilled from tiered_trades.csv; signal-TF rsi=76.40098139982089; atr_rank=0.07; dist_ema200=-1.336336444134991
ttr-20220606080000-00937,backtest_tiered_raw_all_tf,binance,BTCUSDT,4h,2022-06-06T08:00:00Z,,short,T3a_H4_sweep_hi_short_loose,,3,,0,,,,,,,,,,,,,,,,1.3844357592936498,,,,,80.81578549975663,-0.99868592090208,4.044748723838065,,,,bull,bull,,,,,,,tp_hit,,,0.029,,,,binance,1.0,backfilled from tiered_trades.csv; signal-TF rsi=80.81578549975663; atr_rank=0.09; dist_ema200=-0.99868592090208
ttr-20220611160000-00938,backtest_tiered_raw_all_tf,binance,BTCUSDT,1h,2022-06-11T16:00:00Z,,long,T4c_H1_sweep_lo_long,,4,,0,,,,,,,,,,,,,,,,2.324099092605752,,,,,30.04974577710297,-4.942603242630986,-3.0744772803861458,,,,bull,bull,,,,,,,sl_hit,,,-0.011,,,,binance,1.0,backfilled from tiered_trades.csv; signal-TF rsi=30.04974577710297; atr_rank=0.64; dist_ema200=-4.942603242630986
ttr-20220612140000-00939,backtest_tiered_raw_all_tf,binance,BTCUSDT,1h,2022-06-12T14:00:00Z,,long,T4c_H1_sweep_lo_long,,4,,0,,,,,,,,,,,,,,,,3.162440533501936,,,,,37.2991180478774,-5.842536773208871,-2.238328078354293,,,,bull,bull,,,,,,,sl_hit,,,-0.011,,,,binance,1.0,backfilled from tiered_trades.csv; signal-TF rsi=37.2991180478774; atr_rank=0.96; dist_ema200=-5.842536773208871
ttr-20220613030000-00940,backtest_tiered_raw_all_tf,binance,BTCUSDT,1h,2022-06-13T03:00:00Z,,long,T4c_H1_sweep_lo_long,,4,,0,,,,,,,,,,,,,,,,2.957473174044419,,,,,28.10660350868619,-12.675978386675194,-8.197259994508594,,,,bull,bull,,,,,,,tp_hit,,,0.019,,,,binance,1.0,backfilled from tiered_trades.csv; signal-TF rsi=28.10660350868619; atr_rank=1.0; dist_ema200=-12.675978386675194
ttr-20220614020000-00941,backtest_tiered_raw_all_tf,binance,BTCUSDT,1h,2022-06-14T02:00:00Z,,long,T4c_H1_sweep_lo_long,,4,,0,,,,,,,,,,,,,,,,1.6361813251177362,,,,,30.362705359163517,-23.11088967578246,-13.882200222517952,,,,bull,bull,,,,,,,sl_hit,,,-0.011,,,,binance,1.0,backfilled from tiered_trades.csv; signal-TF rsi=30.362705359163517; atr_rank=0.99; dist_ema200=-23.11088967578246
ttr-20220615050000-00942,backtest_tiered_raw_all_tf,binance,BTCUSDT,1h,2022-06-15T05:00:00Z,,long,T4c_H1_sweep_lo_long,,4,,0,,,,,,,,,,,,,,,,1.6763676068805673,,,,,29.937275960936176,-20.282384639824222,-7.912681808053472,,,,bull,bull,,,,,,,sl_hit,,,-0.011,,,,binance,1.0,backfilled from tiered_trades.csv; signal-TF rsi=29.937275960936176; atr_rank=0.59; dist_ema200=-20.282384639824222
ttr-20220616230000-00943,backtest_tiered_raw_all_tf,binance,BTCUSDT,1h,2022-06-16T23:00:00Z,,long,T4c_H1_sweep_lo_long,,4,,0,,,,,,,,,,,,,,,,1.3820574830280523,,,,,23.86352743829377,-17.782495462445567,-5.548712239424157,,,,bull,bull,,,,,,,tp_hit,,,0.0189999999999999,,,,binance,1.0,backfilled from tiered_trades.csv; signal-TF rsi=23.86352743829377; atr_rank=0.14; dist_ema200=-17.782495462445567
ttr-20220619110000-00944,backtest_tiered_raw_all_tf,binance,BTCUSDT,1h,2022-06-19T11:00:00Z,,short,T4d_H1_fail_brk_short,,4,,0,,,,,,,,,,,,,,,,0.6822963346985828,,,,,64.26728912033889,-12.314256656573663,1.3254588277947958,,,,bull,bull,,,,,,,sl_hit,,,-0.011,,,,binance,1.0,backfilled from tiered_trades.csv; signal-TF rsi=64.26728912033889; atr_rank=0.8; dist_ema200=-12.314256656573663
ttr-20220620000000-00945,backtest_tiered_raw_all_tf,binance,BTCUSDT,1w,2022-06-20T00:00:00Z,,long,T1a_W_fail_brkdn_long,,1,,0,,,,,,,,,,,,,,,,1.336538014264287,,,,,26.600378827591516,-22.79485246256056,-46.12069759300376,,,,bull,bull,,,,,,,tp_hit,,,0.249,,,,binance,1.0,backfilled from tiered_trades.csv; signal-TF rsi=26.600378827591516; atr_rank=0.9; dist_ema200=-22.79485246256056
ttr-20220621070000-00946,backtest_tiered_raw_all_tf,binance,BTCUSDT,1h,2022-06-21T07:00:00Z,,short,T4d_H1_fail_brk_short,,4,,0,,,,,,,,,,,,,,,,1.284981541119817,,,,,81.08352193593312,-2.709100289860498,4.103215826045401,,,,bull,bull,,,,,,,sl_hit,,,-0.0109999999999999,,,,binance,1.0,backfilled from tiered_trades.csv; signal-TF rsi=81.08352193593312; atr_rank=0.15; dist_ema200=-2.709100289860498
ttr-20220621080000-00947,backtest_tiered_raw_all_tf,binance,BTCUSDT,4h,2022-06-21T08:00:00Z,,short,T4b_H4_sstar_short,,4,,0,,,,,,,,,,,,,,,,0.8350475864511346,,,,,73.395808515332,-22.24630879718868,-3.358632897337646,,,,bull,bull,,,,,,,sl_hit,,,-0.0159999999999998,,,,binance,1.0,backfilled from tiered_trades.csv; signal-TF rsi=73.395808515332; atr_rank=0.58; dist_ema200=-22.24630879718868
ttr-20220621080000-00948,backtest_tiered_raw_all_tf,binance,BTCUSDT,4h,2022-06-21T08:00:00Z,,short,T3a_H4_sweep_hi_short_loose,,3,,0,,,,,,,,,,,,,,,,0.8350475864511346,,,,,73.395808515332,-22.24630879718868,-3.358632897337646,,,,bull,bull,,,,,,,sl_hit,,,-0.0159999999999998,,,,binance,1.0,backfilled from tiered_trades.csv; signal-TF rsi=73.395808515332; atr_rank=0.58; dist_ema200=-22.24630879718868
ttr-20220622020000-00949,backtest_tiered_raw_all_tf,binance,BTCUSDT,1h,2022-06-22T02:00:00Z,,long,T4c_H1_sweep_lo_long,,4,,0,,,,,,,,,,,,,,,,0.8388019534019997,,,,,34.17426540073326,-5.217310449871129,-0.9589088069134348,,,,bull,bull,,,,,,,sl_hit,,,-0.011,,,,binance,1.0,backfilled from tiered_trades.csv; signal-TF rsi=34.17426540073326; atr_rank=0.11; dist_ema200=-5.217310449871129
ttr-20220623200000-00950,backtest_tiered_raw_all_tf,binance,BTCUSDT,1h,2022-06-23T20:00:00Z,,short,T4d_H1_fail_brk_short,,4,,0,,,,,,,,,,,,,,,,1.5207621741772646,,,,,57.19557593741573,-1.7356853352704913,1.645009400648053,,,,bull,bull,,,,,,,sl_hit,,,-0.011,,,,binance,1.0,backfilled from tiered_trades.csv; signal-TF rsi=57.19557593741573; atr_rank=0.1; dist_ema200=-1.7356853352704913
ttr-20220624200000-00951,backtest_tiered_raw_all_tf,binance,BTCUSDT,4h,2022-06-24T20:00:00Z,,short,T4b_H4_sstar_short,,4,,0,,,,,,,,,,,,,,,,0.7735066011228517,,,,,69.38732443902552,-17.597908483820763,0.4251962941451591,,,,bull,bull,,,,,,,sl_hit,,,-0.0159999999999998,,,,binance,1.0,backfilled from tiered_trades.csv; signal-TF rsi=69.38732443902552; atr_rank=0.22; dist_ema200=-17.597908483820763
ttr-20220626120000-00952,backtest_tiered_raw_all_tf,binance,BTCUSDT,4h,2022-06-26T12:00:00Z,,short,T3a_H4_sweep_hi_short_loose,,3,,0,,,,,,,,,,,,,,,,1.5058631991342155,,,,,56.73454723605781,-15.88680567203132,0.4889204844679555,,,,bull,bull,,,,,,,tp_hit,,,0.0289999999999999,,,,binance,1.0,backfilled from tiered_trades.csv; signal-TF rsi=56.73454723605781; atr_rank=0.14; dist_ema200=-15.88680567203132
ttr-20220627010000-00953,backtest_tiered_raw_all_tf,binance,BTCUSDT,1h,2022-06-27T01:00:00Z,,long,T4c_H1_sweep_lo_long,,4,,0,,,,,,,,,,,,,,,,1.1135151678369335,,,,,24.46728524097138,-0.6039182957951861,-0.7570552265425077,,,,bull,bull,,,,,,,tp_hit,,,0.019,,,,binance,1.0,backfilled from tiered_trades.csv; signal-TF rsi=24.46728524097138; atr_rank=0.43; dist_ema200=-0.6039182957951861
ttr-20220627180000-00954,backtest_tiered_raw_all_tf,binance,BTCUSDT,1h,2022-06-27T18:00:00Z,,long,T4c_H1_sweep_lo_long,,4,,0,,,,,,,,,,,,,,,,1.840842874815596,,,,,34.84288289058428,-1.790393188008443,-1.6219265914241747,,,,bull,bull,,,,,,,sl_hit,,,-0.011,,,,binance,1.0,backfilled from tiered_trades.csv; signal-TF rsi=34.84288289058428; atr_rank=0.57; dist_ema200=-1.790393188008443
ttr-20220628200000-00955,backtest_tiered_raw_all_tf,binance,BTCUSDT,1h,2022-06-28T20:00:00Z,,long,T4c_H1_sweep_lo_long,,4,,0,,,,,,,,,,,,,,,,0.7150850310809024,,,,,31.39011170767698,-3.9010765914567065,-2.934200041109549,,,,bull,bull,,,,,,,sl_hit,,,-0.0109999999999999,,,,binance,1.0,backfilled from tiered_trades.csv; signal-TF rsi=31.39011170767698; atr_rank=0.82; dist_ema200=-3.9010765914567065
ttr-20220629110000-00956,backtest_tiered_raw_all_tf,binance,BTCUSDT,1h,2022-06-29T11:00:00Z,,long,T4c_H1_sweep_lo_long,,4,,0,,,,,,,,,,,,,,,,1.5556313597314664,,,,,35.89136980409016,-4.148631041160858,-2.268847412970611,,,,bull,bull,,,,,,,sl_hit,,,-0.011,,,,binance,1.0,backfilled from tiered_trades.csv; signal-TF rsi=35.89136980409016; atr_rank=0.88; dist_ema200=-4.148631041160858
ttr-20220630070000-00957,backtest_tiered_raw_all_tf,binance,BTCUSDT,1h,2022-06-30T07:00:00Z,,long,T4c_H1_sweep_lo_long,,4,,0,,,,,,,,,,,,,,,,1.2246612596626818,,,,,25.03229899196204,-6.572215267941569,-4.065082172176224,,,,bull,bull,,,,,,,sl_hit,,,-0.0109999999999999,,,,binance,1.0,backfilled from tiered_trades.csv; signal-TF rsi=25.03229899196204; atr_rank=0.68; dist_ema200=-6.572215267941569
ttr-20220701010000-00958,backtest_tiered_raw_all_tf,binance,BTCUSDT,1h,2022-07-01T01:00:00Z,,short,T4d_H1_fail_brk_short,,4,,0,,,,,,,,,,,,,,,,1.0165520936140502,,,,,73.79530716229522,-0.6329396722198926,3.3291844753878785,,,,bull,bull,,,,,,,tp_hit,,,0.019,,,,binance,1.0,backfilled from tiered_trades.csv; signal-TF rsi=73.79530716229522; atr_rank=1.0; dist_ema200=-0.6329396722198926
ttr-20220702090000-00959,backtest_tiered_raw_all_tf,binance,BTCUSDT,1h,2022-07-02T09:00:00Z,,long,T4c_H1_sweep_lo_long,,4,,0,,,,,,,,,,,,,,,,1.139376488430034,,,,,34.95857146763653,-5.177673282745668,-1.343522348858442,,,,bull,bull,,,,,,,sl_hit,,,-0.011,,,,binance,1.0,backfilled from tiered_trades.csv; signal-TF rsi=34.95857146763653; atr_rank=0.21; dist_ema200=-5.177673282745668
ttr-20220703200000-00960,backtest_tiered_raw_all_tf,binance,BTCUSDT,1h,2022-07-03T20:00:00Z,,short,T4d_H1_fail_brk_short,,4,,0,,,,,,,,,,,,,,,,1.929909187083647,,,,,65.57173126996355,-2.3793829465146032,0.9698216848347916,,,,bull,bull,,,,,,,tp_hit,,,0.019,,,,binance,1.0,backfilled from tiered_trades.csv; signal-TF rsi=65.57173126996355; atr_rank=0.17; dist_ema200=-2.3793829465146032
ttr-20220704120000-00961,backtest_tiered_raw_all_tf,binance,BTCUSDT,4h,2022-07-04T12:00:00Z,,short,T4b_H4_sstar_short,,4,,0,,,,,,,,,,,,,,,,1.9197690298870247,,,,,67.40716659442276,-14.788095493616389,-0.1511287342692401,,,,bull,bull,,,,,,,sl_hit,,,-0.0159999999999999,,,,binance,1.0,backfilled from tiered_trades.csv; signal-TF rsi=67.40716659442276; atr_rank=0.11; dist_ema200=-14.788095493616389
ttr-20220705200000-00962,backtest_tiered_raw_all_tf,binance,BTCUSDT,4h,2022-07-05T20:00:00Z,,short,T3a_H4_sweep_hi_short_loose,,3,,0,,,,,,,,,,,,,,,,1.511203816042736,,,,,64.30230878951335,-12.24464210070694,1.4627297226548228,,,,bull,bull,,,,,,,sl_hit,,,-0.0159999999999999,,,,binance,1.0,backfilled from tiered_trades.csv; signal-TF rsi=64.30230878951335; atr_rank=0.54; dist_ema200=-12.24464210070694
ttr-20220707200000-00963,backtest_tiered_raw_all_tf,binance,BTCUSDT,4h,2022-07-07T20:00:00Z,,short,T3a_H4_sweep_hi_short_loose,,3,,0,,,,,,,,,,,,,,,,1.0136049927212905,,,,,78.14141025229677,-4.82295741885415,7.170785253729547,,,,bull,bull,,,,,,,sl_hit,,,-0.0159999999999998,,,,binance,1.0,backfilled from tiered_trades.csv; signal-TF rsi=78.14141025229677; atr_rank=0.51; dist_ema200=-4.82295741885415
ttr-20220710160000-00964,backtest_tiered_raw_all_tf,binance,BTCUSDT,1h,2022-07-10T16:00:00Z,,long,T4c_H1_sweep_lo_long,,4,,0,,,,,,,,,,,,,,,,1.53254589436482,,,,,27.023124893838727,0.6232057603787742,-1.993831635515776,,,,bull,bull,,,,,,,sl_hit,,,-0.0109999999999999,,,,binance,1.0,backfilled from tiered_trades.csv; signal-TF rsi=27.023124893838727; atr_rank=0.21; dist_ema200=0.6232057603787742
ttr-20220714000000-00965,backtest_tiered_raw_all_tf,binance,BTCUSDT,1h,2022-07-14T00:00:00Z,,short,T4d_H1_fail_brk_short,,4,,0,,,,,,,,,,,,,,,,0.8713187982889217,,,,,59.48444542156759,-0.14332665455183,2.240099938500694,,,,bull,bull,,,,,,,tp_hit,,,0.019,,,,binance,1.0,backfilled from tiered_trades.csv; signal-TF rsi=59.48444542156759; atr_rank=1.0; dist_ema200=-0.14332665455183
ttr-20220715080000-00966,backtest_tiered_raw_all_tf,binance,BTCUSDT,4h,2022-07-15T08:00:00Z,,short,T4b_H4_sstar_short,,4,,0,,,,,,,,,,,,,,,,0.9536025229296096,,,,,70.06272406982006,-5.358116528637834,1.954233680768764,,,,bull,bull,,,,,,,sl_hit,,,-0.0159999999999999,,,,binance,1.0,backfilled from tiered_trades.csv; signal-TF rsi=70.06272406982006; atr_rank=0.86; dist_ema200=-5.358116528637834
ttr-20220715080000-00967,backtest_tiered_raw_all_tf,binance,BTCUSDT,4h,2022-07-15T08:00:00Z,,short,T3a_H4_sweep_hi_short_loose,,3,,0,,,,,,,,,,,,,,,,0.9536025229296096,,,,,70.06272406982006,-5.358116528637834,1.954233680768764,,,,bull,bull,,,,,,,sl_hit,,,-0.0159999999999999,,,,binance,1.0,backfilled from tiered_trades.csv; signal-TF rsi=70.06272406982006; atr_rank=0.86; dist_ema200=-5.358116528637834
ttr-20220721040000-00968,backtest_tiered_raw_all_tf,binance,BTCUSDT,1h,2022-07-21T04:00:00Z,,long,T4c_H1_sweep_lo_long,,4,,0,,,,,,,,,,,,,,,,0.8208617774789534,,,,,27.63111159683612,4.833352318182019,-0.7611598125820797,,,,bull,bull,,,,,,,sl_hit,,,-0.0109999999999999,,,,binance,1.0,backfilled from tiered_trades.csv; signal-TF rsi=27.63111159683612; atr_rank=0.84; dist_ema200=4.833352318182019
ttr-20220723120000-00969,backtest_tiered_raw_all_tf,binance,BTCUSDT,1h,2022-07-23T12:00:00Z,,long,T4c_H1_sweep_lo_long,,4,,0,,,,,,,,,,,,,,,,1.5234241126840091,,,,,30.63987409462021,-0.0917259522219118,-2.659217109090118,,,,bull,bull,,,,,,,sl_hit,,,-0.0109999999999999,,,,binance,1.0,backfilled from tiered_trades.csv; signal-TF rsi=30.63987409462021; atr_rank=0.06; dist_ema200=-0.0917259522219118
ttr-20220725040000-00970,backtest_tiered_raw_all_tf,binance,BTCUSDT,1h,2022-07-25T04:00:00Z,,long,T4c_H1_sweep_lo_long,,4,,0,,,,,,,,,,,,,,,,1.162096384665344,,,,,19.06436862469222,-2.050008515880204,-2.880285259446874,,,,bull,bull,,,,,,,sl_hit,,,-0.0109999999999999,,,,binance,1.0,backfilled from tiered_trades.csv; signal-TF rsi=19.06436862469222; atr_rank=0.49; dist_ema200=-2.050008515880204
ttr-20220726010000-00971,backtest_tiered_raw_all_tf,binance,BTCUSDT,1h,2022-07-26T01:00:00Z,,long,T4c_H1_sweep_lo_long,,4,,0,,,,,,,,,,,,,,,,0.958911697976239,,,,,27.401285007031547,-5.273695332192245,-4.65087935728951,,,,bull,bull,,,,,,,sl_hit,,,-0.0109999999999999,,,,binance,1.0,backfilled from tiered_trades.csv; signal-TF rsi=27.401285007031547; atr_rank=0.99; dist_ema200=-5.273695332192245
ttr-20220726130000-00972,backtest_tiered_raw_all_tf,binance,BTCUSDT,1h,2022-07-26T13:00:00Z,,long,T4c_H1_sweep_lo_long,,4,,0,,,,,,,,,,,,,,,,1.4121673139312154,,,,,28.296572137878258,-5.291995227175829,-3.523814962321402,,,,bull,bull,,,,,,,sl_hit,,,-0.011,,,,binance,1.0,backfilled from tiered_trades.csv; signal-TF rsi=28.296572137878258; atr_rank=0.17; dist_ema200=-5.291995227175829
ttr-20220727080000-00973,backtest_tiered_raw_all_tf,binance,BTCUSDT,1h,2022-07-27T08:00:00Z,,short,T4d_H1_fail_brk_short,,4,,0,,,,,,,,,,,,,,,,0.8225738582655757,,,,,73.75824315184309,-2.666418226280227,-0.1871845575356602,,,,bull,bull,,,,,,,sl_hit,,,-0.011,,,,binance,1.0,backfilled from tiered_trades.csv; signal-TF rsi=73.75824315184309; atr_rank=0.01; dist_ema200=-2.666418226280227
ttr-20220729130000-00974,backtest_tiered_raw_all_tf,binance,BTCUSDT,1h,2022-07-29T13:00:00Z,,long,T3b_H1_fail_brkdn_long,,3,,0,,,,,,,,,,,,,,,,1.6708148193503012,,,,,44.46454033771101,5.491887836045165,1.9489323352425452,,,,bull,bull,,,,,,,tp_hit,,,0.0239999999999999,,,,binance,1.0,backfilled from tiered_trades.csv; signal-TF rsi=44.46454033771101; atr_rank=0.56; dist_ema200=5.491887836045165
ttr-20220801070000-00975,backtest_tiered_raw_all_tf,binance,BTCUSDT,1h,2022-08-01T07:00:00Z,,long,T4c_H1_sweep_lo_long,,4,,0,,,,,,,,,,,,,,,,1.0935591376307408,,,,,31.463379701738543,0.9691589539744856,-1.3326302036426791,,,,bull,bull,,,,,,,sl_hit,,,-0.0109999999999999,,,,binance,1.0,backfilled from tiered_trades.csv; signal-TF rsi=31.463379701738543; atr_rank=0.42; dist_ema200=0.9691589539744856
ttr-20220801080000-00976,backtest_tiered_raw_all_tf,binance,BTCUSDT,4h,2022-08-01T08:00:00Z,,long,T4a_H4_hammer_long,,4,,0,,,,,,,,,,,,,,,,1.0005205267575017,,,,,39.37537048014233,3.538707321628938,0.562044579595575,,,,bull,bull,,,,,,,sl_hit,,,-0.016,,,,binance,1.0,backfilled from tiered_trades.csv; signal-TF rsi=39.37537048014233; atr_rank=0.09; dist_ema200=3.538707321628938
ttr-20220802040000-00977,backtest_tiered_raw_all_tf,binance,BTCUSDT,1h,2022-08-02T04:00:00Z,,long,T4c_H1_sweep_lo_long,,4,,0,,,,,,,,,,,,,,,,0.7585475144164847,,,,,29.78240236228765,-1.032037596360064,-1.995269219106704,,,,bull,bull,,,,,,,tp_hit,,,0.0189999999999999,,,,binance,1.0,backfilled from tiered_trades.csv; signal-TF rsi=29.78240236228765; atr_rank=0.5; dist_ema200=-1.032037596360064
ttr-20220802080000-00978,backtest_tiered_raw_all_tf,binance,BTCUSDT,4h,2022-08-02T08:00:00Z,,long,T4a_H4_hammer_long,,4,,0,,,,,,,,,,,,,,,,0.9654765885609224,,,,,30.86219635061001,1.8434488686276775,-0.8602902254761298,,,,bull,bull,,,,,,,tp_hit,,,0.0289999999999999,,,,binance,1.0,backfilled from tiered_trades.csv; signal-TF rsi=30.86219635061001; atr_rank=0.05; dist_ema200=1.8434488686276775
ttr-20220809140000-00979,backtest_tiered_raw_all_tf,binance,BTCUSDT,1h,2022-08-09T14:00:00Z,,long,T4c_H1_sweep_lo_long,,4,,0,,,,,,,,,,,,,,,,1.8379918312971584,,,,,18.81476829213585,-0.8019328287540803,-1.97035499407145,,,,bull,bull,,,,,,,sl_hit,,,-0.0109999999999999,,,,binance,1.0,backfilled from tiered_trades.csv; signal-TF rsi=18.81476829213585; atr_rank=0.71; dist_ema200=-0.8019328287540803
ttr-20220811230000-00980,backtest_tiered_raw_all_tf,binance,BTCUSDT,1h,2022-08-11T23:00:00Z,,long,T4c_H1_sweep_lo_long,,4,,0,,,,,,,,,,,,,,,,0.6352705698094268,,,,,34.00037888355642,1.695742086947453,-0.3461760631106033,,,,bull,bull,,,,,,,sl_hit,,,-0.011,,,,binance,1.0,backfilled from tiered_trades.csv; signal-TF rsi=34.00037888355642; atr_rank=0.88; dist_ema200=1.695742086947453
ttr-20220814180000-00981,backtest_tiered_raw_all_tf,binance,BTCUSDT,1h,2022-08-14T18:00:00Z,,long,T4c_H1_sweep_lo_long,,4,,0,,,,,,,,,,,,,,,,0.9564452367579096,,,,,39.17245848021791,1.4137480722779396,-0.5929681182669451,,,,bull,bull,,,,,,,tp_hit,,,0.019,,,,binance,1.0,backfilled from tiered_trades.csv; signal-TF rsi=39.17245848021791; atr_rank=0.19; dist_ema200=1.4137480722779396
ttr-20220817070000-00982,backtest_tiered_raw_all_tf,binance,BTCUSDT,1h,2022-08-17T07:00:00Z,,short,T4d_H1_fail_brk_short,,4,,0,,,,,,,,,,,,,,,,2.195549140334266,,,,,47.49720601018247,-0.9433610791940088,-1.1585070413274243,,,,bull,bull,,,,,,,tp_hit,,,0.019,,,,binance,1.0,backfilled from tiered_trades.csv; signal-TF rsi=47.49720601018247; atr_rank=0.74; dist_ema200=-0.9433610791940088
ttr-20220817200000-00983,backtest_tiered_raw_all_tf,binance,BTCUSDT,1h,2022-08-17T20:00:00Z,,long,T4c_H1_sweep_lo_long,,4,,0,,,,,,,,,,,,,,,,0.7399784572347564,,,,,18.570684341674934,-2.3058128346644016,-1.8487510876971776,,,,bull,bull,,,,,,,sl_hit,,,-0.011,,,,binance,1.0,backfilled from tiered_trades.csv; signal-TF rsi=18.570684341674934; atr_rank=0.85; dist_ema200=-2.3058128346644016
ttr-20220819020000-00984,backtest_tiered_raw_all_tf,binance,BTCUSDT,1h,2022-08-19T02:00:00Z,,long,T4c_H1_sweep_lo_long,,4,,0,,,,,,,,,,,,,,,,0.9034666284972436,,,,,18.75748589554016,-4.111790089307871,-2.768330839574165,,,,bull,bull,,,,,,,sl_hit,,,-0.011,,,,binance,1.0,backfilled from tiered_trades.csv; signal-TF rsi=18.75748589554016; atr_rank=0.31; dist_ema200=-4.111790089307871
ttr-20220821120000-00985,backtest_tiered_raw_all_tf,binance,BTCUSDT,1h,2022-08-21T12:00:00Z,,short,T4d_H1_fail_brk_short,,4,,0,,,,,,,,,,,,,,,,0.9342934354140074,,,,,68.78952375622593,-5.460173528722996,-0.1139388945016264,,,,bull,bull,,,,,,,sl_hit,,,-0.0109999999999999,,,,binance,1.0,backfilled from tiered_trades.csv; signal-TF rsi=68.78952375622593; atr_rank=0.29; dist_ema200=-5.460173528722996
ttr-20220822080000-00986,backtest_tiered_raw_all_tf,binance,BTCUSDT,1h,2022-08-22T08:00:00Z,,long,T4c_H1_sweep_lo_long,,4,,0,,,,,,,,,,,,,,,,2.5839795432602117,,,,,33.71807658258331,-5.733125351516,-1.2126643448345873,,,,bull,bull,,,,,,,sl_hit,,,-0.011,,,,binance,1.0,backfilled from tiered_trades.csv; signal-TF rsi=33.71807658258331; atr_rank=0.71; dist_ema200=-5.733125351516
ttr-20220824160000-00987,backtest_tiered_raw_all_tf,binance,BTCUSDT,4h,2022-08-24T16:00:00Z,,short,T4b_H4_sstar_short,,4,,0,,,,,,,,,,,,,,,,0.9762571209318006,,,,,61.48996158911877,-4.401509571248027,-1.279176123440545,,,,bull,bull,,,,,,,tp_hit,,,0.029,,,,binance,1.0,backfilled from tiered_trades.csv; signal-TF rsi=61.48996158911877; atr_rank=0.29; dist_ema200=-4.401509571248027
ttr-20220824160000-00988,backtest_tiered_raw_all_tf,binance,BTCUSDT,4h,2022-08-24T16:00:00Z,,short,T3a_H4_sweep_hi_short_loose,,3,,0,,,,,,,,,,,,,,,,0.9762571209318006,,,,,61.48996158911877,-4.401509571248027,-1.279176123440545,,,,bull,bull,,,,,,,tp_hit,,,0.029,,,,binance,1.0,backfilled from tiered_trades.csv; signal-TF rsi=61.48996158911877; atr_rank=0.29; dist_ema200=-4.401509571248027
ttr-20220824170000-00989,backtest_tiered_raw_all_tf,binance,BTCUSDT,1h,2022-08-24T17:00:00Z,,short,T4d_H1_fail_brk_short,,4,,0,,,,,,,,,,,,,,,,0.9298438364804492,,,,,69.28194683795508,-1.6412170234929375,1.0457891883209598,,,,bull,bull,,,,,,,tp_hit,,,0.0189999999999999,,,,binance,1.0,backfilled from tiered_trades.csv; signal-TF rsi=69.28194683795508; atr_rank=0.27; dist_ema200=-1.6412170234929375
ttr-20220826120000-00990,backtest_tiered_raw_all_tf,binance,BTCUSDT,1h,2022-08-26T12:00:00Z,,long,T3b_H1_fail_brkdn_long,,3,,0,,,,,,,,,,,,,,,,2.8205146915000188,,,,,52.59524334746776,-0.9158762723800208,0.607720518021946,,,,bull,bull,,,,,,,sl_hit,,,-0.013,,,,binance,1.0,backfilled from tiered_trades.csv; signal-TF rsi=52.59524334746776; atr_rank=0.3; dist_ema200=-0.9158762723800208
ttr-20220826140000-00991,backtest_tiered_raw_all_tf,binance,BTCUSDT,1h,2022-08-26T14:00:00Z,,short,T4d_H1_fail_brk_short,,4,,0,,,,,,,,,,,,,,,,4.310230828140167,,,,,41.34320944526022,-3.079258842340261,-1.6027316094153885,,,,bull,bull,,,,,,,tp_hit,,,0.0189999999999999,,,,binance,1.0,backfilled from tiered_trades.csv; signal-TF rsi=41.34320944526022; atr_rank=0.89; dist_ema200=-3.079258842340261
ttr-20220826160000-00992,backtest_tiered_raw_all_tf,binance,BTCUSDT,1h,2022-08-26T16:00:00Z,,long,T4c_H1_sweep_lo_long,,4,,0,,,,,,,,,,,,,,,,1.5529954296740909,,,,,29.593614068423392,-4.98856352334623,-3.375398201075002,,,,bull,bull,,,,,,,sl_hit,,,-0.011,,,,binance,1.0,backfilled from tiered_trades.csv; signal-TF rsi=29.593614068423392; atr_rank=1.0; dist_ema200=-4.98856352334623
ttr-20220827050000-00993,backtest_tiered_raw_all_tf,binance,BTCUSDT,1h,2022-08-27T05:00:00Z,,long,T4c_H1_sweep_lo_long,,4,,0,,,,,,,,,,,,,,,,0.8633788309976272,,,,,12.552210033505844,-6.9840356399659465,-4.222874079894744,,,,bull,bull,,,,,,,sl_hit,,,-0.011,,,,binance,1.0,backfilled from tiered_trades.csv; signal-TF rsi=12.552210033505844; atr_rank=0.8; dist_ema200=-6.9840356399659465
ttr-20220829150000-00994,backtest_tiered_raw_all_tf,binance,BTCUSDT,1h,2022-08-29T15:00:00Z,,short,T4d_H1_fail_brk_short,,4,,0,,,,,,,,,,,,,,,,1.1792764160044462,,,,,78.04780244887311,-3.067023968101376,1.0851057589848134,,,,bull,bull,,,,,,,sl_hit,,,-0.011,,,,binance,1.0,backfilled from tiered_trades.csv; signal-TF rsi=78.04780244887311; atr_rank=0.69; dist_ema200=-3.067023968101376
ttr-20220901150000-00995,backtest_tiered_raw_all_tf,binance,BTCUSDT,1h,2022-09-01T15:00:00Z,,long,T4c_H1_sweep_lo_long,,4,,0,,,,,,,,,,,,,,,,1.194246495938997,,,,,31.76848738607281,-3.4927557357105545,-1.39894488328999,,,,bull,bull,,,,,,,sl_hit,,,-0.011,,,,binance,1.0,backfilled from tiered_trades.csv; signal-TF rsi=31.76848738607281; atr_rank=0.57; dist_ema200=-3.4927557357105545
ttr-20220903090000-00996,backtest_tiered_raw_all_tf,binance,BTCUSDT,1h,2022-09-03T09:00:00Z,,long,T4c_H1_sweep_lo_long,,4,,0,,,,,,,,,,,,,,,,0.8356219746958324,,,,,38.239678661642536,-2.623546213550295,-1.0238789531710744,,,,bull,bull,,,,,,,sl_hit,,,-0.0109999999999999,,,,binance,1.0,backfilled from tiered_trades.csv; signal-TF rsi=38.239678661642536; atr_rank=0.01; dist_ema200=-2.623546213550295
ttr-20220904130000-00997,backtest_tiered_raw_all_tf,binance,BTCUSDT,1h,2022-09-04T13:00:00Z,,short,T4d_H1_fail_brk_short,,4,,0,,,,,,,,,,,,,,,,1.4252219414075848,,,,,41.81850611931278,-2.393577806558874,-0.6949621169621887,,,,bull,bull,,,,,,,sl_hit,,,-0.0109999999999999,,,,binance,1.0,backfilled from tiered_trades.csv; signal-TF rsi=41.81850611931278; atr_rank=0.29; dist_ema200=-2.393577806558874
ttr-20220906010000-00998,backtest_tiered_raw_all_tf,binance,BTCUSDT,1h,2022-09-06T01:00:00Z,,short,T4d_H1_fail_brk_short,,4,,0,,,,,,,,,,,,,,,,1.919248436382586,,,,,53.37285877059157,-1.5401148520949008,-0.2480881467506006,,,,bull,bull,,,,,,,sl_hit,,,-0.011,,,,binance,1.0,backfilled from tiered_trades.csv; signal-TF rsi=53.37285877059157; atr_rank=0.79; dist_ema200=-1.5401148520949008
ttr-20220906140000-00999,backtest_tiered_raw_all_tf,binance,BTCUSDT,1h,2022-09-06T14:00:00Z,,long,T4c_H1_sweep_lo_long,,4,,0,,,,,,,,,,,,,,,,1.7049643530945882,,,,,36.657303370786735,-1.072916420679508,0.008935139603974,,,,bull,bull,,,,,,,sl_hit,,,-0.011,,,,binance,1.0,backfilled from tiered_trades.csv; signal-TF rsi=36.657303370786735; atr_rank=0.84; dist_ema200=-1.072916420679508
ttr-20220907190000-01000,backtest_tiered_raw_all_tf,binance,BTCUSDT,1h,2022-09-07T19:00:00Z,,short,T4d_H1_fail_brk_short,,4,,0,,,,,,,,,,,,,,,,1.1868890664017049,,,,,69.52352261886847,-3.9142979300372223,-1.0296967654139926,,,,bull,bull,,,,,,,sl_hit,,,-0.0109999999999999,,,,binance,1.0,backfilled from tiered_trades.csv; signal-TF rsi=69.52352261886847; atr_rank=0.61; dist_ema200=-3.9142979300372223
ttr-20220913190000-01001,backtest_tiered_raw_all_tf,binance,BTCUSDT,1h,2022-09-13T19:00:00Z,,long,T4c_H1_sweep_lo_long,,4,,0,,,,,,,,,,,,,,,,1.0319576750178845,,,,,12.168121681216904,-3.4577618849622858,-6.548531597775745,,,,bull,bull,,,,,,,sl_hit,,,-0.011,,,,binance,1.0,backfilled from tiered_trades.csv; signal-TF rsi=12.168121681216904; atr_rank=1.0; dist_ema200=-3.4577618849622858
ttr-20220915150000-01002,backtest_tiered_raw_all_tf,binance,BTCUSDT,1h,2022-09-15T15:00:00Z,,long,T4c_H1_sweep_lo_long,,4,,0,,,,,,,,,,,,,,,,1.837140705111256,,,,,27.68096841899738,-4.6821384921812825,-3.225773234376033,,,,bull,bull,,,,,,,sl_hit,,,-0.0109999999999999,,,,binance,1.0,backfilled from tiered_trades.csv; signal-TF rsi=27.68096841899738; atr_rank=0.63; dist_ema200=-4.6821384921812825
ttr-20220917010000-01003,backtest_tiered_raw_all_tf,binance,BTCUSDT,1h,2022-09-17T01:00:00Z,,short,T4d_H1_fail_brk_short,,4,,0,,,,,,,,,,,,,,,,0.7423077624661619,,,,,55.06297690973946,-2.094078718684159,0.4730829404969928,,,,bull,bull,,,,,,,tp_hit,,,0.019,,,,binance,1.0,backfilled from tiered_trades.csv; signal-TF rsi=55.06297690973946; atr_rank=0.46; dist_ema200=-2.094078718684159
ttr-20220918220000-01004,backtest_tiered_raw_all_tf,binance,BTCUSDT,1h,2022-09-18T22:00:00Z,,long,T4c_H1_sweep_lo_long,,4,,0,,,,,,,,,,,,,,,,1.3239947941372712,,,,,22.737931592140484,-3.9013293136400375,-2.131560274900478,,,,bull,bull,,,,,,,sl_hit,,,-0.0109999999999999,,,,binance,1.0,backfilled from tiered_trades.csv; signal-TF rsi=22.737931592140484; atr_rank=0.66; dist_ema200=-3.9013293136400375
ttr-20220921180000-01005,backtest_tiered_raw_all_tf,binance,BTCUSDT,1h,2022-09-21T18:00:00Z,,short,T4d_H1_fail_brk_short,,4,,0,,,,,,,,,,,,,,,,4.310942055986254,,,,,68.99788598746,-0.2505627391848474,2.2929268250833594,,,,bull,bull,,,,,,,tp_hit,,,0.0189999999999999,,,,binance,1.0,backfilled from tiered_trades.csv; signal-TF rsi=68.99788598746; atr_rank=1.0; dist_ema200=-0.2505627391848474
ttr-20220923140000-01006,backtest_tiered_raw_all_tf,binance,BTCUSDT,1h,2022-09-23T14:00:00Z,,long,T4c_H1_sweep_lo_long,,4,,0,,,,,,,,,,,,,,,,1.801982177514635,,,,,21.932834960582383,-3.982911567565605,-2.11935599638535,,,,bull,bull,,,,,,,tp_hit,,,0.0189999999999999,,,,binance,1.0,backfilled from tiered_trades.csv; signal-TF rsi=21.932834960582383; atr_rank=0.27; dist_ema200=-3.982911567565605
ttr-20220926090000-01007,backtest_tiered_raw_all_tf,binance,BTCUSDT,1h,2022-09-26T09:00:00Z,,short,T4d_H1_fail_brk_short,,4,,0,,,,,,,,,,,,,,,,1.9670815556584171,,,,,56.22010459208338,-0.7209171083838248,0.626537805516843,,,,bull,bull,,,,,,,sl_hit,,,-0.0109999999999999,,,,binance,1.0,backfilled from tiered_trades.csv; signal-TF rsi=56.22010459208338; atr_rank=0.59; dist_ema200=-0.7209171083838248
ttr-20220927120000-01008,backtest_tiered_raw_all_tf,binance,BTCUSDT,4h,2022-09-27T12:00:00Z,,short,T3a_H4_sweep_hi_short_loose,,3,,0,,,,,,,,,,,,,,,,1.9208996624399963,,,,,68.25385817452175,-1.2943348262107692,2.813723171329492,,,,bull,bull,,,,,,,tp_hit,,,0.0289999999999999,,,,binance,1.0,backfilled from tiered_trades.csv; signal-TF rsi=68.25385817452175; atr_rank=0.52; dist_ema200=-1.2943348262107692
ttr-20220927180000-01009,backtest_tiered_raw_all_tf,binance,BTCUSDT,1h,2022-09-27T18:00:00Z,,long,T4c_H1_sweep_lo_long,,4,,0,,,,,,,,,,,,,,,,1.264623798479278,,,,,25.76754034198447,-0.9765539044337672,-1.761089652579804,,,,bull,bull,,,,,,,sl_hit,,,-0.011,,,,binance,1.0,backfilled from tiered_trades.csv; signal-TF rsi=25.76754034198447; atr_rank=1.0; dist_ema200=-0.9765539044337672
ttr-20221004000000-01010,backtest_tiered_raw_all_tf,binance,BTCUSDT,4h,2022-10-04T00:00:00Z,,short,T4b_H4_sstar_short,,4,,0,,,,,,,,,,,,,,,,0.885522284550243,,,,,64.6254249528807,-1.437652401653516,1.3275621630846255,,,,bull,bull,,,,,,,sl_hit,,,-0.0159999999999998,,,,binance,1.0,backfilled from tiered_trades.csv; signal-TF rsi=64.6254249528807; atr_rank=0.09; dist_ema200=-1.437652401653516
ttr-20221005140000-01011,backtest_tiered_raw_all_tf,binance,BTCUSDT,1h,2022-10-05T14:00:00Z,,long,T4c_H1_sweep_lo_long,,4,,0,,,,,,,,,,,,,,,,2.0822810725635845,,,,,28.40330380451041,1.677063230090943,-0.1661340154127574,,,,bull,bull,,,,,,,tp_hit,,,0.019,,,,binance,1.0,backfilled from tiered_trades.csv; signal-TF rsi=28.40330380451041; atr_rank=0.52; dist_ema200=1.677063230090943
ttr-20221006140000-01012,backtest_tiered_raw_all_tf,binance,BTCUSDT,1h,2022-10-06T14:00:00Z,,long,T4c_H1_sweep_lo_long,,4,,0,,,,,,,,,,,,,,,,2.0542704325899104,,,,,39.74087686082347,2.099617034712656,0.0846458197120526,,,,bull,bull,,,,,,,sl_hit,,,-0.0109999999999999,,,,binance,1.0,backfilled from tiered_trades.csv; signal-TF rsi=39.74087686082347; atr_rank=0.59; dist_ema200=2.099617034712656
ttr-20221014200000-01013,backtest_tiered_raw_all_tf,binance,BTCUSDT,1h,2022-10-14T20:00:00Z,,long,T4c_H1_sweep_lo_long,,4,,0,,,,,,,,,,,,,,,,0.4184256612466389,,,,,26.34745204892336,-0.9364780312111834,-0.8629125278186569,,,,bull,bull,,,,,,,sl_hit,,,-0.0109999999999999,,,,binance,1.0,backfilled from tiered_trades.csv; signal-TF rsi=26.34745204892336; atr_rank=0.86; dist_ema200=-0.9364780312111834
ttr-20221018190000-01014,backtest_tiered_raw_all_tf,binance,BTCUSDT,1h,2022-10-18T19:00:00Z,,long,T4c_H1_sweep_lo_long,,4,,0,,,,,,,,,,,,,,,,1.3631676889037394,,,,,29.67912183248771,-0.6341509342743593,-1.0274615834292395,,,,bull,bull,,,,,,,sl_hit,,,-0.0109999999999999,,,,binance,1.0,backfilled from tiered_trades.csv; signal-TF rsi=29.67912183248771; atr_rank=0.89; dist_ema200=-0.6341509342743593
ttr-20221020150000-01015,backtest_tiered_raw_all_tf,binance,BTCUSDT,1h,2022-10-20T15:00:00Z,,short,T4d_H1_fail_brk_short,,4,,0,,,,,,,,,,,,,,,,1.0699708000702268,,,,,64.64266447088201,-0.1740208864724954,0.1631888302783694,,,,bull,bull,,,,,,,tp_hit,,,0.019,,,,binance,1.0,backfilled from tiered_trades.csv; signal-TF rsi=64.64266447088201; atr_rank=0.21; dist_ema200=-0.1740208864724954
ttr-20221021160000-01016,backtest_tiered_raw_all_tf,binance,BTCUSDT,1h,2022-10-21T16:00:00Z,,short,T4d_H1_fail_brk_short,,4,,0,,,,,,,,,,,,,,,,1.6638367965709222,,,,,51.086562613248645,-0.5499361545570948,0.1015089424300946,,,,bull,bull,,,,,,,time,,,-0.0036443242700662,,,,binance,1.0,backfilled from tiered_trades.csv; signal-TF rsi=51.086562613248645; atr_rank=0.9; dist_ema200=-0.5499361545570948
ttr-20221023120000-01017,backtest_tiered_raw_all_tf,binance,BTCUSDT,1h,2022-10-23T12:00:00Z,,long,T4c_H1_sweep_lo_long,,4,,0,,,,,,,,,,,,,,,,1.7490876552879715,,,,,35.76767468970756,-0.3233338864672089,-0.0774669645389153,,,,bull,bull,,,,,,,tp_hit,,,0.019,,,,binance,1.0,backfilled from tiered_trades.csv; signal-TF rsi=35.76767468970756; atr_rank=0.09; dist_ema200=-0.3233338864672089
ttr-20221024140000-01018,backtest_tiered_raw_all_tf,binance,BTCUSDT,1h,2022-10-24T14:00:00Z,,long,T4c_H1_sweep_lo_long,,4,,0,,,,,,,,,,,,,,,,2.0514921629913223,,,,,25.988969567114964,0.1303195906009043,-0.147506558968915,,,,bull,bull,,,,,,,tp_hit,,,0.0189999999999999,,,,binance,1.0,backfilled from tiered_trades.csv; signal-TF rsi=25.988969567114964; atr_rank=0.72; dist_ema200=0.1303195906009043
ttr-20221028000000-01019,backtest_tiered_raw_all_tf,binance,BTCUSDT,1h,2022-10-28T00:00:00Z,,long,T4c_H1_sweep_lo_long,,4,,0,,,,,,,,,,,,,,,,0.9943516450069456,,,,,35.38619479186205,2.34949658496734,-0.6938447047168476,,,,bull,bull,,,,,,,sl_hit,,,-0.0109999999999999,,,,binance,1.0,backfilled from tiered_trades.csv; signal-TF rsi=35.38619479186205; atr_rank=0.72; dist_ema200=2.34949658496734
ttr-20221030100000-01020,backtest_tiered_raw_all_tf,binance,BTCUSDT,1h,2022-10-30T10:00:00Z,,long,T4c_H1_sweep_lo_long,,4,,0,,,,,,,,,,,,,,,,0.9818522580858364,,,,,38.858970725189295,2.463299767820008,-0.0569716085370093,,,,bull,bull,,,,,,,sl_hit,,,-0.011,,,,binance,1.0,backfilled from tiered_trades.csv; signal-TF rsi=38.858970725189295; atr_rank=0.09; dist_ema200=2.463299767820008
ttr-20221106020000-01021,backtest_tiered_raw_all_tf,binance,BTCUSDT,1h,2022-11-06T02:00:00Z,,long,T3b_H1_fail_brkdn_long,,3,,0,,,,,,,,,,,,,,,,0.9776917585502124,,,,,41.76558033161804,2.921531555900935,0.7470923799118802,,,,bull,bull,,,,,,,sl_hit,,,-0.0129999999999999,,,,binance,1.0,backfilled from tiered_trades.csv; signal-TF rsi=41.76558033161804; atr_rank=0.1; dist_ema200=2.921531555900935
ttr-20221106220000-01022,backtest_tiered_raw_all_tf,binance,BTCUSDT,1h,2022-11-06T22:00:00Z,,long,T4c_H1_sweep_lo_long,,4,,0,,,,,,,,,,,,,,,,1.1713112097418148,,,,,29.16423995340645,1.9217776686366013,-0.0667096980145933,,,,bull,bull,,,,,,,sl_hit,,,-0.011,,,,binance,1.0,backfilled from tiered_trades.csv; signal-TF rsi=29.16423995340645; atr_rank=0.12; dist_ema200=1.9217776686366013
ttr-20221108050000-01023,backtest_tiered_raw_all_tf,binance,BTCUSDT,1h,2022-11-08T05:00:00Z,,long,T4c_H1_sweep_lo_long,,4,,0,,,,,,,,,,,,,,,,2.2072761031482995,,,,,24.16558269147383,-4.864361152142177,-4.974478776215722,,,,bull,bull,,,,,,,sl_hit,,,-0.0109999999999999,,,,binance,1.0,backfilled from tiered_trades.csv; signal-TF rsi=24.16558269147383; atr_rank=1.0; dist_ema200=-4.864361152142177
ttr-20221109230000-01024,backtest_tiered_raw_all_tf,binance,BTCUSDT,1h,2022-11-09T23:00:00Z,,long,T4c_H1_sweep_lo_long,,4,,0,,,,,,,,,,,,,,,,0.8994713519709567,,,,,18.69891332435704,-19.64927606774453,-12.824579158874466,,,,bull,bull,,,,,,,sl_hit,,,-0.011,,,,binance,1.0,backfilled from tiered_trades.csv; signal-TF rsi=18.69891332435704; atr_rank=0.97; dist_ema200=-19.64927606774453
ttr-20221110140000-01025,backtest_tiered_raw_all_tf,binance,BTCUSDT,1h,2022-11-10T14:00:00Z,,short,T4d_H1_fail_brk_short,,4,,0,,,,,,,,,,,,,,,,1.2301100139552057,,,,,76.31271293363218,-8.9950932626363,0.3852127161362845,,,,bull,bull,,,,,,,sl_hit,,,-0.011,,,,binance,1.0,backfilled from tiered_trades.csv; signal-TF rsi=76.31271293363218; atr_rank=0.66; dist_ema200=-8.9950932626363
ttr-20221113070000-01026,backtest_tiered_raw_all_tf,binance,BTCUSDT,1h,2022-11-13T07:00:00Z,,long,T4c_H1_sweep_lo_long,,4,,0,,,,,,,,,,,,,,,,2.280711805385367,,,,,39.842634822267975,-8.080649887727393,-1.1174210846545185,,,,bull,bull,,,,,,,sl_hit,,,-0.0109999999999999,,,,binance,1.0,backfilled from tiered_trades.csv; signal-TF rsi=39.842634822267975; atr_rank=0.07; dist_ema200=-8.080649887727393
ttr-20221114000000-01027,backtest_tiered_raw_all_tf,binance,BTCUSDT,1w,2022-11-14T00:00:00Z,,long,T1a_W_fail_brkdn_long,,1,,0,,,,,,,,,,,,,,,,1.0730496012752258,,,,,32.99581120571304,-37.80014974302832,-45.20359068528163,,,,bull,bull,,,,,,,tp_hit,,,0.249,,,,binance,1.0,backfilled from tiered_trades.csv; signal-TF rsi=32.99581120571304; atr_rank=0.41; dist_ema200=-37.80014974302832
ttr-20221114020000-01028,backtest_tiered_raw_all_tf,binance,BTCUSDT,1h,2022-11-14T02:00:00Z,,long,T4c_H1_sweep_lo_long,,4,,0,,,,,,,,,,,,,,,,1.5615821542441202,,,,,25.701539952009924,-9.842387421973704,-3.098972166277108,,,,bull,bull,,,,,,,sl_hit,,,-0.0109999999999999,,,,binance,1.0,backfilled from tiered_trades.csv; signal-TF rsi=25.701539952009924; atr_rank=0.41; dist_ema200=-9.842387421973704
ttr-20221114080000-01029,backtest_tiered_raw_all_tf,binance,BTCUSDT,1h,2022-11-14T08:00:00Z,,short,T4d_H1_fail_brk_short,,4,,0,,,,,,,,,,,,,,,,1.5880966046891791,,,,,55.89936969250742,-6.096204716867163,0.8055557278227145,,,,bull,bull,,,,,,,sl_hit,,,-0.0109999999999999,,,,binance,1.0,backfilled from tiered_trades.csv; signal-TF rsi=55.89936969250742; atr_rank=0.56; dist_ema200=-6.096204716867163
ttr-20221115140000-01030,backtest_tiered_raw_all_tf,binance,BTCUSDT,1h,2022-11-15T14:00:00Z,,short,T4d_H1_fail_brk_short,,4,,0,,,,,,,,,,,,,,,,1.4699289162929583,,,,,64.30068400082902,-3.508433342239936,1.442876796544338,,,,bull,bull,,,,,,,tp_hit,,,0.0189999999999999,,,,binance,1.0,backfilled from tiered_trades.csv; signal-TF rsi=64.30068400082902; atr_rank=0.44; dist_ema200=-3.508433342239936
ttr-20221116120000-01031,backtest_tiered_raw_all_tf,binance,BTCUSDT,1h,2022-11-16T12:00:00Z,,long,T4c_H1_sweep_lo_long,,4,,0,,,,,,,,,,,,,,,,1.2895024368674617,,,,,33.119138324077014,-4.336561713075266,-0.7184402549312277,,,,bull,bull,,,,,,,sl_hit,,,-0.011,,,,binance,1.0,backfilled from tiered_trades.csv; signal-TF rsi=33.119138324077014; atr_rank=0.19; dist_ema200=-4.336561713075266
ttr-20221118010000-01032,backtest_tiered_raw_all_tf,binance,BTCUSDT,1h,2022-11-18T01:00:00Z,,short,T4d_H1_fail_brk_short,,4,,0,,,,,,,,,,,,,,,,1.0413428479909983,,,,,67.8920913969356,-1.6174519448328266,1.3191942751766328,,,,bull,bull,,,,,,,tp_hit,,,0.0189999999999999,,,,binance,1.0,backfilled from tiered_trades.csv; signal-TF rsi=67.8920913969356; atr_rank=0.25; dist_ema200=-1.6174519448328266
ttr-20221118180000-01033,backtest_tiered_raw_all_tf,binance,BTCUSDT,1h,2022-11-18T18:00:00Z,,long,T4c_H1_sweep_lo_long,,4,,0,,,,,,,,,,,,,,,,0.7591690622392973,,,,,17.296322573016212,-3.003798654979429,-0.6771964456004586,,,,bull,bull,,,,,,,time,,,-0.0010711352890715,,,,binance,1.0,backfilled from tiered_trades.csv; signal-TF rsi=17.296322573016212; atr_rank=0.01; dist_ema200=-3.003798654979429
ttr-20221119230000-01034,backtest_tiered_raw_all_tf,binance,BTCUSDT,1h,2022-11-19T23:00:00Z,,short,T4d_H1_fail_brk_short,,4,,0,,,,,,,,,,,,,,,,1.142254873372036,,,,,61.85809344712904,-1.6876308799362936,0.2034551404068819,,,,bull,bull,,,,,,,tp_hit,,,0.019,,,,binance,1.0,backfilled from tiered_trades.csv; signal-TF rsi=61.85809344712904; atr_rank=0.08; dist_ema200=-1.6876308799362936
ttr-20221120200000-01035,backtest_tiered_raw_all_tf,binance,BTCUSDT,1h,2022-11-20T20:00:00Z,,long,T4c_H1_sweep_lo_long,,4,,0,,,,,,,,,,,,,,,,1.567894965600332,,,,,35.62200358126212,-2.2420447018882936,-0.5737900633632015,,,,bull,bull,,,,,,,sl_hit,,,-0.0109999999999999,,,,binance,1.0,backfilled from tiered_trades.csv; signal-TF rsi=35.62200358126212; atr_rank=0.54; dist_ema200=-2.2420447018882936
ttr-20221122140000-01036,backtest_tiered_raw_all_tf,binance,BTCUSDT,1h,2022-11-22T14:00:00Z,,short,T4d_H1_fail_brk_short,,4,,0,,,,,,,,,,,,,,,,1.1941208234532064,,,,,61.03698357654601,-2.8506800936003844,0.393721584063424,,,,bull,bull,,,,,,,sl_hit,,,-0.011,,,,binance,1.0,backfilled from tiered_trades.csv; signal-TF rsi=61.03698357654601; atr_rank=0.7; dist_ema200=-2.8506800936003844
ttr-20221123160000-01037,backtest_tiered_raw_all_tf,binance,BTCUSDT,4h,2022-11-23T16:00:00Z,,short,T4b_H4_sstar_short,,4,,0,,,,,,,,,,,,,,,,1.132874333488658,,,,,60.38562196229236,-8.69176136465847,-0.4327045877170187,,,,bull,bull,,,,,,,sl_hit,,,-0.0159999999999999,,,,binance,1.0,backfilled from tiered_trades.csv; signal-TF rsi=60.38562196229236; atr_rank=0.47; dist_ema200=-8.69176136465847
ttr-20221125060000-01038,backtest_tiered_raw_all_tf,binance,BTCUSDT,1h,2022-11-25T06:00:00Z,,long,T4c_H1_sweep_lo_long,,4,,0,,,,,,,,,,,,,,,,1.0830947141675646,,,,,27.60686272293704,-0.7454060956117191,-0.3988519876557346,,,,bull,bull,,,,,,,time,,,0.006888613291738,,,,binance,1.0,backfilled from tiered_trades.csv; signal-TF rsi=27.60686272293704; atr_rank=0.01; dist_ema200=-0.7454060956117191
ttr-20221126190000-01039,backtest_tiered_raw_all_tf,binance,BTCUSDT,1h,2022-11-26T19:00:00Z,,long,T4c_H1_sweep_lo_long,,4,,0,,,,,,,,,,,,,,,,0.8738557579581162,,,,,27.36581337737391,-0.3473993371951308,-0.272620341364507,,,,bull,bull,,,,,,,sl_hit,,,-0.011,,,,binance,1.0,backfilled from tiered_trades.csv; signal-TF rsi=27.36581337737391; atr_rank=0.1; dist_ema200=-0.3473993371951308
ttr-20221201120000-01040,backtest_tiered_raw_all_tf,binance,BTCUSDT,4h,2022-12-01T12:00:00Z,,short,T1d_H4_sweep_hi_short_strict,,1,,0,,,,,,,,,,,,,,,,1.6516246557899068,,,,,71.4993897443612,-2.9872061688747404,2.02597689559126,,54.34621382987486,30.887385887402587,bear,bear,-0.2644821542379235,-0.36999201865554765,,,,,time,,,0.0079559183865799,,,,binance,1.0,backfilled from tiered_trades.csv; signal-TF rsi=71.4993897443612; atr_rank=0.51; dist_ema200=-2.9872061688747404
ttr-20221201120000-01041,backtest_tiered_raw_all_tf,binance,BTCUSDT,4h,2022-12-01T12:00:00Z,,short,T3a_H4_sweep_hi_short_loose,,3,,0,,,,,,,,,,,,,,,,1.6516246557899068,,,,,71.4993897443612,-2.9872061688747404,2.02597689559126,,,,bull,bull,,,,,,,sl_hit,,,-0.0159999999999998,,,,binance,1.0,backfilled from tiered_trades.csv; signal-TF rsi=71.4993897443612; atr_rank=0.51; dist_ema200=-2.9872061688747404
ttr-20221201210000-01042,backtest_tiered_raw_all_tf,binance,BTCUSDT,1h,2022-12-01T21:00:00Z,,long,T4c_H1_sweep_lo_long,,4,,0,,,,,,,,,,,,,,,,0.7275444940037538,,,,,31.98017115939564,1.5991000177924777,0.0614981191841087,,,,bull,bull,,,,,,,time,,,0.0003991897934774,,,,binance,1.0,backfilled from tiered_trades.csv; signal-TF rsi=31.98017115939564; atr_rank=0.51; dist_ema200=1.5991000177924777
ttr-20221203110000-01043,backtest_tiered_raw_all_tf,binance,BTCUSDT,1h,2022-12-03T11:00:00Z,,long,T4c_H1_sweep_lo_long,,4,,0,,,,,,,,,,,,,,,,1.520241539520496,,,,,38.5780074876587,1.1021055783212712,-0.1389752711798552,,,,bull,bull,,,,,,,tp_hit,,,0.019,,,,binance,1.0,backfilled from tiered_trades.csv; signal-TF rsi=38.5780074876587; atr_rank=0.04; dist_ema200=1.1021055783212712
ttr-20221204200000-01044,backtest_tiered_raw_all_tf,binance,BTCUSDT,4h,2022-12-04T20:00:00Z,,short,T4b_H4_sstar_short,,4,,0,,,,,,,,,,,,,,,,0.7696444201767663,,,,,61.68670983657111,-1.7301273245745843,1.6253899599122552,,,,bull,bull,,,,,,,sl_hit,,,-0.0159999999999998,,,,binance,1.0,backfilled from tiered_trades.csv; signal-TF rsi=61.68670983657111; atr_rank=0.01; dist_ema200=-1.7301273245745843
ttr-20221207080000-01045,backtest_tiered_raw_all_tf,binance,BTCUSDT,1h,2022-12-07T08:00:00Z,,long,T4c_H1_sweep_lo_long,,4,,0,,,,,,,,,,,,,,,,1.3990411070048416,,,,,34.4553488939637,-0.7867787102166608,-1.2717914982833796,,,,bull,bull,,,,,,,tp_hit,,,0.019,,,,binance,1.0,backfilled from tiered_trades.csv; signal-TF rsi=34.4553488939637; atr_rank=0.7; dist_ema200=-0.7867787102166608
ttr-20221209000000-01046,backtest_tiered_raw_all_tf,binance,BTCUSDT,4h,2022-12-09T00:00:00Z,,short,T3a_H4_sweep_hi_short_loose,,3,,0,,,,,,,,,,,,,,,,1.0200094689132528,,,,,61.064372272462485,-0.6561859284752242,1.5917330205642986,,,,bull,bull,,,,,,,sl_hit,,,-0.0159999999999999,,,,binance,1.0,backfilled from tiered_trades.csv; signal-TF rsi=61.064372272462485; atr_rank=0.29; dist_ema200=-0.6561859284752242
ttr-20221209000000-01047,backtest_tiered_raw_all_tf,binance,BTCUSDT,4h,2022-12-09T00:00:00Z,,short,T4b_H4_sstar_short,,4,,0,,,,,,,,,,,,,,,,1.0200094689132528,,,,,61.064372272462485,-0.6561859284752242,1.5917330205642986,,,,bull,bull,,,,,,,sl_hit,,,-0.0159999999999999,,,,binance,1.0,backfilled from tiered_trades.csv; signal-TF rsi=61.064372272462485; atr_rank=0.29; dist_ema200=-0.6561859284752242
ttr-20221215020000-01048,backtest_tiered_raw_all_tf,binance,BTCUSDT,1h,2022-12-15T02:00:00Z,,long,T3b_H1_fail_brkdn_long,,3,,0,,,,,,,,,,,,,,,,0.8464811849339774,,,,,41.49557339212509,2.3707117859694327,0.1498732961714215,,,,bull,bull,,,,,,,sl_hit,,,-0.0129999999999999,,,,binance,1.0,backfilled from tiered_trades.csv; signal-TF rsi=41.49557339212509; atr_rank=1.0; dist_ema200=2.3707117859694327
ttr-20221215180000-01049,backtest_tiered_raw_all_tf,binance,BTCUSDT,1h,2022-12-15T18:00:00Z,,long,T4c_H1_sweep_lo_long,,4,,0,,,,,,,,,,,,,,,,1.2347782726687877,,,,,23.4451499057147,0.3023706501246549,-1.3298741367003302,,,,bull,bull,,,,,,,sl_hit,,,-0.011,,,,binance,1.0,backfilled from tiered_trades.csv; signal-TF rsi=23.4451499057147; atr_rank=0.68; dist_ema200=0.3023706501246549
ttr-20221216100000-01050,backtest_tiered_raw_all_tf,binance,BTCUSDT,1h,2022-12-16T10:00:00Z,,long,T4c_H1_sweep_lo_long,,4,,0,,,,,,,,,,,,,,,,1.2533934297889302,,,,,26.55476699254849,-2.0401416513261883,-2.848755360833051,,,,bull,bull,,,,,,,sl_hit,,,-0.011,,,,binance,1.0,backfilled from tiered_trades.csv; signal-TF rsi=26.55476699254849; atr_rank=0.72; dist_ema200=-2.0401416513261883
ttr-20221218000000-01051,backtest_tiered_raw_all_tf,binance,BTCUSDT,1h,2022-12-18T00:00:00Z,,short,T4d_H1_fail_brk_short,,4,,0,,,,,,,,,,,,,,,,0.8423293500847887,,,,,52.65063685163408,-2.405893625894786,-0.90817009573652,,,,bull,bull,,,,,,,tp_hit,,,0.0189999999999999,,,,binance,1.0,backfilled from tiered_trades.csv; signal-TF rsi=52.65063685163408; atr_rank=0.02; dist_ema200=-2.405893625894786
ttr-20221219170000-01052,backtest_tiered_raw_all_tf,binance,BTCUSDT,1h,2022-12-19T17:00:00Z,,long,T4c_H1_sweep_lo_long,,4,,0,,,,,,,,,,,,,,,,1.8977795641948147,,,,,39.22825341562478,-2.4293911562667345,-0.9229420453935352,,,,bull,bull,,,,,,,sl_hit,,,-0.011,,,,binance,1.0,backfilled from tiered_trades.csv; signal-TF rsi=39.22825341562478; atr_rank=0.43; dist_ema200=-2.4293911562667345
ttr-20221220150000-01053,backtest_tiered_raw_all_tf,binance,BTCUSDT,1h,2022-12-20T15:00:00Z,,short,T4d_H1_fail_brk_short,,4,,0,,,,,,,,,,,,,,,,1.9634758762983573,,,,,80.39279046388086,-0.207038907411755,1.0424186896402212,,,,bull,bull,,,,,,,time,,,0.0156454370010905,,,,binance,1.0,backfilled from tiered_trades.csv; signal-TF rsi=80.39279046388086; atr_rank=0.77; dist_ema200=-0.207038907411755
ttr-20221222180000-01054,backtest_tiered_raw_all_tf,binance,BTCUSDT,1h,2022-12-22T18:00:00Z,,long,T4c_H1_sweep_lo_long,,4,,0,,,,,,,,,,,,,,,,1.1222195561659078,,,,,23.866862225586477,-1.652784438368898,-0.984004763239954,,,,bull,bull,,,,,,,tp_hit,,,0.0189999999999999,,,,binance,1.0,backfilled from tiered_trades.csv; signal-TF rsi=23.866862225586477; atr_rank=0.36; dist_ema200=-1.652784438368898
ttr-20221227190000-01055,backtest_tiered_raw_all_tf,binance,BTCUSDT,1h,2022-12-27T19:00:00Z,,long,T4c_H1_sweep_lo_long,,4,,0,,,,,,,,,,,,,,,,1.1097905705761764,,,,,29.930949008498374,-0.9323736032412298,-0.7685173182808055,,,,bull,bull,,,,,,,sl_hit,,,-0.011,,,,binance,1.0,backfilled from tiered_trades.csv; signal-TF rsi=29.930949008498374; atr_rank=1.0; dist_ema200=-0.9323736032412298
ttr-20230102040000-01056,backtest_tiered_raw_all_tf,binance,BTCUSDT,1h,2023-01-02T04:00:00Z,,short,T4d_H1_fail_brk_short,,4,,0,,,,,,,,,,,,,,,,1.1718423910194746,,,,,68.99307195717203,-0.0702447673112698,0.3851491152111077,,,,bull,bull,,,,,,,sl_hit,,,-0.0110000000000001,,,,binance,1.0,backfilled from tiered_trades.csv; signal-TF rsi=68.99307195717203; atr_rank=0.45; dist_ema200=-0.0702447673112698
ttr-20230102080000-01057,backtest_tiered_raw_all_tf,binance,BTCUSDT,4h,2023-01-02T08:00:00Z,,short,T4b_H4_sstar_short,,4,,0,,,,,,,,,,,,,,,,1.0969420497146514,,,,,79.41508036203189,-1.1657129343863852,0.4496882317657441,,,,bull,bull,,,,,,,sl_hit,,,-0.0159999999999998,,,,binance,1.0,backfilled from tiered_trades.csv; signal-TF rsi=79.41508036203189; atr_rank=0.14; dist_ema200=-1.1657129343863852
ttr-20230102200000-01058,backtest_tiered_raw_all_tf,binance,BTCUSDT,4h,2023-01-02T20:00:00Z,,short,T3a_H4_sweep_hi_short_loose,,3,,0,,,,,,,,,,,,,,,,0.99515970137975,,,,,62.14099216710167,-1.4958653575180854,0.0394257920330699,,,,bull,bull,,,,,,,sl_hit,,,-0.0159999999999998,,,,binance,1.0,backfilled from tiered_trades.csv; signal-TF rsi=62.14099216710167; atr_rank=0.19; dist_ema200=-1.4958653575180854
ttr-20230103170000-01059,backtest_tiered_raw_all_tf,binance,BTCUSDT,1h,2023-01-03T17:00:00Z,,long,T4c_H1_sweep_lo_long,,4,,0,,,,,,,,,,,,,,,,0.977771179365158,,,,,39.66815888580983,-0.2021493279155263,-0.2302468110910646,,,,bull,bull,,,,,,,tp_hit,,,0.019,,,,binance,1.0,backfilled from tiered_trades.csv; signal-TF rsi=39.66815888580983; atr_rank=0.76; dist_ema200=-0.2021493279155263
ttr-20230104040000-01060,backtest_tiered_raw_all_tf,binance,BTCUSDT,4h,2023-01-04T04:00:00Z,,short,T4b_H4_sstar_short,,4,,0,,,,,,,,,,,,,,,,1.343760889481452,,,,,72.73577945331145,-0.2478512449716705,1.099427490196465,,,,bull,bull,,,,,,,sl_hit,,,-0.0159999999999999,,,,binance,1.0,backfilled from tiered_trades.csv; signal-TF rsi=72.73577945331145; atr_rank=0.49; dist_ema200=-0.2478512449716705
ttr-20230106130000-01061,backtest_tiered_raw_all_tf,binance,BTCUSDT,1h,2023-01-06T13:00:00Z,,long,T4c_H1_sweep_lo_long,,4,,0,,,,,,,,,,,,,,,,2.67298160943634,,,,,38.41610414657674,0.2113659170331586,-0.1687861517819184,,,,bull,bull,,,,,,,time,,,0.0084693096954309,,,,binance,1.0,backfilled from tiered_trades.csv; signal-TF rsi=38.41610414657674; atr_rank=0.4; dist_ema200=0.2113659170331586
ttr-20230109000000-01062,backtest_tiered_raw_all_tf,binance,BTCUSDT,1w,2023-01-09T00:00:00Z,,long,T1b_W_rsi_os_long,,1,,0,,,,,,,,,,,,,,,,1.2911140359401585,,,,,55.6654131533257,-18.410817045010912,-21.885878251357997,,,,bull,bull,,,,,,,tp_hit,,,0.249,,,,binance,1.0,backfilled from tiered_trades.csv; signal-TF rsi=55.6654131533257; atr_rank=0.01; dist_ema200=-18.410817045010912
ttr-20230111160000-01063,backtest_tiered_raw_all_tf,binance,BTCUSDT,1h,2023-01-11T16:00:00Z,,long,T3b_H1_fail_brkdn_long,,3,,0,,,,,,,,,,,,,,,,1.1001653127590063,,,,,40.361960858825206,1.6742135863140832,0.1108500436322307,,,,bull,bull,,,,,,,tp_hit,,,0.0239999999999999,,,,binance,1.0,backfilled from tiered_trades.csv; signal-TF rsi=40.361960858825206; atr_rank=0.43; dist_ema200=1.6742135863140832
ttr-20230118160000-01064,backtest_tiered_raw_all_tf,binance,BTCUSDT,1h,2023-01-18T16:00:00Z,,long,T4c_H1_sweep_lo_long,,4,,0,,,,,,,,,,,,,,,,3.501840407308411,,,,,30.146451504036463,4.26580286795911,-1.4395122002544332,,,,bull,bull,,,,,,,sl_hit,,,-0.0109999999999999,,,,binance,1.0,backfilled from tiered_trades.csv; signal-TF rsi=30.146451504036463; atr_rank=0.85; dist_ema200=4.26580286795911
ttr-20230128130000-01065,backtest_tiered_raw_all_tf,binance,BTCUSDT,1h,2023-01-28T13:00:00Z,,long,T4c_H1_sweep_lo_long,,4,,0,,,,,,,,,,,,,,,,1.3375349069431424,,,,,37.13148001582852,1.924681382972412,-0.1536610123004381,,,,bull,bull,,,,,,,tp_hit,,,0.019,,,,binance,1.0,backfilled from tiered_trades.csv; signal-TF rsi=37.13148001582852; atr_rank=0.02; dist_ema200=1.924681382972412
ttr-20230130100000-01066,backtest_tiered_raw_all_tf,binance,BTCUSDT,1h,2023-01-30T10:00:00Z,,long,T4c_H1_sweep_lo_long,,4,,0,,,,,,,,,,,,,,,,1.1540196444349202,,,,,25.66386824234003,1.7028320715576877,-0.7034367346769667,,,,bull,bull,,,,,,,sl_hit,,,-0.0109999999999999,,,,binance,1.0,backfilled from tiered_trades.csv; signal-TF rsi=25.66386824234003; atr_rank=0.35; dist_ema200=1.7028320715576877
ttr-20230130220000-01067,backtest_tiered_raw_all_tf,binance,BTCUSDT,1h,2023-01-30T22:00:00Z,,long,T4c_H1_sweep_lo_long,,4,,0,,,,,,,,,,,,,,,,0.6913935301683807,,,,,23.34442151584804,-0.6162440919475448,-2.2218159705054297,,,,bull,bull,,,,,,,tp_hit,,,0.0189999999999999,,,,binance,1.0,backfilled from tiered_trades.csv; signal-TF rsi=23.34442151584804; atr_rank=1.0; dist_ema200=-0.6162440919475448
ttr-20230202220000-01068,backtest_tiered_raw_all_tf,binance,BTCUSDT,1h,2023-02-02T22:00:00Z,,long,T3b_H1_fail_brkdn_long,,3,,0,,,,,,,,,,,,,,,,0.9005853760786872,,,,,42.91121696695828,1.827775356161887,0.0274553789400526,,,,bull,bull,,,,,,,sl_hit,,,-0.013,,,,binance,1.0,backfilled from tiered_trades.csv; signal-TF rsi=42.91121696695828; atr_rank=0.85; dist_ema200=1.827775356161887
ttr-20230203080000-01069,backtest_tiered_raw_all_tf,binance,BTCUSDT,1h,2023-02-03T08:00:00Z,,long,T4c_H1_sweep_lo_long,,4,,0,,,,,,,,,,,,,,,,0.928788500513438,,,,,24.470409269658436,1.100636929618175,-0.4681278289116865,,,,bull,bull,,,,,,,time,,,-0.002291863904315,,,,binance,1.0,backfilled from tiered_trades.csv; signal-TF rsi=24.470409269658436; atr_rank=0.55; dist_ema200=1.100636929618175
ttr-20230205190000-01070,backtest_tiered_raw_all_tf,binance,BTCUSDT,1h,2023-02-05T19:00:00Z,,long,T4c_H1_sweep_lo_long,,4,,0,,,,,,,,,,,,,,,,1.2533990178767578,,,,,15.77435694275428,-1.5002836986555164,-1.7448350977746423,,,,bull,bull,,,,,,,sl_hit,,,-0.011,,,,binance,1.0,backfilled from tiered_trades.csv; signal-TF rsi=15.77435694275428; atr_rank=0.48; dist_ema200=-1.5002836986555164
ttr-20230206040000-01071,backtest_tiered_raw_all_tf,binance,BTCUSDT,4h,2023-02-06T04:00:00Z,,long,T4a_H4_hammer_long,,4,,0,,,,,,,,,,,,,,,,1.0097619579872488,,,,,20.278372821512008,6.811407629803268,-1.3793130599073202,,,,bull,bull,,,,,,,sl_hit,,,-0.016,,,,binance,1.0,backfilled from tiered_trades.csv; signal-TF rsi=20.278372821512008; atr_rank=0.04; dist_ema200=6.811407629803268
ttr-20230207180000-01072,backtest_tiered_raw_all_tf,binance,BTCUSDT,1h,2023-02-07T18:00:00Z,,short,T4d_H1_fail_brk_short,,4,,0,,,,,,,,,,,,,,,,2.6933712859593064,,,,,52.58478926851258,-0.8271245465222022,-0.2805692874152734,,,,bull,bull,,,,,,,sl_hit,,,-0.011,,,,binance,1.0,backfilled from tiered_trades.csv; signal-TF rsi=52.58478926851258; atr_rank=0.9; dist_ema200=-0.8271245465222022
ttr-20230208160000-01073,backtest_tiered_raw_all_tf,binance,BTCUSDT,1h,2023-02-08T16:00:00Z,,long,T4c_H1_sweep_lo_long,,4,,0,,,,,,,,,,,,,,,,2.584378137189998,,,,,25.00179649324538,-0.7190618670944967,-0.5347677720428222,,,,bull,bull,,,,,,,sl_hit,,,-0.0109999999999999,,,,binance,1.0,backfilled from tiered_trades.csv; signal-TF rsi=25.00179649324538; atr_rank=0.46; dist_ema200=-0.7190618670944967
ttr-20230209040000-01074,backtest_tiered_raw_all_tf,binance,BTCUSDT,1h,2023-02-09T04:00:00Z,,long,T4c_H1_sweep_lo_long,,4,,0,,,,,,,,,,,,,,,,1.275886372702425,,,,,29.892669939262905,-2.30467501033797,-1.8559570075741496,,,,bull,bull,,,,,,,sl_hit,,,-0.0109999999999999,,,,binance,1.0,backfilled from tiered_trades.csv; signal-TF rsi=29.892669939262905; atr_rank=0.9; dist_ema200=-2.30467501033797
ttr-20230209200000-01075,backtest_tiered_raw_all_tf,binance,BTCUSDT,1h,2023-02-09T20:00:00Z,,long,T4c_H1_sweep_lo_long,,4,,0,,,,,,,,,,,,,,,,1.4935375615786777,,,,,14.60595173006341,-4.4644771215468975,-3.456377515846444,,,,bull,bull,,,,,,,sl_hit,,,-0.011,,,,binance,1.0,backfilled from tiered_trades.csv; signal-TF rsi=14.60595173006341; atr_rank=0.95; dist_ema200=-4.4644771215468975
ttr-20230210040000-01076,backtest_tiered_raw_all_tf,binance,BTCUSDT,4h,2023-02-10T04:00:00Z,,long,T4a_H4_hammer_long,,4,,0,,,,,,,,,,,,,,,,1.0447571403374387,,,,,18.44378897770953,0.9716755911123136,-4.18540136485354,,,,bull,bull,,,,,,,sl_hit,,,-0.0159999999999999,,,,binance,1.0,backfilled from tiered_trades.csv; signal-TF rsi=18.44378897770953; atr_rank=0.62; dist_ema200=0.9716755911123136
ttr-20230211220000-01077,backtest_tiered_raw_all_tf,binance,BTCUSDT,1h,2023-02-11T22:00:00Z,,short,T4d_H1_fail_brk_short,,4,,0,,,,,,,,,,,,,,,,1.0997779990921692,,,,,67.20579753755084,-3.06179746589846,-0.1713954723376495,,,,bull,bull,,,,,,,sl_hit,,,-0.011,,,,binance,1.0,backfilled from tiered_trades.csv; signal-TF rsi=67.20579753755084; atr_rank=0.12; dist_ema200=-3.06179746589846
ttr-20230213100000-01078,backtest_tiered_raw_all_tf,binance,BTCUSDT,1h,2023-02-13T10:00:00Z,,long,T4c_H1_sweep_lo_long,,4,,0,,,,,,,,,,,,,,,,1.5489212783978972,,,,,29.450624340485035,-3.1912001737394946,-1.059872180024883,,,,bull,bull,,,,,,,sl_hit,,,-0.011,,,,binance,1.0,backfilled from tiered_trades.csv; signal-TF rsi=29.450624340485035; atr_rank=0.86; dist_ema200=-3.1912001737394946
ttr-20230214150000-01079,backtest_tiered_raw_all_tf,binance,BTCUSDT,1h,2023-02-14T15:00:00Z,,short,T4d_H1_fail_brk_short,,4,,0,,,,,,,,,,,,,,,,3.224728533788493,,,,,63.717976071293776,-0.5347339122452774,1.2106066283348498,,,,bull,bull,,,,,,,sl_hit,,,-0.011,,,,binance,1.0,backfilled from tiered_trades.csv; signal-TF rsi=63.717976071293776; atr_rank=1.0; dist_ema200=-0.5347339122452774
ttr-20230216000000-01080,backtest_tiered_raw_all_tf,binance,BTCUSDT,1d,2023-02-16T00:00:00Z,,short,T2c_D_fail_brk_short,,2,,0,,,,,,,,,,,,,,,,1.537792688707883,,,,,50.22131719876102,9.659282572042189,10.474680651056389,,,60.483697434510695,bull,bear,,-0.046660111118483644,,,,,sl_hit,,,-0.041,,,,binance,1.0,backfilled from tiered_trades.csv; signal-TF rsi=50.22131719876102; atr_rank=0.66; dist_ema200=9.659282572042189
ttr-20230217000000-01081,backtest_tiered_raw_all_tf,binance,BTCUSDT,1h,2023-02-17T00:00:00Z,,long,T4c_H1_sweep_lo_long,,4,,0,,,,,,,,,,,,,,,,1.5226400142998824,,,,,33.773061505722026,4.047722696239802,-0.2892943277909569,,,,bull,bull,,,,,,,tp_hit,,,0.019,,,,binance,1.0,backfilled from tiered_trades.csv; signal-TF rsi=33.773061505722026; atr_rank=1.0; dist_ema200=4.047722696239802
ttr-20230220010000-01082,backtest_tiered_raw_all_tf,binance,BTCUSDT,1h,2023-02-20T01:00:00Z,,long,T4c_H1_sweep_lo_long,,4,,0,,,,,,,,,,,,,,,,1.7737827649464872,,,,,34.69081434700728,2.443099837907511,-1.042881394662427,,,,bull,bull,,,,,,,tp_hit,,,0.019,,,,binance,1.0,backfilled from tiered_trades.csv; signal-TF rsi=34.69081434700728; atr_rank=0.61; dist_ema200=2.443099837907511
ttr-20230222020000-01083,backtest_tiered_raw_all_tf,binance,BTCUSDT,1h,2023-02-22T02:00:00Z,,long,T4c_H1_sweep_lo_long,,4,,0,,,,,,,,,,,,,,,,1.587111248444801,,,,,36.82621966816162,0.504996775805207,-1.7342904344332537,,,,bull,bull,,,,,,,sl_hit,,,-0.011,,,,binance,1.0,backfilled from tiered_trades.csv; signal-TF rsi=36.82621966816162; atr_rank=0.88; dist_ema200=0.504996775805207
ttr-20230224160000-01084,backtest_tiered_raw_all_tf,binance,BTCUSDT,4h,2023-02-24T16:00:00Z,,long,T4a_H4_hammer_long,,4,,0,,,,,,,,,,,,,,,,1.4775512832894444,,,,,33.570502790294725,1.5421708055656924,-3.305413119731624,,,,bull,bull,,,,,,,sl_hit,,,-0.0159999999999999,,,,binance,1.0,backfilled from tiered_trades.csv; signal-TF rsi=33.570502790294725; atr_rank=0.82; dist_ema200=1.5421708055656924
ttr-20230224190000-01085,backtest_tiered_raw_all_tf,binance,BTCUSDT,1h,2023-02-24T19:00:00Z,,long,T4c_H1_sweep_lo_long,,4,,0,,,,,,,,,,,,,,,,1.5002959588053757,,,,,21.61369542929376,-3.3451412766071256,-2.854115922163859,,,,bull,bull,,,,,,,sl_hit,,,-0.011,,,,binance,1.0,backfilled from tiered_trades.csv; signal-TF rsi=21.61369542929376; atr_rank=0.76; dist_ema200=-3.3451412766071256
ttr-20230225200000-01086,backtest_tiered_raw_all_tf,binance,BTCUSDT,1h,2023-02-25T20:00:00Z,,long,T4c_H1_sweep_lo_long,,4,,0,,,,,,,,,,,,,,,,1.665761811664089,,,,,32.93800871495566,-3.603538027992356,-1.8102330003309184,,,,bull,bull,,,,,,,tp_hit,,,0.019,,,,binance,1.0,backfilled from tiered_trades.csv; signal-TF rsi=32.93800871495566; atr_rank=0.08; dist_ema200=-3.603538027992356
ttr-20230226030000-01087,backtest_tiered_raw_all_tf,binance,BTCUSDT,1h,2023-02-26T03:00:00Z,,short,T4d_H1_fail_brk_short,,4,,0,,,,,,,,,,,,,,,,0.8913778931318408,,,,,66.87464912984217,-2.1940741931194805,-0.335614249800327,,,,bull,bull,,,,,,,sl_hit,,,-0.011,,,,binance,1.0,backfilled from tiered_trades.csv; signal-TF rsi=66.87464912984217; atr_rank=0.12; dist_ema200=-2.1940741931194805
ttr-20230227150000-01088,backtest_tiered_raw_all_tf,binance,BTCUSDT,1h,2023-02-27T15:00:00Z,,short,T4d_H1_fail_brk_short,,4,,0,,,,,,,,,,,,,,,,2.596590251262654,,,,,50.32222373197212,-0.314829657096207,0.6728609521666257,,,,bull,bull,,,,,,,tp_hit,,,0.019,,,,binance,1.0,backfilled from tiered_trades.csv; signal-TF rsi=50.32222373197212; atr_rank=0.57; dist_ema200=-0.314829657096207
ttr-20230302140000-01089,backtest_tiered_raw_all_tf,binance,BTCUSDT,1h,2023-03-02T14:00:00Z,,long,T4c_H1_sweep_lo_long,,4,,0,,,,,,,,,,,,,,,,1.8917862283948776,,,,,23.42998149290557,-1.0431294286855417,-0.7241343846961956,,,,bull,bull,,,,,,,sl_hit,,,-0.0109999999999999,,,,binance,1.0,backfilled from tiered_trades.csv; signal-TF rsi=23.42998149290557; atr_rank=0.15; dist_ema200=-1.0431294286855417
ttr-20230304200000-01090,backtest_tiered_raw_all_tf,binance,BTCUSDT,1h,2023-03-04T20:00:00Z,,long,T4c_H1_sweep_lo_long,,4,,0,,,,,,,,,,,,,,,,1.811475164001554,,,,,29.62765009798824,-3.721976881293683,-1.2255382255409786,,,,bull,bull,,,,,,,time,,,0.00357701076793,,,,binance,1.0,backfilled from tiered_trades.csv; signal-TF rsi=29.62765009798824; atr_rank=0.08; dist_ema200=-3.721976881293683
ttr-20230305020000-01091,backtest_tiered_raw_all_tf,binance,BTCUSDT,1h,2023-03-05T02:00:00Z,,short,T4d_H1_fail_brk_short,,4,,0,,,,,,,,,,,,,,,,2.5293248079494166,,,,,48.51075733067382,-3.0624726293164786,-0.5893534923723716,,,,bull,bull,,,,,,,sl_hit,,,-0.0109999999999999,,,,binance,1.0,backfilled from tiered_trades.csv; signal-TF rsi=48.51075733067382; atr_rank=0.36; dist_ema200=-3.0624726293164786
ttr-20230307150000-01092,backtest_tiered_raw_all_tf,binance,BTCUSDT,1h,2023-03-07T15:00:00Z,,long,T4c_H1_sweep_lo_long,,4,,0,,,,,,,,,,,,,,,,5.708840465189316,,,,,25.76447625244036,-1.9715186895135652,-0.4373259414681702,,,,bull,bull,,,,,,,sl_hit,,,-0.0109999999999999,,,,binance,1.0,backfilled from tiered_trades.csv; signal-TF rsi=25.76447625244036; atr_rank=0.72; dist_ema200=-1.9715186895135652
ttr-20230309100000-01093,backtest_tiered_raw_all_tf,binance,BTCUSDT,1h,2023-03-09T10:00:00Z,,long,T4c_H1_sweep_lo_long,,4,,0,,,,,,,,,,,,,,,,1.2333607878314754,,,,,14.269256868717008,-3.725458288970711,-1.5536888385660104,,,,bull,bull,,,,,,,sl_hit,,,-0.0109999999999999,,,,binance,1.0,backfilled from tiered_trades.csv; signal-TF rsi=14.269256868717008; atr_rank=0.72; dist_ema200=-3.725458288970711
ttr-20230310000000-01094,backtest_tiered_raw_all_tf,binance,BTCUSDT,1d,2023-03-10T00:00:00Z,,long,T2a_D_hammer_long,,2,,0,,,,,,,,,,,,,,,,2.02881370589691,,,,,19.48494660418721,-7.39870116849959,-9.15731478036685,,,68.36574964296435,bull,bear,,-0.1331815587032088,,,,,tp_hit,,,0.1190000000000001,,,,binance,1.0,backfilled from tiered_trades.csv; signal-TF rsi=19.48494660418721; atr_rank=0.71; dist_ema200=-7.39870116849959
ttr-20230310010000-01095,backtest_tiered_raw_all_tf,binance,BTCUSDT,1h,2023-03-10T01:00:00Z,,long,T4c_H1_sweep_lo_long,,4,,0,,,,,,,,,,,,,,,,2.138775997634652,,,,,15.713789112862417,-9.695564972841623,-6.3679343531991215,,,,bull,bull,,,,,,,sl_hit,,,-0.0109999999999999,,,,binance,1.0,backfilled from tiered_trades.csv; signal-TF rsi=15.713789112862417; atr_rank=1.0; dist_ema200=-9.695564972841623
ttr-20230311020000-01096,backtest_tiered_raw_all_tf,binance,BTCUSDT,1h,2023-03-11T02:00:00Z,,short,T4d_H1_fail_brk_short,,4,,0,,,,,,,,,,,,,,,,0.7939651497831117,,,,,64.50584208171637,-5.881210333752535,-0.407183165618504,,,,bull,bull,,,,,,,tp_hit,,,0.0189999999999999,,,,binance,1.0,backfilled from tiered_trades.csv; signal-TF rsi=64.50584208171637; atr_rank=0.88; dist_ema200=-5.881210333752535
ttr-20230312190000-01097,backtest_tiered_raw_all_tf,binance,BTCUSDT,1h,2023-03-12T19:00:00Z,,short,T4d_H1_fail_brk_short,,4,,0,,,,,,,,,,,,,,,,2.135490879493818,,,,,66.57537453183515,-2.4048652605231755,1.7021113101543976,,,,bull,bull,,,,,,,sl_hit,,,-0.0109999999999999,,,,binance,1.0,backfilled from tiered_trades.csv; signal-TF rsi=66.57537453183515; atr_rank=0.51; dist_ema200=-2.4048652605231755
ttr-20230315000000-01098,backtest_tiered_raw_all_tf,binance,BTCUSDT,1d,2023-03-15T00:00:00Z,,short,T2c_D_fail_brk_short,,2,,0,,,,,,,,,,,,,,,,1.6325901033005177,,,,,53.840251973955816,11.263073404824956,8.59252004592239,,,76.58283786740004,bull,bull,,0.10117843437736784,,,,,sl_hit,,,-0.041,,,,binance,1.0,backfilled from tiered_trades.csv; signal-TF rsi=53.840251973955816; atr_rank=1.0; dist_ema200=11.263073404824956
ttr-20230315170000-01099,backtest_tiered_raw_all_tf,binance,BTCUSDT,1h,2023-03-15T17:00:00Z,,long,T4c_H1_sweep_lo_long,,4,,0,,,,,,,,,,,,,,,,1.43054537002202,,,,,38.41310694325533,6.812560055500059,0.0733136588247688,,,,bull,bull,,,,,,,tp_hit,,,0.0189999999999999,,,,binance,1.0,backfilled from tiered_trades.csv; signal-TF rsi=38.41310694325533; atr_rank=0.56; dist_ema200=6.812560055500059
ttr-20230322200000-01100,backtest_tiered_raw_all_tf,binance,BTCUSDT,1h,2023-03-22T20:00:00Z,,long,T4c_H1_sweep_lo_long,,4,,0,,,,,,,,,,,,,,,,1.305601471928626,,,,,36.72503155862476,2.656998618420246,-2.386193355252173,,,,bull,bull,,,,,,,sl_hit,,,-0.0109999999999999,,,,binance,1.0,backfilled from tiered_trades.csv; signal-TF rsi=36.72503155862476; atr_rank=0.98; dist_ema200=2.656998618420246
ttr-20230330160000-01101,backtest_tiered_raw_all_tf,binance,BTCUSDT,1h,2023-03-30T16:00:00Z,,long,T4c_H1_sweep_lo_long,,4,,0,,,,,,,,,,,,,,,,1.2554098475498956,,,,,23.15646910051385,2.2489042300863638,0.269035251012028,,,,bull,bull,,,,,,,sl_hit,,,-0.011,,,,binance,1.0,backfilled from tiered_trades.csv; signal-TF rsi=23.15646910051385; atr_rank=0.58; dist_ema200=2.2489042300863638
ttr-20230401150000-01102,backtest_tiered_raw_all_tf,binance,BTCUSDT,1h,2023-04-01T15:00:00Z,,long,T4c_H1_sweep_lo_long,,4,,0,,,,,,,,,,,,,,,,1.0984942702347351,,,,,34.12784562038283,1.88287323090012,0.2629409669407674,,,,bull,bull,,,,,,,sl_hit,,,-0.011,,,,binance,1.0,backfilled from tiered_trades.csv; signal-TF rsi=34.12784562038283; atr_rank=0.01; dist_ema200=1.88287323090012
ttr-20230402130000-01103,backtest_tiered_raw_all_tf,binance,BTCUSDT,1h,2023-04-02T13:00:00Z,,long,T4c_H1_sweep_lo_long,,4,,0,,,,,,,,,,,,,,,,3.299370501442051,,,,,36.64734180337977,1.0761670591408652,-0.3017500150574497,,,,bull,bull,,,,,,,sl_hit,,,-0.011,,,,binance,1.0,backfilled from tiered_trades.csv; signal-TF rsi=36.64734180337977; atr_rank=0.08; dist_ema200=1.0761670591408652
ttr-20230403200000-01104,backtest_tiered_raw_all_tf,binance,BTCUSDT,4h,2023-04-03T20:00:00Z,,long,T4a_H4_hammer_long,,4,,0,,,,,,,,,,,,,,,,2.441696794420303,,,,,36.97928646133956,6.392073682945646,-0.6746556861594425,,,,bull,bull,,,,,,,tp_hit,,,0.0289999999999999,,,,binance,1.0,backfilled from tiered_trades.csv; signal-TF rsi=36.97928646133956; atr_rank=0.14; dist_ema200=6.392073682945646
ttr-20230406100000-01105,backtest_tiered_raw_all_tf,binance,BTCUSDT,1h,2023-04-06T10:00:00Z,,long,T4c_H1_sweep_lo_long,,4,,0,,,,,,,,,,,,,,,,1.790354819233076,,,,,31.423875026262508,-0.7893093169154234,-1.050258081991576,,,,bull,bull,,,,,,,time,,,0.0048035927481481,,,,binance,1.0,backfilled from tiered_trades.csv; signal-TF rsi=31.423875026262508; atr_rank=0.15; dist_ema200=-0.7893093169154234
ttr-20230408040000-01106,backtest_tiered_raw_all_tf,binance,BTCUSDT,1h,2023-04-08T04:00:00Z,,short,T4d_H1_fail_brk_short,,4,,0,,,,,,,,,,,,,,,,0.657099556633792,,,,,56.5821979338225,-0.1572059332791628,0.0276598580284369,,,,bull,bull,,,,,,,sl_hit,,,-0.0109999999999999,,,,binance,1.0,backfilled from tiered_trades.csv; signal-TF rsi=56.5821979338225; atr_rank=0.01; dist_ema200=-0.1572059332791628
ttr-20230412150000-01107,backtest_tiered_raw_all_tf,binance,BTCUSDT,1h,2023-04-12T15:00:00Z,,long,T4c_H1_sweep_lo_long,,4,,0,,,,,,,,,,,,,,,,2.4692073163086867,,,,,39.37060492659462,4.080251861649682,0.7551664046858466,,,,bull,bull,,,,,,,tp_hit,,,0.019,,,,binance,1.0,backfilled from tiered_trades.csv; signal-TF rsi=39.37060492659462; atr_rank=0.83; dist_ema200=4.080251861649682
ttr-20230416010000-01108,backtest_tiered_raw_all_tf,binance,BTCUSDT,1h,2023-04-16T01:00:00Z,,long,T4c_H1_sweep_lo_long,,4,,0,,,,,,,,,,,,,,,,1.6339633957678377,,,,,38.00126174800644,1.919894025457152,-0.3612308439344478,,,,bull,bull,,,,,,,sl_hit,,,-0.011,,,,binance,1.0,backfilled from tiered_trades.csv; signal-TF rsi=38.00126174800644; atr_rank=0.14; dist_ema200=1.919894025457152
ttr-20230417010000-01109,backtest_tiered_raw_all_tf,binance,BTCUSDT,1h,2023-04-17T01:00:00Z,,long,T4c_H1_sweep_lo_long,,4,,0,,,,,,,,,,,,,,,,2.206429768936861,,,,,38.64592196426395,0.5015757097312018,-1.154205851439415,,,,bull,bull,,,,,,,sl_hit,,,-0.011,,,,binance,1.0,backfilled from tiered_trades.csv; signal-TF rsi=38.64592196426395; atr_rank=0.56; dist_ema200=0.5015757097312018
ttr-20230418000000-01110,backtest_tiered_raw_all_tf,binance,BTCUSDT,4h,2023-04-18T00:00:00Z,,long,T4a_H4_hammer_long,,4,,0,,,,,,,,,,,,,,,,1.2062351416733486,,,,,21.28013192149642,5.233420024960504,-0.9734087930420092,,,,bull,bull,,,,,,,tp_hit,,,0.0289999999999999,,,,binance,1.0,backfilled from tiered_trades.csv; signal-TF rsi=21.28013192149642; atr_rank=0.32; dist_ema200=5.233420024960504
ttr-20230418010000-01111,backtest_tiered_raw_all_tf,binance,BTCUSDT,1h,2023-04-18T01:00:00Z,,long,T4c_H1_sweep_lo_long,,4,,0,,,,,,,,,,,,,,,,1.5638599474987644,,,,,36.7838576558227,-1.2942434506027394,-1.6036031852675654,,,,bull,bull,,,,,,,tp_hit,,,0.019,,,,binance,1.0,backfilled from tiered_trades.csv; signal-TF rsi=36.7838576558227; atr_rank=0.46; dist_ema200=-1.2942434506027394
ttr-20230419210000-01112,backtest_tiered_raw_all_tf,binance,BTCUSDT,1h,2023-04-19T21:00:00Z,,long,T4c_H1_sweep_lo_long,,4,,0,,,,,,,,,,,,,,,,1.3948474737089471,,,,,22.957578646329864,-2.009482690850857,-1.821116621329545,,,,bull,bull,,,,,,,sl_hit,,,-0.0109999999999999,,,,binance,1.0,backfilled from tiered_trades.csv; signal-TF rsi=22.957578646329864; atr_rank=1.0; dist_ema200=-2.009482690850857
ttr-20230421220000-01113,backtest_tiered_raw_all_tf,binance,BTCUSDT,1h,2023-04-21T22:00:00Z,,long,T4c_H1_sweep_lo_long,,4,,0,,,,,,,,,,,,,,,,0.805722945749549,,,,,18.059012858524497,-6.584153337026772,-3.723063362463513,,,,bull,bull,,,,,,,tp_hit,,,0.019,,,,binance,1.0,backfilled from tiered_trades.csv; signal-TF rsi=18.059012858524497; atr_rank=0.87; dist_ema200=-6.584153337026772
ttr-20230422170000-01114,backtest_tiered_raw_all_tf,binance,BTCUSDT,1h,2023-04-22T17:00:00Z,,short,T4d_H1_fail_brk_short,,4,,0,,,,,,,,,,,,,,,,1.4246204004746958,,,,,69.57479745533843,-4.159192428810164,-0.5084121819417728,,,,bull,bull,,,,,,,sl_hit,,,-0.011,,,,binance,1.0,backfilled from tiered_trades.csv; signal-TF rsi=69.57479745533843; atr_rank=0.08; dist_ema200=-4.159192428810164
ttr-20230424010000-01115,backtest_tiered_raw_all_tf,binance,BTCUSDT,1h,2023-04-24T01:00:00Z,,short,T4d_H1_fail_brk_short,,4,,0,,,,,,,,,,,,,,,,2.024899669845309,,,,,56.32898232644097,-2.70387257416257,0.3326079883882646,,,,bull,bull,,,,,,,tp_hit,,,0.0189999999999999,,,,binance,1.0,backfilled from tiered_trades.csv; signal-TF rsi=56.32898232644097; atr_rank=0.53; dist_ema200=-2.70387257416257
ttr-20230424170000-01116,backtest_tiered_raw_all_tf,binance,BTCUSDT,1h,2023-04-24T17:00:00Z,,long,T4c_H1_sweep_lo_long,,4,,0,,,,,,,,,,,,,,,,1.8607961131552315,,,,,39.98481768984018,-3.477321988527979,-0.6556366902812394,,,,bull,bull,,,,,,,tp_hit,,,0.019,,,,binance,1.0,backfilled from tiered_trades.csv; signal-TF rsi=39.98481768984018; atr_rank=0.93; dist_ema200=-3.477321988527979
ttr-20230425180000-01117,backtest_tiered_raw_all_tf,binance,BTCUSDT,1h,2023-04-25T18:00:00Z,,short,T4d_H1_fail_brk_short,,4,,0,,,,,,,,,,,,,,,,1.940301563331692,,,,,58.77029628389688,-2.0490488060962195,0.4171266157276874,,,,bull,bull,,,,,,,sl_hit,,,-0.011,,,,binance,1.0,backfilled from tiered_trades.csv; signal-TF rsi=58.77029628389688; atr_rank=0.46; dist_ema200=-2.0490488060962195
ttr-20230426200000-01118,backtest_tiered_raw_all_tf,binance,BTCUSDT,1h,2023-04-26T20:00:00Z,,long,T3b_H1_fail_brkdn_long,,3,,0,,,,,,,,,,,,,,,,3.2026772768201672,,,,,50.20011758813667,0.3980377334247857,0.100272319139199,,,,bull,bull,,,,,,,tp_hit,,,0.0239999999999999,,,,binance,1.0,backfilled from tiered_trades.csv; signal-TF rsi=50.20011758813667; atr_rank=1.0; dist_ema200=0.3980377334247857
ttr-20230428140000-01119,backtest_tiered_raw_all_tf,binance,BTCUSDT,1h,2023-04-28T14:00:00Z,,long,T3b_H1_fail_brkdn_long,,3,,0,,,,,,,,,,,,,,,,1.4625718395182363,,,,,26.492468301103784,1.7156422236614015,0.0387572486854686,,,,bull,bull,,,,,,,time,,,0.0092527125937692,,,,binance,1.0,backfilled from tiered_trades.csv; signal-TF rsi=26.492468301103784; atr_rank=0.23; dist_ema200=1.7156422236614015
ttr-20230501040000-01120,backtest_tiered_raw_all_tf,binance,BTCUSDT,4h,2023-05-01T04:00:00Z,,long,T4a_H4_hammer_long,,4,,0,,,,,,,,,,,,,,,,1.2357476767232287,,,,,32.74677612589163,1.0508877436519914,-0.8226878827948876,,,,bull,bull,,,,,,,sl_hit,,,-0.016,,,,binance,1.0,backfilled from tiered_trades.csv; signal-TF rsi=32.74677612589163; atr_rank=0.36; dist_ema200=1.0508877436519914
ttr-20230501050000-01121,backtest_tiered_raw_all_tf,binance,BTCUSDT,1h,2023-05-01T05:00:00Z,,long,T4c_H1_sweep_lo_long,,4,,0,,,,,,,,,,,,,,,,1.2034853092721838,,,,,16.278065630397236,-1.4264132414793689,-2.328515031352891,,,,bull,bull,,,,,,,sl_hit,,,-0.011,,,,binance,1.0,backfilled from tiered_trades.csv; signal-TF rsi=16.278065630397236; atr_rank=0.69; dist_ema200=-1.4264132414793689
ttr-20230502150000-01122,backtest_tiered_raw_all_tf,binance,BTCUSDT,1h,2023-05-02T15:00:00Z,,short,T4d_H1_fail_brk_short,,4,,0,,,,,,,,,,,,,,,,3.2656402942975578,,,,,75.41557900465108,-0.5215375388402522,0.4556906643376767,,,,bull,bull,,,,,,,sl_hit,,,-0.011,,,,binance,1.0,backfilled from tiered_trades.csv; signal-TF rsi=75.41557900465108; atr_rank=0.68; dist_ema200=-0.5215375388402522
ttr-20230503130000-01123,backtest_tiered_raw_all_tf,binance,BTCUSDT,1h,2023-05-03T13:00:00Z,,long,T4c_H1_sweep_lo_long,,4,,0,,,,,,,,,,,,,,,,2.125846982528276,,,,,34.561237143482444,-1.0242255676788778,-0.4447308985704342,,,,bull,bull,,,,,,,tp_hit,,,0.019,,,,binance,1.0,backfilled from tiered_trades.csv; signal-TF rsi=34.561237143482444; atr_rank=0.47; dist_ema200=-1.0242255676788778
ttr-20230506150000-01124,backtest_tiered_raw_all_tf,binance,BTCUSDT,1h,2023-05-06T15:00:00Z,,long,T4c_H1_sweep_lo_long,,4,,0,,,,,,,,,,,,,,,,1.9659136086088895,,,,,6.370855416674104,-1.129546278499446,-1.9700976889789472,,,,bull,bull,,,,,,,sl_hit,,,-0.011,,,,binance,1.0,backfilled from tiered_trades.csv; signal-TF rsi=6.370855416674104; atr_rank=0.3; dist_ema200=-1.129546278499446
ttr-20230508000000-01125,backtest_tiered_raw_all_tf,binance,BTCUSDT,1h,2023-05-08T00:00:00Z,,long,T4c_H1_sweep_lo_long,,4,,0,,,,,,,,,,,,,,,,2.359019935290862,,,,,37.49534881610345,-1.0835024337152672,-1.1895638539854954,,,,bull,bull,,,,,,,sl_hit,,,-0.011,,,,binance,1.0,backfilled from tiered_trades.csv; signal-TF rsi=37.49534881610345; atr_rank=0.45; dist_ema200=-1.0835024337152672
ttr-20230508200000-01126,backtest_tiered_raw_all_tf,binance,BTCUSDT,1h,2023-05-08T20:00:00Z,,long,T4c_H1_sweep_lo_long,,4,,0,,,,,,,,,,,,,,,,0.7550804323701646,,,,,33.21489287562163,-4.0719061882312175,-2.7907987933946945,,,,bull,bull,,,,,,,tp_hit,,,0.019,,,,binance,1.0,backfilled from tiered_trades.csv; signal-TF rsi=33.21489287562163; atr_rank=0.97; dist_ema200=-4.0719061882312175
ttr-20230510130000-01127,backtest_tiered_raw_all_tf,binance,BTCUSDT,1h,2023-05-10T13:00:00Z,,short,T4d_H1_fail_brk_short,,4,,0,,,,,,,,,,,,,,,,3.292459533106094,,,,,77.12305025996525,-0.640469454444762,1.3174891690364454,,,,bull,bull,,,,,,,tp_hit,,,0.0189999999999999,,,,binance,1.0,backfilled from tiered_trades.csv; signal-TF rsi=77.12305025996525; atr_rank=0.32; dist_ema200=-0.640469454444762
ttr-20230512040000-01128,backtest_tiered_raw_all_tf,binance,BTCUSDT,1h,2023-05-12T04:00:00Z,,long,T4c_H1_sweep_lo_long,,4,,0,,,,,,,,,,,,,,,,1.2152093115049971,,,,,33.34878414034081,-4.831294013199798,-2.371982620149508,,,,bull,bull,,,,,,,sl_hit,,,-0.011,,,,binance,1.0,backfilled from tiered_trades.csv; signal-TF rsi=33.34878414034081; atr_rank=0.67; dist_ema200=-4.831294013199798
ttr-20230514160000-01129,backtest_tiered_raw_all_tf,binance,BTCUSDT,1h,2023-05-14T16:00:00Z,,short,T4d_H1_fail_brk_short,,4,,0,,,,,,,,,,,,,,,,1.497570750729475,,,,,62.95408413242821,-1.721287463750806,0.4076585886444488,,,,bull,bull,,,,,,,sl_hit,,,-0.0109999999999999,,,,binance,1.0,backfilled from tiered_trades.csv; signal-TF rsi=62.95408413242821; atr_rank=0.1; dist_ema200=-1.721287463750806
ttr-20230515160000-01130,backtest_tiered_raw_all_tf,binance,BTCUSDT,4h,2023-05-15T16:00:00Z,,short,T4b_H4_sstar_short,,4,,0,,,,,,,,,,,,,,,,1.3218696580282772,,,,,71.19593129422519,-2.091051134615406,0.1318620896052697,,,,bull,bull,,,,,,,tp_hit,,,0.029,,,,binance,1.0,backfilled from tiered_trades.csv; signal-TF rsi=71.19593129422519; atr_rank=0.11; dist_ema200=-2.091051134615406
ttr-20230515160000-01131,backtest_tiered_raw_all_tf,binance,BTCUSDT,4h,2023-05-15T16:00:00Z,,short,T3a_H4_sweep_hi_short_loose,,3,,0,,,,,,,,,,,,,,,,1.3218696580282772,,,,,71.19593129422519,-2.091051134615406,0.1318620896052697,,,,bull,bull,,,,,,,tp_hit,,,0.029,,,,binance,1.0,backfilled from tiered_trades.csv; signal-TF rsi=71.19593129422519; atr_rank=0.11; dist_ema200=-2.091051134615406
ttr-20230517140000-01132,backtest_tiered_raw_all_tf,binance,BTCUSDT,1h,2023-05-17T14:00:00Z,,long,T4c_H1_sweep_lo_long,,4,,0,,,,,,,,,,,,,,,,2.052005824925995,,,,,33.53434877214795,-1.7463408881410194,-0.7986397194884896,,,,bull,bull,,,,,,,tp_hit,,,0.019,,,,binance,1.0,backfilled from tiered_trades.csv; signal-TF rsi=33.53434877214795; atr_rank=0.69; dist_ema200=-1.7463408881410194
ttr-20230518160000-01133,backtest_tiered_raw_all_tf,binance,BTCUSDT,1h,2023-05-18T16:00:00Z,,long,T4c_H1_sweep_lo_long,,4,,0,,,,,,,,,,,,,,,,1.5614968205500643,,,,,33.53345576117148,-0.6889657281022079,-0.3665756057328734,,,,bull,bull,,,,,,,sl_hit,,,-0.011,,,,binance,1.0,backfilled from tiered_trades.csv; signal-TF rsi=33.53345576117148; atr_rank=0.5; dist_ema200=-0.6889657281022079
ttr-20230520180000-01134,backtest_tiered_raw_all_tf,binance,BTCUSDT,1h,2023-05-20T18:00:00Z,,short,T4d_H1_fail_brk_short,,4,,0,,,,,,,,,,,,,,,,3.4821332598987644,,,,,64.0144274120828,-0.2782163224979511,0.3762171224342058,,,,bull,bull,,,,,,,time,,,0.0045070398356731,,,,binance,1.0,backfilled from tiered_trades.csv; signal-TF rsi=64.0144274120828; atr_rank=0.13; dist_ema200=-0.2782163224979511
ttr-20230522020000-01135,backtest_tiered_raw_all_tf,binance,BTCUSDT,1h,2023-05-22T02:00:00Z,,long,T4c_H1_sweep_lo_long,,4,,0,,,,,,,,,,,,,,,,1.3510946638865593,,,,,22.427020221890217,-1.511354456684055,-0.94663176198788,,,,bull,bull,,,,,,,tp_hit,,,0.0189999999999999,,,,binance,1.0,backfilled from tiered_trades.csv; signal-TF rsi=22.427020221890217; atr_rank=0.49; dist_ema200=-1.511354456684055
ttr-20230522140000-01136,backtest_tiered_raw_all_tf,binance,BTCUSDT,1h,2023-05-22T14:00:00Z,,short,T4d_H1_fail_brk_short,,4,,0,,,,,,,,,,,,,,,,2.3631895857517664,,,,,67.73278064979539,-0.2747861803450717,0.3068643767795641,,,,bull,bull,,,,,,,sl_hit,,,-0.011,,,,binance,1.0,backfilled from tiered_trades.csv; signal-TF rsi=67.73278064979539; atr_rank=0.76; dist_ema200=-0.2747861803450717
ttr-20230523040000-01137,backtest_tiered_raw_all_tf,binance,BTCUSDT,4h,2023-05-23T04:00:00Z,,short,T3a_H4_sweep_hi_short_loose,,3,,0,,,,,,,,,,,,,,,,2.2504200383490187,,,,,56.22507289348615,-1.193888260116719,0.982971812143268,,,,bull,bull,,,,,,,tp_hit,,,0.029,,,,binance,1.0,backfilled from tiered_trades.csv; signal-TF rsi=56.22507289348615; atr_rank=0.16; dist_ema200=-1.193888260116719
ttr-20230524060000-01138,backtest_tiered_raw_all_tf,binance,BTCUSDT,1h,2023-05-24T06:00:00Z,,long,T4c_H1_sweep_lo_long,,4,,0,,,,,,,,,,,,,,,,1.1609021732681872,,,,,17.774368186014144,-1.2686468081820297,-1.266361588387089,,,,bull,bull,,,,,,,sl_hit,,,-0.0109999999999999,,,,binance,1.0,backfilled from tiered_trades.csv; signal-TF rsi=17.774368186014144; atr_rank=0.72; dist_ema200=-1.2686468081820297
ttr-20230526150000-01139,backtest_tiered_raw_all_tf,binance,BTCUSDT,1h,2023-05-26T15:00:00Z,,short,T4d_H1_fail_brk_short,,4,,0,,,,,,,,,,,,,,,,1.8612028790331387,,,,,73.55664526281758,-0.0852246099814167,0.9656068560263604,,,,bull,bull,,,,,,,sl_hit,,,-0.0109999999999999,,,,binance,1.0,backfilled from tiered_trades.csv; signal-TF rsi=73.55664526281758; atr_rank=0.23; dist_ema200=-0.0852246099814167
ttr-20230528080000-01140,backtest_tiered_raw_all_tf,binance,BTCUSDT,4h,2023-05-28T08:00:00Z,,short,T3a_H4_sweep_hi_short_loose,,3,,0,,,,,,,,,,,,,,,,0.8519788018804445,,,,,80.28573836817245,-0.8445974896655049,1.274047568245553,,,,bull,bull,,,,,,,sl_hit,,,-0.0159999999999999,,,,binance,1.0,backfilled from tiered_trades.csv; signal-TF rsi=80.28573836817245; atr_rank=0.16; dist_ema200=-0.8445974896655049
ttr-20230529170000-01141,backtest_tiered_raw_all_tf,binance,BTCUSDT,1h,2023-05-29T17:00:00Z,,long,T4c_H1_sweep_lo_long,,4,,0,,,,,,,,,,,,,,,,0.9700308624650078,,,,,33.46724543227057,2.3523484780265878,0.6560890401430186,,,,bull,bull,,,,,,,sl_hit,,,-0.011,,,,binance,1.0,backfilled from tiered_trades.csv; signal-TF rsi=33.46724543227057; atr_rank=0.79; dist_ema200=2.3523484780265878
ttr-20230531060000-01142,backtest_tiered_raw_all_tf,binance,BTCUSDT,1h,2023-05-31T06:00:00Z,,long,T4c_H1_sweep_lo_long,,4,,0,,,,,,,,,,,,,,,,1.4208633551710512,,,,,26.44726475524945,-0.3232822732862265,-1.6846161926299654,,,,bull,bull,,,,,,,sl_hit,,,-0.011,,,,binance,1.0,backfilled from tiered_trades.csv; signal-TF rsi=26.44726475524945; atr_rank=0.86; dist_ema200=-0.3232822732862265
ttr-20230601030000-01143,backtest_tiered_raw_all_tf,binance,BTCUSDT,1h,2023-06-01T03:00:00Z,,long,T4c_H1_sweep_lo_long,,4,,0,,,,,,,,,,,,,,,,1.501328687341124,,,,,36.16125298593834,-1.5890436938696637,-1.874795699842853,,,,bull,bull,,,,,,,sl_hit,,,-0.0109999999999999,,,,binance,1.0,backfilled from tiered_trades.csv; signal-TF rsi=36.16125298593834; atr_rank=0.92; dist_ema200=-1.5890436938696637
ttr-20230605010000-01144,backtest_tiered_raw_all_tf,binance,BTCUSDT,1h,2023-06-05T01:00:00Z,,long,T4c_H1_sweep_lo_long,,4,,0,,,,,,,,,,,,,,,,1.1167859049771585,,,,,35.175357863199395,-0.3505655760696138,-0.3495332306960676,,,,bull,bull,,,,,,,sl_hit,,,-0.0109999999999999,,,,binance,1.0,backfilled from tiered_trades.csv; signal-TF rsi=35.175357863199395; atr_rank=0.47; dist_ema200=-0.3505655760696138
ttr-20230605130000-01145,backtest_tiered_raw_all_tf,binance,BTCUSDT,1h,2023-06-05T13:00:00Z,,long,T4c_H1_sweep_lo_long,,4,,0,,,,,,,,,,,,,,,,1.120071358101884,,,,,24.21388262603918,-1.3792064596963969,-1.0257960461896107,,,,bull,bull,,,,,,,sl_hit,,,-0.0109999999999999,,,,binance,1.0,backfilled from tiered_trades.csv; signal-TF rsi=24.21388262603918; atr_rank=0.5; dist_ema200=-1.3792064596963969
ttr-20230606150000-01146,backtest_tiered_raw_all_tf,binance,BTCUSDT,1h,2023-06-06T15:00:00Z,,short,T4d_H1_fail_brk_short,,4,,0,,,,,,,,,,,,,,,,1.4181336096647927,,,,,69.22209390450772,-2.7395170629611187,-0.5566831674415137,,,,bull,bull,,,,,,,sl_hit,,,-0.0109999999999999,,,,binance,1.0,backfilled from tiered_trades.csv; signal-TF rsi=69.22209390450772; atr_rank=0.86; dist_ema200=-2.7395170629611187
ttr-20230608160000-01147,backtest_tiered_raw_all_tf,binance,BTCUSDT,1h,2023-06-08T16:00:00Z,,short,T4d_H1_fail_brk_short,,4,,0,,,,,,,,,,,,,,,,1.8508321431747496,,,,,55.38559285322359,-0.8386497222518845,0.0252117975567016,,,,bull,bull,,,,,,,sl_hit,,,-0.0109999999999999,,,,binance,1.0,backfilled from tiered_trades.csv; signal-TF rsi=55.38559285322359; atr_rank=0.47; dist_ema200=-0.8386497222518845
ttr-20230611210000-01148,backtest_tiered_raw_all_tf,binance,BTCUSDT,1h,2023-06-11T21:00:00Z,,short,T4d_H1_fail_brk_short,,4,,0,,,,,,,,,,,,,,,,0.7772689433394945,,,,,71.21515606743424,-1.172028939769841,0.4278591591683917,,,,bull,bull,,,,,,,sl_hit,,,-0.011,,,,binance,1.0,backfilled from tiered_trades.csv; signal-TF rsi=71.21515606743424; atr_rank=0.4; dist_ema200=-1.172028939769841
ttr-20230613030000-01149,backtest_tiered_raw_all_tf,binance,BTCUSDT,1h,2023-06-13T03:00:00Z,,short,T4d_H1_fail_brk_short,,4,,0,,,,,,,,,,,,,,,,1.136442931305026,,,,,70.76588623531788,-0.655944394524618,0.5803648104926045,,,,bull,bull,,,,,,,sl_hit,,,-0.011,,,,binance,1.0,backfilled from tiered_trades.csv; signal-TF rsi=70.76588623531788; atr_rank=0.53; dist_ema200=-0.655944394524618
ttr-20230615210000-01150,backtest_tiered_raw_all_tf,binance,BTCUSDT,1h,2023-06-15T21:00:00Z,,short,T4d_H1_fail_brk_short,,4,,0,,,,,,,,,,,,,,,,1.5848904696420814,,,,,78.87698443731904,-1.296136343516013,0.5999137751161226,,,,bull,bull,,,,,,,sl_hit,,,-0.0109999999999999,,,,binance,1.0,backfilled from tiered_trades.csv; signal-TF rsi=78.87698443731904; atr_rank=0.86; dist_ema200=-1.296136343516013
ttr-20230622000000-01151,backtest_tiered_raw_all_tf,binance,BTCUSDT,1d,2023-06-22T00:00:00Z,,short,T2c_D_fail_brk_short,,2,,0,,,,,,,,,,,,,,,,1.2798345673784246,,,,,74.44950332918896,17.41556979610632,10.171394204468497,,,57.24733063248045,bull,bull,,0.1836383500015208,,,,,sl_hit,,,-0.041,,,,binance,1.0,backfilled from tiered_trades.csv; signal-TF rsi=74.44950332918896; atr_rank=0.37; dist_ema200=17.41556979610632
ttr-20230622150000-01152,backtest_tiered_raw_all_tf,binance,BTCUSDT,1h,2023-06-22T15:00:00Z,,long,T3b_H1_fail_brkdn_long,,3,,0,,,,,,,,,,,,,,,,1.7977616407187964,,,,,42.39938881632455,8.485689413034471,1.9302672831537837,,,,bull,bull,,,,,,,tp_hit,,,0.0239999999999998,,,,binance,1.0,backfilled from tiered_trades.csv; signal-TF rsi=42.39938881632455; atr_rank=0.7; dist_ema200=8.485689413034471
ttr-20230624160000-01153,backtest_tiered_raw_all_tf,binance,BTCUSDT,1h,2023-06-24T16:00:00Z,,long,T4c_H1_sweep_lo_long,,4,,0,,,,,,,,,,,,,,,,1.7624932520495888,,,,,37.32458800670276,6.480614533806603,0.4854289621358858,,,,bull,bull,,,,,,,sl_hit,,,-0.0109999999999999,,,,binance,1.0,backfilled from tiered_trades.csv; signal-TF rsi=37.32458800670276; atr_rank=0.12; dist_ema200=6.480614533806603
ttr-20230624160000-01154,backtest_tiered_raw_all_tf,binance,BTCUSDT,1h,2023-06-24T16:00:00Z,,long,T3b_H1_fail_brkdn_long,,3,,0,,,,,,,,,,,,,,,,1.7624932520495888,,,,,37.32458800670276,6.480614533806603,0.4854289621358858,,,,bull,bull,,,,,,,sl_hit,,,-0.0129999999999999,,,,binance,1.0,backfilled from tiered_trades.csv; signal-TF rsi=37.32458800670276; atr_rank=0.12; dist_ema200=6.480614533806603
ttr-20230625190000-01155,backtest_tiered_raw_all_tf,binance,BTCUSDT,1h,2023-06-25T19:00:00Z,,long,T4c_H1_sweep_lo_long,,4,,0,,,,,,,,,,,,,,,,0.7265901105837254,,,,,21.86261385410903,4.496303179739028,-0.3431127219098965,,,,bull,bull,,,,,,,sl_hit,,,-0.011,,,,binance,1.0,backfilled from tiered_trades.csv; signal-TF rsi=21.86261385410903; atr_rank=0.3; dist_ema200=4.496303179739028
ttr-20230628080000-01156,backtest_tiered_raw_all_tf,binance,BTCUSDT,1h,2023-06-28T08:00:00Z,,long,T4c_H1_sweep_lo_long,,4,,0,,,,,,,,,,,,,,,,0.9179592067768896,,,,,30.873508084915017,1.8748731824376668,-0.6407023250748359,,,,bull,bull,,,,,,,sl_hit,,,-0.0109999999999999,,,,binance,1.0,backfilled from tiered_trades.csv; signal-TF rsi=30.873508084915017; atr_rank=0.28; dist_ema200=1.8748731824376668
ttr-20230705130000-01157,backtest_tiered_raw_all_tf,binance,BTCUSDT,1h,2023-07-05T13:00:00Z,,long,T4c_H1_sweep_lo_long,,4,,0,,,,,,,,,,,,,,,,2.171979279981393,,,,,20.529772707631125,-0.5263542978973483,-1.3576177908991995,,,,bull,bull,,,,,,,tp_hit,,,0.0189999999999999,,,,binance,1.0,backfilled from tiered_trades.csv; signal-TF rsi=20.529772707631125; atr_rank=0.52; dist_ema200=-0.5263542978973483
ttr-20230707000000-01158,backtest_tiered_raw_all_tf,binance,BTCUSDT,1h,2023-07-07T00:00:00Z,,long,T4c_H1_sweep_lo_long,,4,,0,,,,,,,,,,,,,,,,1.299331810425629,,,,,21.320710657922746,-1.4857794924471968,-1.5472386655671877,,,,bull,bull,,,,,,,time,,,0.0084308011389367,,,,binance,1.0,backfilled from tiered_trades.csv; signal-TF rsi=21.320710657922746; atr_rank=0.93; dist_ema200=-1.4857794924471968
ttr-20230707150000-01159,backtest_tiered_raw_all_tf,binance,BTCUSDT,1h,2023-07-07T15:00:00Z,,short,T4d_H1_fail_brk_short,,4,,0,,,,,,,,,,,,,,,,0.6950797958918217,,,,,66.2543057940258,-0.2277671066988019,0.055882578853679,,,,bull,bull,,,,,,,time,,,0.000360936835223,,,,binance,1.0,backfilled from tiered_trades.csv; signal-TF rsi=66.2543057940258; atr_rank=0.58; dist_ema200=-0.2277671066988019
ttr-20230709010000-01160,backtest_tiered_raw_all_tf,binance,BTCUSDT,1h,2023-07-09T01:00:00Z,,short,T4d_H1_fail_brk_short,,4,,0,,,,,,,,,,,,,,,,1.572380182518806,,,,,63.27240194384019,-0.2161375785550229,0.1893371943232291,,,,bull,bull,,,,,,,sl_hit,,,-0.011,,,,binance,1.0,backfilled from tiered_trades.csv; signal-TF rsi=63.27240194384019; atr_rank=0.17; dist_ema200=-0.2161375785550229
ttr-20230709220000-01161,backtest_tiered_raw_all_tf,binance,BTCUSDT,1h,2023-07-09T22:00:00Z,,long,T4c_H1_sweep_lo_long,,4,,0,,,,,,,,,,,,,,,,1.817666642143223,,,,,36.16179472609825,-0.6558149078948058,-0.3102143604239819,,,,bull,bull,,,,,,,tp_hit,,,0.0189999999999999,,,,binance,1.0,backfilled from tiered_trades.csv; signal-TF rsi=36.16179472609825; atr_rank=0.42; dist_ema200=-0.6558149078948058
ttr-20230714190000-01162,backtest_tiered_raw_all_tf,binance,BTCUSDT,1h,2023-07-14T19:00:00Z,,long,T4c_H1_sweep_lo_long,,4,,0,,,,,,,,,,,,,,,,2.697258245388602,,,,,18.847468142270188,-1.6187124585117012,-2.5729348178116123,,,,bull,bull,,,,,,,time,,,0.0035741051522853,,,,binance,1.0,backfilled from tiered_trades.csv; signal-TF rsi=18.847468142270188; atr_rank=0.9; dist_ema200=-1.6187124585117012
ttr-20230716020000-01163,backtest_tiered_raw_all_tf,binance,BTCUSDT,1h,2023-07-16T02:00:00Z,,long,T4c_H1_sweep_lo_long,,4,,0,,,,,,,,,,,,,,,,4.048971115829192,,,,,31.012415695893367,-0.9020671542514044,-0.7327172489449062,,,,bull,bull,,,,,,,sl_hit,,,-0.011,,,,binance,1.0,backfilled from tiered_trades.csv; signal-TF rsi=31.012415695893367; atr_rank=0.13; dist_ema200=-0.9020671542514044
ttr-20230716150000-01164,backtest_tiered_raw_all_tf,binance,BTCUSDT,1h,2023-07-16T15:00:00Z,,short,T4d_H1_fail_brk_short,,4,,0,,,,,,,,,,,,,,,,0.9981595463625574,,,,,63.21659346471371,-0.3866154148304778,-0.0687685504552987,,,,bull,bull,,,,,,,tp_hit,,,0.019,,,,binance,1.0,backfilled from tiered_trades.csv; signal-TF rsi=63.21659346471371; atr_rank=0.29; dist_ema200=-0.3866154148304778
ttr-20230717100000-01165,backtest_tiered_raw_all_tf,binance,BTCUSDT,1h,2023-07-17T10:00:00Z,,long,T4c_H1_sweep_lo_long,,4,,0,,,,,,,,,,,,,,,,4.2966705033520345,,,,,39.12876723389644,-0.9679148491089712,-0.5455303371910218,,,,bull,bull,,,,,,,sl_hit,,,-0.0109999999999999,,,,binance,1.0,backfilled from tiered_trades.csv; signal-TF rsi=39.12876723389644; atr_rank=0.55; dist_ema200=-0.9679148491089712
ttr-20230721190000-01166,backtest_tiered_raw_all_tf,binance,BTCUSDT,1h,2023-07-21T19:00:00Z,,short,T4d_H1_fail_brk_short,,4,,0,,,,,,,,,,,,,,,,1.5573986684996894,,,,,53.83081028242324,-0.8243725315412898,-0.0954174422976087,,,,bull,bull,,,,,,,sl_hit,,,-0.011,,,,binance,1.0,backfilled from tiered_trades.csv; signal-TF rsi=53.83081028242324; atr_rank=0.14; dist_ema200=-0.8243725315412898
ttr-20230722230000-01167,backtest_tiered_raw_all_tf,binance,BTCUSDT,1h,2023-07-22T23:00:00Z,,long,T4c_H1_sweep_lo_long,,4,,0,,,,,,,,,,,,,,,,4.039450538774543,,,,,27.2547176146669,-0.9001653278701109,-0.294823482767385,,,,bull,bull,,,,,,,sl_hit,,,-0.011,,,,binance,1.0,backfilled from tiered_trades.csv; signal-TF rsi=27.2547176146669; atr_rank=0.09; dist_ema200=-0.9001653278701109
ttr-20230724150000-01168,backtest_tiered_raw_all_tf,binance,BTCUSDT,1h,2023-07-24T15:00:00Z,,long,T4c_H1_sweep_lo_long,,4,,0,,,,,,,,,,,,,,,,2.567988682794452,,,,,22.258436747170776,-2.9112202451201536,-2.127599170766848,,,,bull,bull,,,,,,,time,,,0.0069130315826957,,,,binance,1.0,backfilled from tiered_trades.csv; signal-TF rsi=22.258436747170776; atr_rank=1.0; dist_ema200=-2.9112202451201536
ttr-20230726210000-01169,backtest_tiered_raw_all_tf,binance,BTCUSDT,1h,2023-07-26T21:00:00Z,,short,T4d_H1_fail_brk_short,,4,,0,,,,,,,,,,,,,,,,1.1961819341973314,,,,,66.48292818336844,-0.6376296678707915,0.5315739677714824,,,,bull,bull,,,,,,,time,,,0.0041659557340513,,,,binance,1.0,backfilled from tiered_trades.csv; signal-TF rsi=66.48292818336844; atr_rank=0.79; dist_ema200=-0.6376296678707915
ttr-20230728150000-01170,backtest_tiered_raw_all_tf,binance,BTCUSDT,1h,2023-07-28T15:00:00Z,,short,T4d_H1_fail_brk_short,,4,,0,,,,,,,,,,,,,,,,2.0667974477355133,,,,,59.30280166111044,-0.5038861568178122,0.3199386095679418,,,,bull,bull,,,,,,,time,,,0.0003141422737656,,,,binance,1.0,backfilled from tiered_trades.csv; signal-TF rsi=59.30280166111044; atr_rank=0.51; dist_ema200=-0.5038861568178122
ttr-20230730100000-01171,backtest_tiered_raw_all_tf,binance,BTCUSDT,1h,2023-07-30T10:00:00Z,,long,T4c_H1_sweep_lo_long,,4,,0,,,,,,,,,,,,,,,,1.677551446634114,,,,,19.424346028466587,-0.6176967204823451,-0.1124212150944578,,,,bull,bull,,,,,,,sl_hit,,,-0.011,,,,binance,1.0,backfilled from tiered_trades.csv; signal-TF rsi=19.424346028466587; atr_rank=0.02; dist_ema200=-0.6176967204823451
ttr-20230730150000-01172,backtest_tiered_raw_all_tf,binance,BTCUSDT,1h,2023-07-30T15:00:00Z,,short,T4d_H1_fail_brk_short,,4,,0,,,,,,,,,,,,,,,,2.6778345018835896,,,,,53.5847742098928,-0.3556411585508857,0.1155733964961734,,,,bull,bull,,,,,,,tp_hit,,,0.0189999999999999,,,,binance,1.0,backfilled from tiered_trades.csv; signal-TF rsi=53.5847742098928; atr_rank=0.32; dist_ema200=-0.3556411585508857
ttr-20230801150000-01173,backtest_tiered_raw_all_tf,binance,BTCUSDT,1h,2023-08-01T15:00:00Z,,long,T4c_H1_sweep_lo_long,,4,,0,,,,,,,,,,,,,,,,3.189579903649121,,,,,35.70351642234172,-1.3380725152614463,-0.6087812527184904,,,,bull,bull,,,,,,,tp_hit,,,0.0189999999999999,,,,binance,1.0,backfilled from tiered_trades.csv; signal-TF rsi=35.70351642234172; atr_rank=1.0; dist_ema200=-1.3380725152614463
ttr-20230802150000-01174,backtest_tiered_raw_all_tf,binance,BTCUSDT,1h,2023-08-02T15:00:00Z,,long,T4c_H1_sweep_lo_long,,4,,0,,,,,,,,,,,,,,,,1.2539410192819698,,,,,22.116163122683048,-0.1698566849590295,-0.0700139672247929,,,,bull,bull,,,,,,,sl_hit,,,-0.0109999999999999,,,,binance,1.0,backfilled from tiered_trades.csv; signal-TF rsi=22.116163122683048; atr_rank=0.72; dist_ema200=-0.1698566849590295
ttr-20230803150000-01175,backtest_tiered_raw_all_tf,binance,BTCUSDT,1h,2023-08-03T15:00:00Z,,short,T4d_H1_fail_brk_short,,4,,0,,,,,,,,,,,,,,,,2.096835948532245,,,,,50.4085807741652,-0.2322792244245933,0.0795263010657764,,,,bull,bull,,,,,,,time,,,0.0064363265818085,,,,binance,1.0,backfilled from tiered_trades.csv; signal-TF rsi=50.4085807741652; atr_rank=0.45; dist_ema200=-0.2322792244245933
ttr-20230806060000-01176,backtest_tiered_raw_all_tf,binance,BTCUSDT,1h,2023-08-06T06:00:00Z,,short,T4d_H1_fail_brk_short,,4,,0,,,,,,,,,,,,,,,,1.853482811821634,,,,,57.1097695257624,-0.5452800271450903,-0.1093705915983393,,,,bull,bull,,,,,,,time,,,-0.0062916769005213,,,,binance,1.0,backfilled from tiered_trades.csv; signal-TF rsi=57.1097695257624; atr_rank=0.02; dist_ema200=-0.5452800271450903
ttr-20230807160000-01177,backtest_tiered_raw_all_tf,binance,BTCUSDT,1h,2023-08-07T16:00:00Z,,long,T4c_H1_sweep_lo_long,,4,,0,,,,,,,,,,,,,,,,3.198875984713153,,,,,31.60354575674089,-0.8476159636461131,-0.4832902437576727,,,,bull,bull,,,,,,,tp_hit,,,0.0189999999999999,,,,binance,1.0,backfilled from tiered_trades.csv; signal-TF rsi=31.60354575674089; atr_rank=0.77; dist_ema200=-0.8476159636461131
ttr-20230808040000-01178,backtest_tiered_raw_all_tf,binance,BTCUSDT,4h,2023-08-08T04:00:00Z,,short,T3a_H4_sweep_hi_short_loose,,3,,0,,,,,,,,,,,,,,,,1.2773565434734169,,,,,56.10018909582604,-0.8329358469893599,0.0277594182332381,,,,bull,bull,,,,,,,sl_hit,,,-0.0159999999999999,,,,binance,1.0,backfilled from tiered_trades.csv; signal-TF rsi=56.10018909582604; atr_rank=0.39; dist_ema200=-0.8329358469893599
ttr-20230810170000-01179,backtest_tiered_raw_all_tf,binance,BTCUSDT,1h,2023-08-10T17:00:00Z,,long,T4c_H1_sweep_lo_long,,4,,0,,,,,,,,,,,,,,,,1.1368651409293835,,,,,37.71442622002379,0.1194805657788778,-0.4572608449615836,,,,bull,bull,,,,,,,time,,,-0.0004094395829834,,,,binance,1.0,backfilled from tiered_trades.csv; signal-TF rsi=37.71442622002379; atr_rank=0.54; dist_ema200=0.1194805657788778
ttr-20230813050000-01180,backtest_tiered_raw_all_tf,binance,BTCUSDT,1h,2023-08-13T05:00:00Z,,long,T4c_H1_sweep_lo_long,,4,,0,,,,,,,,,,,,,,,,1.3690420009568378,,,,,34.06573882143896,-0.0460873216202849,-0.1678931798141482,,,,bull,bull,,,,,,,time,,,-0.0015193127511699,,,,binance,1.0,backfilled from tiered_trades.csv; signal-TF rsi=34.06573882143896; atr_rank=0.08; dist_ema200=-0.0460873216202849
ttr-20230814010000-01181,backtest_tiered_raw_all_tf,binance,BTCUSDT,1h,2023-08-14T01:00:00Z,,long,T4c_H1_sweep_lo_long,,4,,0,,,,,,,,,,,,,,,,2.4729971212188904,,,,,31.76444556833995,-0.4281485126299789,-0.4396405852723202,,,,bull,bull,,,,,,,time,,,-0.0017697826978269,,,,binance,1.0,backfilled from tiered_trades.csv; signal-TF rsi=31.76444556833995; atr_rank=0.44; dist_ema200=-0.4281485126299789
ttr-20230816160000-01182,backtest_tiered_raw_all_tf,binance,BTCUSDT,1h,2023-08-16T16:00:00Z,,long,T4c_H1_sweep_lo_long,,4,,0,,,,,,,,,,,,,,,,2.872759000457598,,,,,32.49231663759464,-0.9143033507083336,-0.6130886659895646,,,,bull,bull,,,,,,,sl_hit,,,-0.011,,,,binance,1.0,backfilled from tiered_trades.csv; signal-TF rsi=32.49231663759464; atr_rank=0.75; dist_ema200=-0.9143033507083336
ttr-20230817160000-01183,backtest_tiered_raw_all_tf,binance,BTCUSDT,1h,2023-08-17T16:00:00Z,,long,T4c_H1_sweep_lo_long,,4,,0,,,,,,,,,,,,,,,,3.431140260712571,,,,,16.597141913101055,-4.322333050820888,-3.117627340298882,,,,bull,bull,,,,,,,sl_hit,,,-0.0109999999999999,,,,binance,1.0,backfilled from tiered_trades.csv; signal-TF rsi=16.597141913101055; atr_rank=1.0; dist_ema200=-4.322333050820888
ttr-20230819170000-01184,backtest_tiered_raw_all_tf,binance,BTCUSDT,1h,2023-08-19T17:00:00Z,,short,T4d_H1_fail_brk_short,,4,,0,,,,,,,,,,,,,,,,1.11950430041609,,,,,57.031461653533306,-7.044452161272524,-1.6478280377165229,,,,bull,bull,,,,,,,time,,,0.0003876696732843,,,,binance,1.0,backfilled from tiered_trades.csv; signal-TF rsi=57.031461653533306; atr_rank=0.49; dist_ema200=-7.044452161272524
ttr-20230820210000-01185,backtest_tiered_raw_all_tf,binance,BTCUSDT,1h,2023-08-20T21:00:00Z,,short,T4d_H1_fail_brk_short,,4,,0,,,,,,,,,,,,,,,,0.8407878552922449,,,,,57.74608403125771,-5.117568047905709,-0.2927521313911957,,,,bull,bull,,,,,,,tp_hit,,,0.019,,,,binance,1.0,backfilled from tiered_trades.csv; signal-TF rsi=57.74608403125771; atr_rank=0.18; dist_ema200=-5.117568047905709
ttr-20230823000000-01186,backtest_tiered_raw_all_tf,binance,BTCUSDT,1d,2023-08-23T00:00:00Z,,long,T3c_D_bull_engulf_long,,3,,0,,,,,,,,,,,,,,,,1.3693597886109683,,,,,14.512468589071844,-2.90992096049233,-7.468813102634364,,,47.559797262331344,bull,bull,,0.003344700728802016,,,,,sl_hit,,,-0.041,,,,binance,1.0,backfilled from tiered_trades.csv; signal-TF rsi=14.512468589071844; atr_rank=0.57; dist_ema200=-2.90992096049233
ttr-20230823180000-01187,backtest_tiered_raw_all_tf,binance,BTCUSDT,1h,2023-08-23T18:00:00Z,,short,T4d_H1_fail_brk_short,,4,,0,,,,,,,,,,,,,,,,1.1008426624527556,,,,,70.05205298527773,-1.3392399740839354,1.482401671123175,,,,bull,bull,,,,,,,sl_hit,,,-0.011,,,,binance,1.0,backfilled from tiered_trades.csv; signal-TF rsi=70.05205298527773; atr_rank=0.86; dist_ema200=-1.3392399740839354
ttr-20230824170000-01188,backtest_tiered_raw_all_tf,binance,BTCUSDT,1h,2023-08-24T17:00:00Z,,long,T4c_H1_sweep_lo_long,,4,,0,,,,,,,,,,,,,,,,1.8310266892226568,,,,,27.90361390032878,-2.50792426472328,-0.6936805191213369,,,,bull,bull,,,,,,,sl_hit,,,-0.011,,,,binance,1.0,backfilled from tiered_trades.csv; signal-TF rsi=27.90361390032878; atr_rank=0.69; dist_ema200=-2.50792426472328
ttr-20230827010000-01189,backtest_tiered_raw_all_tf,binance,BTCUSDT,1h,2023-08-27T01:00:00Z,,long,T4c_H1_sweep_lo_long,,4,,0,,,,,,,,,,,,,,,,1.8016024951926592,,,,,36.10164597170112,-1.658289322203331,-0.2392914568264683,,,,bull,bull,,,,,,,time,,,0.0031772861794909,,,,binance,1.0,backfilled from tiered_trades.csv; signal-TF rsi=36.10164597170112; atr_rank=0.05; dist_ema200=-1.658289322203331
ttr-20230827110000-01190,backtest_tiered_raw_all_tf,binance,BTCUSDT,1h,2023-08-27T11:00:00Z,,short,T4d_H1_fail_brk_short,,4,,0,,,,,,,,,,,,,,,,0.7791608893633842,,,,,55.58384867224384,-1.2829638318783645,0.0150825655244121,,,,bull,bull,,,,,,,time,,,0.0022574277333766,,,,binance,1.0,backfilled from tiered_trades.csv; signal-TF rsi=55.58384867224384; atr_rank=0.03; dist_ema200=-1.2829638318783645
ttr-20230828090000-01191,backtest_tiered_raw_all_tf,binance,BTCUSDT,1h,2023-08-28T09:00:00Z,,long,T4c_H1_sweep_lo_long,,4,,0,,,,,,,,,,,,,,,,1.682193364618923,,,,,24.08540658988329,-1.5111491153346222,-0.4308316998631538,,,,bull,bull,,,,,,,tp_hit,,,0.019,,,,binance,1.0,backfilled from tiered_trades.csv; signal-TF rsi=24.08540658988329; atr_rank=0.49; dist_ema200=-1.5111491153346222
ttr-20230830130000-01192,backtest_tiered_raw_all_tf,binance,BTCUSDT,1h,2023-08-30T13:00:00Z,,long,T4c_H1_sweep_lo_long,,4,,0,,,,,,,,,,,,,,,,2.000420189362008,,,,,27.790034332859065,3.165761449213956,1.564813475382815,,,,bull,bull,,,,,,,sl_hit,,,-0.0109999999999999,,,,binance,1.0,backfilled from tiered_trades.csv; signal-TF rsi=27.790034332859065; atr_rank=0.8; dist_ema200=3.165761449213956
ttr-20230830150000-01193,backtest_tiered_raw_all_tf,binance,BTCUSDT,1h,2023-08-30T15:00:00Z,,long,T3b_H1_fail_brkdn_long,,3,,0,,,,,,,,,,,,,,,,1.6779043047547666,,,,,31.719080407087773,2.460983192559468,0.8593935187854883,,,,bull,bull,,,,,,,sl_hit,,,-0.013,,,,binance,1.0,backfilled from tiered_trades.csv; signal-TF rsi=31.719080407087773; atr_rank=0.82; dist_ema200=2.460983192559468
ttr-20230831170000-01194,backtest_tiered_raw_all_tf,binance,BTCUSDT,1h,2023-08-31T17:00:00Z,,long,T4c_H1_sweep_lo_long,,4,,0,,,,,,,,,,,,,,,,2.352854647694951,,,,,18.947096088494547,-1.3197198135829888,-2.6643093233357584,,,,bull,bull,,,,,,,sl_hit,,,-0.0109999999999999,,,,binance,1.0,backfilled from tiered_trades.csv; signal-TF rsi=18.947096088494547; atr_rank=0.86; dist_ema200=-1.3197198135829888
ttr-20230901150000-01195,backtest_tiered_raw_all_tf,binance,BTCUSDT,1h,2023-09-01T15:00:00Z,,long,T4c_H1_sweep_lo_long,,4,,0,,,,,,,,,,,,,,,,2.610432272847905,,,,,38.91708109205308,-2.780847147447855,-2.363116629003202,,,,bull,bull,,,,,,,sl_hit,,,-0.011,,,,binance,1.0,backfilled from tiered_trades.csv; signal-TF rsi=38.91708109205308; atr_rank=0.46; dist_ema200=-2.780847147447855
ttr-20230905030000-01196,backtest_tiered_raw_all_tf,binance,BTCUSDT,1h,2023-09-05T03:00:00Z,,long,T4c_H1_sweep_lo_long,,4,,0,,,,,,,,,,,,,,,,1.4218405396721443,,,,,37.00122565708851,-1.7797291335675334,-0.7181782456062659,,,,bull,bull,,,,,,,sl_hit,,,-0.011,,,,binance,1.0,backfilled from tiered_trades.csv; signal-TF rsi=37.00122565708851; atr_rank=0.75; dist_ema200=-1.7797291335675334
ttr-20230908000000-01197,backtest_tiered_raw_all_tf,binance,BTCUSDT,4h,2023-09-08T00:00:00Z,,short,T4b_H4_sstar_short,,4,,0,,,,,,,,,,,,,,,,1.1213903774117535,,,,,72.77830721304377,-2.8234263467923046,1.0114385268717134,,,,bull,bull,,,,,,,tp_hit,,,0.029,,,,binance,1.0,backfilled from tiered_trades.csv; signal-TF rsi=72.77830721304377; atr_rank=0.48; dist_ema200=-2.8234263467923046
ttr-20230908000000-01198,backtest_tiered_raw_all_tf,binance,BTCUSDT,4h,2023-09-08T00:00:00Z,,short,T3a_H4_sweep_hi_short_loose,,3,,0,,,,,,,,,,,,,,,,1.1213903774117535,,,,,72.77830721304377,-2.8234263467923046,1.0114385268717134,,,,bull,bull,,,,,,,tp_hit,,,0.029,,,,binance,1.0,backfilled from tiered_trades.csv; signal-TF rsi=72.77830721304377; atr_rank=0.48; dist_ema200=-2.8234263467923046
ttr-20230910150000-01199,backtest_tiered_raw_all_tf,binance,BTCUSDT,1h,2023-09-10T15:00:00Z,,long,T4c_H1_sweep_lo_long,,4,,0,,,,,,,,,,,,,,,,1.7212632546826296,,,,,29.16711330260333,-0.6330372580881505,-0.3303498307911407,,,,bull,bull,,,,,,,sl_hit,,,-0.0109999999999999,,,,binance,1.0,backfilled from tiered_trades.csv; signal-TF rsi=29.16711330260333; atr_rank=0.36; dist_ema200=-0.6330372580881505
ttr-20230911150000-01200,backtest_tiered_raw_all_tf,binance,BTCUSDT,1h,2023-09-11T15:00:00Z,,long,T4c_H1_sweep_lo_long,,4,,0,,,,,,,,,,,,,,,,3.1911410362949453,,,,,26.50911512938804,-2.986644917208098,-2.456521434974216,,,,bull,bull,,,,,,,tp_hit,,,0.0189999999999999,,,,binance,1.0,backfilled from tiered_trades.csv; signal-TF rsi=26.50911512938804; atr_rank=0.89; dist_ema200=-2.986644917208098
ttr-20230912160000-01201,backtest_tiered_raw_all_tf,binance,BTCUSDT,4h,2023-09-12T16:00:00Z,,short,T3a_H4_sweep_hi_short_loose,,3,,0,,,,,,,,,,,,,,,,1.7870976864621235,,,,,55.69485655686027,-2.436752461400169,0.8382775894365903,,,,bull,bull,,,,,,,sl_hit,,,-0.0159999999999998,,,,binance,1.0,backfilled from tiered_trades.csv; signal-TF rsi=55.69485655686027; atr_rank=0.99; dist_ema200=-2.436752461400169
ttr-20230920200000-01202,backtest_tiered_raw_all_tf,binance,BTCUSDT,1h,2023-09-20T20:00:00Z,,long,T3b_H1_fail_brkdn_long,,3,,0,,,,,,,,,,,,,,,,0.6934934345199061,,,,,51.735638170018426,1.6651577145145473,0.1778314284679971,,,,bull,bull,,,,,,,sl_hit,,,-0.013,,,,binance,1.0,backfilled from tiered_trades.csv; signal-TF rsi=51.735638170018426; atr_rank=0.72; dist_ema200=1.6651577145145473
ttr-20230921110000-01203,backtest_tiered_raw_all_tf,binance,BTCUSDT,1h,2023-09-21T11:00:00Z,,long,T4c_H1_sweep_lo_long,,4,,0,,,,,,,,,,,,,,,,1.1522719472676746,,,,,27.497633696166545,0.1175579966176286,-1.03050858039543,,,,bull,bull,,,,,,,sl_hit,,,-0.011,,,,binance,1.0,backfilled from tiered_trades.csv; signal-TF rsi=27.497633696166545; atr_rank=0.26; dist_ema200=0.1175579966176286
ttr-20230922210000-01204,backtest_tiered_raw_all_tf,binance,BTCUSDT,1h,2023-09-22T21:00:00Z,,long,T4c_H1_sweep_lo_long,,4,,0,,,,,,,,,,,,,,,,0.8563779740659574,,,,,39.083118224057785,-0.3870795634871953,-0.5222207307276797,,,,bull,bull,,,,,,,time,,,-0.0028713489030666,,,,binance,1.0,backfilled from tiered_trades.csv; signal-TF rsi=39.083118224057785; atr_rank=0.02; dist_ema200=-0.3870795634871953
ttr-20230923190000-01205,backtest_tiered_raw_all_tf,binance,BTCUSDT,1h,2023-09-23T19:00:00Z,,short,T4d_H1_fail_brk_short,,4,,0,,,,,,,,,,,,,,,,0.5504903720943369,,,,,72.8897312665001,-0.1636560988602652,-0.087741819406041,,,,bull,bull,,,,,,,tp_hit,,,0.0189999999999999,,,,binance,1.0,backfilled from tiered_trades.csv; signal-TF rsi=72.8897312665001; atr_rank=0.03; dist_ema200=-0.1636560988602652
ttr-20230925000000-01206,backtest_tiered_raw_all_tf,binance,BTCUSDT,1h,2023-09-25T00:00:00Z,,long,T4c_H1_sweep_lo_long,,4,,0,,,,,,,,,,,,,,,,3.4848661151542912,,,,,27.14390085880119,-1.4183578221389777,-1.181062560412802,,,,bull,bull,,,,,,,time,,,-0.0006426416175457,,,,binance,1.0,backfilled from tiered_trades.csv; signal-TF rsi=27.14390085880119; atr_rank=0.77; dist_ema200=-1.4183578221389777
ttr-20230925120000-01207,backtest_tiered_raw_all_tf,binance,BTCUSDT,1h,2023-09-25T12:00:00Z,,long,T4c_H1_sweep_lo_long,,4,,0,,,,,,,,,,,,,,,,1.1913378531307832,,,,,23.994090786999763,-1.7554610250885747,-1.110927246855912,,,,bull,bull,,,,,,,tp_hit,,,0.0189999999999999,,,,binance,1.0,backfilled from tiered_trades.csv; signal-TF rsi=23.994090786999763; atr_rank=0.82; dist_ema200=-1.7554610250885747
ttr-20230926140000-01208,backtest_tiered_raw_all_tf,binance,BTCUSDT,1h,2023-09-26T14:00:00Z,,long,T4c_H1_sweep_lo_long,,4,,0,,,,,,,,,,,,,,,,1.8855268950129933,,,,,39.58713537771144,-1.1562087519476696,-0.4589075066503546,,,,bull,bull,,,,,,,tp_hit,,,0.0189999999999999,,,,binance,1.0,backfilled from tiered_trades.csv; signal-TF rsi=39.58713537771144; atr_rank=0.54; dist_ema200=-1.1562087519476696
ttr-20231003200000-01209,backtest_tiered_raw_all_tf,binance,BTCUSDT,1h,2023-10-03T20:00:00Z,,long,T4c_H1_sweep_lo_long,,4,,0,,,,,,,,,,,,,,,,1.436823859790297,,,,,38.69430302129406,0.952564870166687,-0.5764147487310229,,,,bull,bull,,,,,,,tp_hit,,,0.0189999999999999,,,,binance,1.0,backfilled from tiered_trades.csv; signal-TF rsi=38.69430302129406; atr_rank=0.68; dist_ema200=0.952564870166687
ttr-20231009130000-01210,backtest_tiered_raw_all_tf,binance,BTCUSDT,1h,2023-10-09T13:00:00Z,,long,T4c_H1_sweep_lo_long,,4,,0,,,,,,,,,,,,,,,,1.430003013839599,,,,,28.71514710913445,-0.3449074141631681,-1.0435872967266198,,,,bull,bull,,,,,,,sl_hit,,,-0.011,,,,binance,1.0,backfilled from tiered_trades.csv; signal-TF rsi=28.71514710913445; atr_rank=0.68; dist_ema200=-0.3449074141631681
ttr-20231011040000-01211,backtest_tiered_raw_all_tf,binance,BTCUSDT,1h,2023-10-11T04:00:00Z,,long,T4c_H1_sweep_lo_long,,4,,0,,,,,,,,,,,,,,,,1.2794347686704062,,,,,32.57534126129299,-1.61593459279493,-1.4207242845596169,,,,bull,bull,,,,,,,sl_hit,,,-0.011,,,,binance,1.0,backfilled from tiered_trades.csv; signal-TF rsi=32.57534126129299; atr_rank=0.82; dist_ema200=-1.61593459279493
ttr-20231012170000-01212,backtest_tiered_raw_all_tf,binance,BTCUSDT,1h,2023-10-12T17:00:00Z,,long,T4c_H1_sweep_lo_long,,4,,0,,,,,,,,,,,,,,,,1.3047549154269535,,,,,29.796159527326623,-2.5868715287027757,-1.252975344872402,,,,bull,bull,,,,,,,time,,,0.0082943856460633,,,,binance,1.0,backfilled from tiered_trades.csv; signal-TF rsi=29.796159527326623; atr_rank=0.6; dist_ema200=-2.5868715287027757
ttr-20231013210000-01213,backtest_tiered_raw_all_tf,binance,BTCUSDT,1h,2023-10-13T21:00:00Z,,short,T4d_H1_fail_brk_short,,4,,0,,,,,,,,,,,,,,,,2.8162922077801227,,,,,57.47103807017182,-0.7227629849471865,0.5677553605137451,,,,bull,bull,,,,,,,time,,,-0.0069357790015989,,,,binance,1.0,backfilled from tiered_trades.csv; signal-TF rsi=57.47103807017182; atr_rank=0.73; dist_ema200=-0.7227629849471865
ttr-20231015190000-01214,backtest_tiered_raw_all_tf,binance,BTCUSDT,1h,2023-10-15T19:00:00Z,,short,T4d_H1_fail_brk_short,,4,,0,,,,,,,,,,,,,,,,1.5155544034056618,,,,,74.60869565217384,-0.1956271371801528,0.5523011596022026,,,,bull,bull,,,,,,,sl_hit,,,-0.011,,,,binance,1.0,backfilled from tiered_trades.csv; signal-TF rsi=74.60869565217384; atr_rank=0.32; dist_ema200=-0.1956271371801528
ttr-20231016000000-01215,backtest_tiered_raw_all_tf,binance,BTCUSDT,1w,2023-10-16T00:00:00Z,,long,T1b_W_rsi_os_long,,1,,0,,,,,,,,,,,,,,,,1.2437793505479957,,,,,48.93135376727576,14.877224313701468,9.721700698158326,,,,bull,bull,,,,,,,tp_hit,,,0.2489999999999999,,,,binance,1.0,backfilled from tiered_trades.csv; signal-TF rsi=48.93135376727576; atr_rank=0.01; dist_ema200=14.877224313701468
ttr-20231024000000-01216,backtest_tiered_raw_all_tf,binance,BTCUSDT,1d,2023-10-24T00:00:00Z,,short,T2c_D_fail_brk_short,,2,,0,,,,,,,,,,,,,,,,2.99365951289086,,,,,89.95876043987236,24.350753389895523,20.916002479107785,,,64.24460440882586,bull,bull,,0.31818300237469566,,,,,sl_hit,,,-0.041,,,,binance,1.0,backfilled from tiered_trades.csv; signal-TF rsi=89.95876043987236; atr_rank=1.0; dist_ema200=24.350753389895523
ttr-20231026140000-01217,backtest_tiered_raw_all_tf,binance,BTCUSDT,1h,2023-10-26T14:00:00Z,,long,T4c_H1_sweep_lo_long,,4,,0,,,,,,,,,,,,,,,,2.009218072200305,,,,,32.79594002720583,8.060683738442552,0.3463707402132243,,,,bull,bull,,,,,,,sl_hit,,,-0.011,,,,binance,1.0,backfilled from tiered_trades.csv; signal-TF rsi=32.79594002720583; atr_rank=0.27; dist_ema200=8.060683738442552
ttr-20231102160000-01218,backtest_tiered_raw_all_tf,binance,BTCUSDT,1h,2023-11-02T16:00:00Z,,long,T4c_H1_sweep_lo_long,,4,,0,,,,,,,,,,,,,,,,1.6183087218332743,,,,,13.443855339812629,1.851017296380468,-0.687001333954288,,,,bull,bull,,,,,,,sl_hit,,,-0.0109999999999999,,,,binance,1.0,backfilled from tiered_trades.csv; signal-TF rsi=13.443855339812629; atr_rank=0.85; dist_ema200=1.851017296380468
ttr-20231103100000-01219,backtest_tiered_raw_all_tf,binance,BTCUSDT,1h,2023-11-03T10:00:00Z,,long,T4c_H1_sweep_lo_long,,4,,0,,,,,,,,,,,,,,,,1.3117156233234593,,,,,31.235572761373263,0.4763610897940812,-1.3156523299377405,,,,bull,bull,,,,,,,tp_hit,,,0.0189999999999999,,,,binance,1.0,backfilled from tiered_trades.csv; signal-TF rsi=31.235572761373263; atr_rank=0.64; dist_ema200=0.4763610897940812
ttr-20231105220000-01220,backtest_tiered_raw_all_tf,binance,BTCUSDT,1h,2023-11-05T22:00:00Z,,long,T3b_H1_fail_brkdn_long,,3,,0,,,,,,,,,,,,,,,,0.978382749902649,,,,,48.18112281814008,1.5167097235521434,0.198801513561137,,,,bull,bull,,,,,,,sl_hit,,,-0.013,,,,binance,1.0,backfilled from tiered_trades.csv; signal-TF rsi=48.18112281814008; atr_rank=0.48; dist_ema200=1.5167097235521434
ttr-20231107120000-01221,backtest_tiered_raw_all_tf,binance,BTCUSDT,1h,2023-11-07T12:00:00Z,,long,T4c_H1_sweep_lo_long,,4,,0,,,,,,,,,,,,,,,,1.4712335529230312,,,,,30.71773552607412,0.3740271699463524,-0.5286793531097779,,,,bull,bull,,,,,,,tp_hit,,,0.019,,,,binance,1.0,backfilled from tiered_trades.csv; signal-TF rsi=30.71773552607412; atr_rank=0.33; dist_ema200=0.3740271699463524
ttr-20231111230000-01222,backtest_tiered_raw_all_tf,binance,BTCUSDT,1h,2023-11-11T23:00:00Z,,long,T3b_H1_fail_brkdn_long,,3,,0,,,,,,,,,,,,,,,,1.1836113439010292,,,,,54.4057266342517,3.4195047041211124,0.5717900785205996,,,,bull,bull,,,,,,,sl_hit,,,-0.013,,,,binance,1.0,backfilled from tiered_trades.csv; signal-TF rsi=54.4057266342517; atr_rank=0.2; dist_ema200=3.4195047041211124
ttr-20231113040000-01223,backtest_tiered_raw_all_tf,binance,BTCUSDT,1h,2023-11-13T04:00:00Z,,long,T4c_H1_sweep_lo_long,,4,,0,,,,,,,,,,,,,,,,1.1981029004576973,,,,,35.60015845767799,2.0185032547152897,-0.2692686277415159,,,,bull,bull,,,,,,,sl_hit,,,-0.0109999999999999,,,,binance,1.0,backfilled from tiered_trades.csv; signal-TF rsi=35.60015845767799; atr_rank=0.26; dist_ema200=2.0185032547152897
ttr-20231114000000-01224,backtest_tiered_raw_all_tf,binance,BTCUSDT,4h,2023-11-14T00:00:00Z,,long,T4a_H4_hammer_long,,4,,0,,,,,,,,,,,,,,,,1.1155551812657545,,,,,23.75147964458584,9.176738891189878,0.3940225128463489,,,,bull,bull,,,,,,,sl_hit,,,-0.0159999999999999,,,,binance,1.0,backfilled from tiered_trades.csv; signal-TF rsi=23.75147964458584; atr_rank=0.25; dist_ema200=9.176738891189878
ttr-20231116140000-01225,backtest_tiered_raw_all_tf,binance,BTCUSDT,1h,2023-11-16T14:00:00Z,,long,T4c_H1_sweep_lo_long,,4,,0,,,,,,,,,,,,,,,,1.66788573840493,,,,,16.278787956094916,0.7632660646853245,-0.3426196664517741,,,,bull,bull,,,,,,,sl_hit,,,-0.011,,,,binance,1.0,backfilled from tiered_trades.csv; signal-TF rsi=16.278787956094916; atr_rank=0.7; dist_ema200=0.7632660646853245
ttr-20231121150000-01226,backtest_tiered_raw_all_tf,binance,BTCUSDT,1h,2023-11-21T15:00:00Z,,long,T4c_H1_sweep_lo_long,,4,,0,,,,,,,,,,,,,,,,5.650327820806005,,,,,31.53168047330304,0.6332093520197846,-0.4581239244419521,,,,bull,bull,,,,,,,sl_hit,,,-0.0109999999999999,,,,binance,1.0,backfilled from tiered_trades.csv; signal-TF rsi=31.53168047330304; atr_rank=0.67; dist_ema200=0.6332093520197846
ttr-20231127040000-01227,backtest_tiered_raw_all_tf,binance,BTCUSDT,4h,2023-11-27T04:00:00Z,,long,T4a_H4_hammer_long,,4,,0,,,,,,,,,,,,,,,,0.7420205154347694,,,,,31.99849422787365,5.342079416013062,0.0337597474833605,,,,bull,bull,,,,,,,sl_hit,,,-0.0159999999999999,,,,binance,1.0,backfilled from tiered_trades.csv; signal-TF rsi=31.99849422787365; atr_rank=0.02; dist_ema200=5.342079416013062
ttr-20231127130000-01228,backtest_tiered_raw_all_tf,binance,BTCUSDT,1h,2023-11-27T13:00:00Z,,long,T4c_H1_sweep_lo_long,,4,,0,,,,,,,,,,,,,,,,2.000234446090765,,,,,22.467842989660625,-0.8443671179355254,-1.307196080193155,,,,bull,bull,,,,,,,tp_hit,,,0.019,,,,binance,1.0,backfilled from tiered_trades.csv; signal-TF rsi=22.467842989660625; atr_rank=0.73; dist_ema200=-0.8443671179355254
ttr-20231206000000-01229,backtest_tiered_raw_all_tf,binance,BTCUSDT,1d,2023-12-06T00:00:00Z,,short,T2c_D_fail_brk_short,,2,,0,,,,,,,,,,,,,,,,1.4152371144381148,,,,,87.19896780599065,42.45506404380719,21.161342011772856,,,93.86021484201926,bull,bull,,0.6273839703197082,,,,,tp_hit,,,0.079,,,,binance,1.0,backfilled from tiered_trades.csv; signal-TF rsi=87.19896780599065; atr_rank=0.41; dist_ema200=42.45506404380719
ttr-20231211190000-01230,backtest_tiered_raw_all_tf,binance,BTCUSDT,1h,2023-12-11T19:00:00Z,,long,T4c_H1_sweep_lo_long,,4,,0,,,,,,,,,,,,,,,,1.594149514220908,,,,,16.993426782233527,-4.009557631266801,-4.735553972125506,,,,bull,bull,,,,,,,tp_hit,,,0.019,,,,binance,1.0,backfilled from tiered_trades.csv; signal-TF rsi=16.993426782233527; atr_rank=0.88; dist_ema200=-4.009557631266801
ttr-20231213020000-01231,backtest_tiered_raw_all_tf,binance,BTCUSDT,1h,2023-12-13T02:00:00Z,,long,T4c_H1_sweep_lo_long,,4,,0,,,,,,,,,,,,,,,,1.3558656192099088,,,,,35.92660940217472,-2.8493383602128257,-1.9277231291390784,,,,bull,bull,,,,,,,tp_hit,,,0.019,,,,binance,1.0,backfilled from tiered_trades.csv; signal-TF rsi=35.92660940217472; atr_rank=0.85; dist_ema200=-2.8493383602128257
ttr-20231213160000-01232,backtest_tiered_raw_all_tf,binance,BTCUSDT,1h,2023-12-13T16:00:00Z,,short,T4d_H1_fail_brk_short,,4,,0,,,,,,,,,,,,,,,,1.9300532093977287,,,,,69.26227871246043,-0.4973413171566954,0.6920968043404995,,,,bull,bull,,,,,,,sl_hit,,,-0.0109999999999999,,,,binance,1.0,backfilled from tiered_trades.csv; signal-TF rsi=69.26227871246043; atr_rank=0.39; dist_ema200=-0.4973413171566954
ttr-20231216000000-01233,backtest_tiered_raw_all_tf,binance,BTCUSDT,1h,2023-12-16T00:00:00Z,,long,T4c_H1_sweep_lo_long,,4,,0,,,,,,,,,,,,,,,,1.0331217903731853,,,,,24.69810018760916,-0.944036702004632,-1.1409276199373906,,,,bull,bull,,,,,,,sl_hit,,,-0.011,,,,binance,1.0,backfilled from tiered_trades.csv; signal-TF rsi=24.69810018760916; atr_rank=0.42; dist_ema200=-0.944036702004632
ttr-20231217080000-01234,backtest_tiered_raw_all_tf,binance,BTCUSDT,1h,2023-12-17T08:00:00Z,,long,T4c_H1_sweep_lo_long,,4,,0,,,,,,,,,,,,,,,,1.403637850149785,,,,,23.055314656310173,-0.9153823989541544,-0.8124810973647721,,,,bull,bull,,,,,,,sl_hit,,,-0.0109999999999999,,,,binance,1.0,backfilled from tiered_trades.csv; signal-TF rsi=23.055314656310173; atr_rank=0.27; dist_ema200=-0.9153823989541544
ttr-20231218000000-01235,backtest_tiered_raw_all_tf,binance,BTCUSDT,1h,2023-12-18T00:00:00Z,,long,T4c_H1_sweep_lo_long,,4,,0,,,,,,,,,,,,,,,,1.6399861120069312,,,,,33.726935193519324,-2.022546712951045,-1.6477640338838906,,,,bull,bull,,,,,,,sl_hit,,,-0.011,,,,binance,1.0,backfilled from tiered_trades.csv; signal-TF rsi=33.726935193519324; atr_rank=0.72; dist_ema200=-2.022546712951045
ttr-20231218080000-01236,backtest_tiered_raw_all_tf,binance,BTCUSDT,4h,2023-12-18T08:00:00Z,,long,T4a_H4_hammer_long,,4,,0,,,,,,,,,,,,,,,,1.930583804368048,,,,,28.037894360532704,2.922806860585196,-2.335965535805441,,,,bull,bull,,,,,,,tp_hit,,,0.0289999999999999,,,,binance,1.0,backfilled from tiered_trades.csv; signal-TF rsi=28.037894360532704; atr_rank=0.3; dist_ema200=2.922806860585196
ttr-20231219180000-01237,backtest_tiered_raw_all_tf,binance,BTCUSDT,1h,2023-12-19T18:00:00Z,,long,T4c_H1_sweep_lo_long,,4,,0,,,,,,,,,,,,,,,,1.0013139229483006,,,,,34.6103811062121,0.0623209019548333,-0.1506387907077248,,,,bull,bull,,,,,,,tp_hit,,,0.019,,,,binance,1.0,backfilled from tiered_trades.csv; signal-TF rsi=34.6103811062121; atr_rank=0.68; dist_ema200=0.0623209019548333
ttr-20231224060000-01238,backtest_tiered_raw_all_tf,binance,BTCUSDT,1h,2023-12-24T06:00:00Z,,long,T4c_H1_sweep_lo_long,,4,,0,,,,,,,,,,,,,,,,1.4070139255701133,,,,,36.9072811348855,0.9835939452012296,-0.2841823267844984,,,,bull,bull,,,,,,,sl_hit,,,-0.0109999999999999,,,,binance,1.0,backfilled from tiered_trades.csv; signal-TF rsi=36.9072811348855; atr_rank=0.16; dist_ema200=0.9835939452012296
ttr-20231226080000-01239,backtest_tiered_raw_all_tf,binance,BTCUSDT,4h,2023-12-26T08:00:00Z,,long,T4a_H4_hammer_long,,4,,0,,,,,,,,,,,,,,,,2.067813057406192,,,,,29.274883380293943,3.5146169133900305,-1.190474653270518,,,,bull,bull,,,,,,,sl_hit,,,-0.016,,,,binance,1.0,backfilled from tiered_trades.csv; signal-TF rsi=29.274883380293943; atr_rank=0.28; dist_ema200=3.5146169133900305
ttr-20231226160000-01240,backtest_tiered_raw_all_tf,binance,BTCUSDT,1h,2023-12-26T16:00:00Z,,long,T4c_H1_sweep_lo_long,,4,,0,,,,,,,,,,,,,,,,1.6972829286397768,,,,,23.576205253726087,-1.9759183340993347,-1.911622872783033,,,,bull,bull,,,,,,,sl_hit,,,-0.011,,,,binance,1.0,backfilled from tiered_trades.csv; signal-TF rsi=23.576205253726087; atr_rank=1.0; dist_ema200=-1.9759183340993347
ttr-20231227110000-01241,backtest_tiered_raw_all_tf,binance,BTCUSDT,1h,2023-12-27T11:00:00Z,,short,T4d_H1_fail_brk_short,,4,,0,,,,,,,,,,,,,,,,1.6329684023913724,,,,,68.06043495335253,-0.0657931702316268,0.5207110579308389,,,,bull,bull,,,,,,,sl_hit,,,-0.011,,,,binance,1.0,backfilled from tiered_trades.csv; signal-TF rsi=68.06043495335253; atr_rank=0.66; dist_ema200=-0.0657931702316268
ttr-20231228130000-01242,backtest_tiered_raw_all_tf,binance,BTCUSDT,1h,2023-12-28T13:00:00Z,,long,T4c_H1_sweep_lo_long,,4,,0,,,,,,,,,,,,,,,,1.3296818139251576,,,,,27.299014707982224,-0.6426890138822777,-0.5148069935384699,,,,bull,bull,,,,,,,sl_hit,,,-0.0109999999999999,,,,binance,1.0,backfilled from tiered_trades.csv; signal-TF rsi=27.299014707982224; atr_rank=0.59; dist_ema200=-0.6426890138822777
ttr-20231229120000-01243,backtest_tiered_raw_all_tf,binance,BTCUSDT,1h,2023-12-29T12:00:00Z,,short,T4d_H1_fail_brk_short,,4,,0,,,,,,,,,,,,,,,,0.8424804000507218,,,,,55.728708763582624,-0.3291819284727713,0.1670808090838665,,,,bull,bull,,,,,,,tp_hit,,,0.0189999999999999,,,,binance,1.0,backfilled from tiered_trades.csv; signal-TF rsi=55.728708763582624; atr_rank=0.57; dist_ema200=-0.3291819284727713
ttr-20231229200000-01244,backtest_tiered_raw_all_tf,binance,BTCUSDT,4h,2023-12-29T20:00:00Z,,long,T4a_H4_hammer_long,,4,,0,,,,,,,,,,,,,,,,1.071404431402106,,,,,37.32971311930065,1.3572091069138286,-1.884138417524846,,,,bull,bull,,,,,,,tp_hit,,,0.029,,,,binance,1.0,backfilled from tiered_trades.csv; signal-TF rsi=37.32971311930065; atr_rank=0.71; dist_ema200=1.3572091069138286
ttr-20231229220000-01245,backtest_tiered_raw_all_tf,binance,BTCUSDT,1h,2023-12-29T22:00:00Z,,long,T4c_H1_sweep_lo_long,,4,,0,,,,,,,,,,,,,,,,1.5085855322728523,,,,,35.78372635480584,-2.6347492855671963,-1.8613792516549408,,,,bull,bull,,,,,,,tp_hit,,,0.019,,,,binance,1.0,backfilled from tiered_trades.csv; signal-TF rsi=35.78372635480584; atr_rank=0.99; dist_ema200=-2.6347492855671963
ttr-20231230160000-01246,backtest_tiered_raw_all_tf,binance,BTCUSDT,1h,2023-12-30T16:00:00Z,,short,T4d_H1_fail_brk_short,,4,,0,,,,,,,,,,,,,,,,1.7010326229834944,,,,,66.09047420297304,-0.7968124036450204,0.2893924988963159,,,,bull,bull,,,,,,,sl_hit,,,-0.011,,,,binance,1.0,backfilled from tiered_trades.csv; signal-TF rsi=66.09047420297304; atr_rank=0.05; dist_ema200=-0.7968124036450204
ttr-20240103000000-01247,backtest_tiered_raw_all_tf,binance,BTCUSDT,1d,2024-01-03T00:00:00Z,,short,T2c_D_fail_brk_short,,2,,0,,,,,,,,,,,,,,,,2.216244616115701,,,,,45.95945821323388,27.093113404003837,5.118329570227051,,,83.39735569820004,bull,bull,,0.5959501189245269,,,,,sl_hit,,,-0.041,,,,binance,1.0,backfilled from tiered_trades.csv; signal-TF rsi=45.95945821323388; atr_rank=0.75; dist_ema200=27.093113404003837
ttr-20240108000000-01248,backtest_tiered_raw_all_tf,binance,BTCUSDT,1w,2024-01-08T00:00:00Z,,short,T2b_W_sweep_hi_short,,2,,0,,,,,,,,,,,,,,,,1.82248980399044,,,,,76.58833718244804,50.83978755341616,29.47270940878656,,,,bull,bull,,,,,,,sl_hit,,,-0.081,,,,binance,1.0,backfilled from tiered_trades.csv; signal-TF rsi=76.58833718244804; atr_rank=0.39; dist_ema200=50.83978755341616
ttr-20240109220000-01249,backtest_tiered_raw_all_tf,binance,BTCUSDT,1h,2024-01-09T22:00:00Z,,long,T3b_H1_fail_brkdn_long,,3,,0,,,,,,,,,,,,,,,,1.6206481899703526,,,,,46.94557415639415,3.96968144013096,0.8736579629193969,,,,bull,bull,,,,,,,sl_hit,,,-0.013,,,,binance,1.0,backfilled from tiered_trades.csv; signal-TF rsi=46.94557415639415; atr_rank=1.0; dist_ema200=3.96968144013096
ttr-20240110130000-01250,backtest_tiered_raw_all_tf,binance,BTCUSDT,1h,2024-01-10T13:00:00Z,,long,T4c_H1_sweep_lo_long,,4,,0,,,,,,,,,,,,,,,,1.5205059170397126,,,,,34.31045990428018,1.0369186874797085,-1.4006892153953163,,,,bull,bull,,,,,,,tp_hit,,,0.019,,,,binance,1.0,backfilled from tiered_trades.csv; signal-TF rsi=34.31045990428018; atr_rank=0.7; dist_ema200=1.0369186874797085
ttr-20240111000000-01251,backtest_tiered_raw_all_tf,binance,BTCUSDT,1d,2024-01-11T00:00:00Z,,short,T1c_D_sstar_short,,1,,0,,,,,,,,,,,,,,,,1.9421113551588665,,,,,66.09528421899887,33.91670088459834,10.27094347175746,,,76.58833718244804,bull,bull,,0.5083978755341616,,,,,tp_hit,,,0.0989999999999999,,,,binance,1.0,backfilled from tiered_trades.csv; signal-TF rsi=66.09528421899887; atr_rank=1.0; dist_ema200=33.91670088459834
ttr-20240112090000-01252,backtest_tiered_raw_all_tf,binance,BTCUSDT,1h,2024-01-12T09:00:00Z,,long,T4c_H1_sweep_lo_long,,4,,0,,,,,,,,,,,,,,,,0.6047073662668194,,,,,29.60192913721133,1.470610204975075,-0.6636895176748396,,,,bull,bull,,,,,,,sl_hit,,,-0.0109999999999999,,,,binance,1.0,backfilled from tiered_trades.csv; signal-TF rsi=29.60192913721133; atr_rank=0.13; dist_ema200=1.470610204975075
ttr-20240114210000-01253,backtest_tiered_raw_all_tf,binance,BTCUSDT,1h,2024-01-14T21:00:00Z,,long,T4c_H1_sweep_lo_long,,4,,0,,,,,,,,,,,,,,,,3.0973791658641456,,,,,31.77808820594701,-3.9064002694267934,-1.5502227598255172,,,,bull,bull,,,,,,,sl_hit,,,-0.011,,,,binance,1.0,backfilled from tiered_trades.csv; signal-TF rsi=31.77808820594701; atr_rank=0.21; dist_ema200=-3.9064002694267934
ttr-20240115190000-01254,backtest_tiered_raw_all_tf,binance,BTCUSDT,1h,2024-01-15T19:00:00Z,,short,T4d_H1_fail_brk_short,,4,,0,,,,,,,,,,,,,,,,1.1663731590356952,,,,,55.51522238025849,-2.166274933007379,0.3228713488317772,,,,bull,bull,,,,,,,tp_hit,,,0.019,,,,binance,1.0,backfilled from tiered_trades.csv; signal-TF rsi=55.51522238025849; atr_rank=0.44; dist_ema200=-2.166274933007379
ttr-20240116220000-01255,backtest_tiered_raw_all_tf,binance,BTCUSDT,1h,2024-01-16T22:00:00Z,,short,T4d_H1_fail_brk_short,,4,,0,,,,,,,,,,,,,,,,0.4727747092817822,,,,,54.0815934991239,-1.1402546084962,0.6369117521807766,,,,bull,bull,,,,,,,tp_hit,,,0.019,,,,binance,1.0,backfilled from tiered_trades.csv; signal-TF rsi=54.0815934991239; atr_rank=0.83; dist_ema200=-1.1402546084962
ttr-20240117120000-01256,backtest_tiered_raw_all_tf,binance,BTCUSDT,1h,2024-01-17T12:00:00Z,,long,T4c_H1_sweep_lo_long,,4,,0,,,,,,,,,,,,,,,,1.9408562897671973,,,,,32.73299470864971,-1.8566481541460635,-0.2463973000812874,,,,bull,bull,,,,,,,sl_hit,,,-0.011,,,,binance,1.0,backfilled from tiered_trades.csv; signal-TF rsi=32.73299470864971; atr_rank=0.11; dist_ema200=-1.8566481541460635
ttr-20240119190000-01257,backtest_tiered_raw_all_tf,binance,BTCUSDT,1h,2024-01-19T19:00:00Z,,short,T4d_H1_fail_brk_short,,4,,0,,,,,,,,,,,,,,,,1.216268558760638,,,,,59.21248981510016,-2.435439754308788,0.1417552541565606,,,,bull,bull,,,,,,,time,,,0.0012688426702174,,,,binance,1.0,backfilled from tiered_trades.csv; signal-TF rsi=59.21248981510016; atr_rank=0.91; dist_ema200=-2.435439754308788
ttr-20240122050000-01258,backtest_tiered_raw_all_tf,binance,BTCUSDT,1h,2024-01-22T05:00:00Z,,long,T4c_H1_sweep_lo_long,,4,,0,,,,,,,,,,,,,,,,2.3566334205234454,,,,,36.26151462410318,-2.759976257855947,-1.075222097073279,,,,bull,bull,,,,,,,sl_hit,,,-0.011,,,,binance,1.0,backfilled from tiered_trades.csv; signal-TF rsi=36.26151462410318; atr_rank=0.58; dist_ema200=-2.759976257855947
ttr-20240123000000-01259,backtest_tiered_raw_all_tf,binance,BTCUSDT,1d,2024-01-23T00:00:00Z,,long,T2a_D_hammer_long,,2,,0,,,,,,,,,,,,,,,,1.2078826464589425,,,,,23.310626773233963,12.66497035388344,-4.752534857867667,,,76.19189140501464,bull,bull,,0.5039738987847386,,,,,tp_hit,,,0.119,,,,binance,1.0,backfilled from tiered_trades.csv; signal-TF rsi=23.310626773233963; atr_rank=0.88; dist_ema200=12.66497035388344
ttr-20240123140000-01260,backtest_tiered_raw_all_tf,binance,BTCUSDT,1h,2024-01-23T14:00:00Z,,long,T4c_H1_sweep_lo_long,,4,,0,,,,,,,,,,,,,,,,1.59463035307485,,,,,24.22097507680513,-6.939094823617241,-3.775405392518065,,,,bull,bull,,,,,,,tp_hit,,,0.019,,,,binance,1.0,backfilled from tiered_trades.csv; signal-TF rsi=24.22097507680513; atr_rank=0.58; dist_ema200=-6.939094823617241
ttr-20240124010000-01261,backtest_tiered_raw_all_tf,binance,BTCUSDT,1h,2024-01-24T01:00:00Z,,short,T4d_H1_fail_brk_short,,4,,0,,,,,,,,,,,,,,,,0.9945964577805434,,,,,65.65697967866626,-4.003212607101852,-0.572501853103136,,,,bull,bull,,,,,,,sl_hit,,,-0.011,,,,binance,1.0,backfilled from tiered_trades.csv; signal-TF rsi=65.65697967866626; atr_rank=0.78; dist_ema200=-4.003212607101852
ttr-20240126200000-01262,backtest_tiered_raw_all_tf,binance,BTCUSDT,4h,2024-01-26T20:00:00Z,,short,T3a_H4_sweep_hi_short_loose,,3,,0,,,,,,,,,,,,,,,,0.8440775518820302,,,,,72.758199267753,-0.7994309611120456,2.1559439722990144,,,,bull,bull,,,,,,,sl_hit,,,-0.0159999999999998,,,,binance,1.0,backfilled from tiered_trades.csv; signal-TF rsi=72.758199267753; atr_rank=0.29; dist_ema200=-0.7994309611120456
ttr-20240128200000-01263,backtest_tiered_raw_all_tf,binance,BTCUSDT,1h,2024-01-28T20:00:00Z,,long,T4c_H1_sweep_lo_long,,4,,0,,,,,,,,,,,,,,,,0.9423413253718738,,,,,32.23333687517997,1.4808018890112262,0.0994654708164954,,,,bull,bull,,,,,,,tp_hit,,,0.0189999999999999,,,,binance,1.0,backfilled from tiered_trades.csv; signal-TF rsi=32.23333687517997; atr_rank=0.53; dist_ema200=1.4808018890112262
ttr-20240128200000-01264,backtest_tiered_raw_all_tf,binance,BTCUSDT,1h,2024-01-28T20:00:00Z,,long,T3b_H1_fail_brkdn_long,,3,,0,,,,,,,,,,,,,,,,0.9423413253718738,,,,,32.23333687517997,1.4808018890112262,0.0994654708164954,,,,bull,bull,,,,,,,tp_hit,,,0.0239999999999999,,,,binance,1.0,backfilled from tiered_trades.csv; signal-TF rsi=32.23333687517997; atr_rank=0.53; dist_ema200=1.4808018890112262
ttr-20240131020000-01265,backtest_tiered_raw_all_tf,binance,BTCUSDT,1h,2024-01-31T02:00:00Z,,long,T4c_H1_sweep_lo_long,,4,,0,,,,,,,,,,,,,,,,0.7633061620542707,,,,,35.04866571186389,2.0732950271948782,-0.2235360352804043,,,,bull,bull,,,,,,,sl_hit,,,-0.0109999999999999,,,,binance,1.0,backfilled from tiered_trades.csv; signal-TF rsi=35.04866571186389; atr_rank=0.81; dist_ema200=2.0732950271948782
ttr-20240204070000-01266,backtest_tiered_raw_all_tf,binance,BTCUSDT,1h,2024-02-04T07:00:00Z,,long,T4c_H1_sweep_lo_long,,4,,0,,,,,,,,,,,,,,,,1.123820878377959,,,,,21.10974365131841,0.5862118711437586,-0.3594326539351962,,,,bull,bull,,,,,,,sl_hit,,,-0.0109999999999999,,,,binance,1.0,backfilled from tiered_trades.csv; signal-TF rsi=21.10974365131841; atr_rank=0.07; dist_ema200=0.5862118711437586
ttr-20240204200000-01267,backtest_tiered_raw_all_tf,binance,BTCUSDT,4h,2024-02-04T20:00:00Z,,long,T4a_H4_hammer_long,,4,,0,,,,,,,,,,,,,,,,1.312575585335661,,,,,29.97040575112885,0.3920332853396601,-0.1466032103233833,,,,bull,bull,,,,,,,tp_hit,,,0.029,,,,binance,1.0,backfilled from tiered_trades.csv; signal-TF rsi=29.97040575112885; atr_rank=0.09; dist_ema200=0.3920332853396601
ttr-20240205220000-01268,backtest_tiered_raw_all_tf,binance,BTCUSDT,1h,2024-02-05T22:00:00Z,,long,T4c_H1_sweep_lo_long,,4,,0,,,,,,,,,,,,,,,,0.5111720219892325,,,,,35.92677954553919,-0.3856781988132888,-0.805667651073835,,,,bull,bull,,,,,,,tp_hit,,,0.019,,,,binance,1.0,backfilled from tiered_trades.csv; signal-TF rsi=35.92677954553919; atr_rank=0.75; dist_ema200=-0.3856781988132888
ttr-20240213000000-01269,backtest_tiered_raw_all_tf,binance,BTCUSDT,1d,2024-02-13T00:00:00Z,,short,T2c_D_fail_brk_short,,2,,0,,,,,,,,,,,,,,,,1.5831954045630223,,,,,86.93046887038551,34.043070211581245,14.323515020647374,,,78.96921489763413,bull,bull,,0.827427883955534,,,,,sl_hit,,,-0.041,,,,binance,1.0,backfilled from tiered_trades.csv; signal-TF rsi=86.93046887038551; atr_rank=0.24; dist_ema200=34.043070211581245
ttr-20240213170000-01270,backtest_tiered_raw_all_tf,binance,BTCUSDT,1h,2024-02-13T17:00:00Z,,long,T4c_H1_sweep_lo_long,,4,,0,,,,,,,,,,,,,,,,1.3643698602922114,,,,,34.06960997662166,4.43328656058951,-0.4121203197051493,,,,bull,bull,,,,,,,tp_hit,,,0.019,,,,binance,1.0,backfilled from tiered_trades.csv; signal-TF rsi=34.06960997662166; atr_rank=0.74; dist_ema200=4.43328656058951
ttr-20240215220000-01271,backtest_tiered_raw_all_tf,binance,BTCUSDT,1h,2024-02-15T22:00:00Z,,long,T3b_H1_fail_brkdn_long,,3,,0,,,,,,,,,,,,,,,,0.6732017123991899,,,,,45.75838261699927,6.134547287160056,0.5621940328976693,,,,bull,bull,,,,,,,sl_hit,,,-0.013,,,,binance,1.0,backfilled from tiered_trades.csv; signal-TF rsi=45.75838261699927; atr_rank=0.76; dist_ema200=6.134547287160056
ttr-20240219000000-01272,backtest_tiered_raw_all_tf,binance,BTCUSDT,1w,2024-02-19T00:00:00Z,,short,T2b_W_sweep_hi_short,,2,,0,,,,,,,,,,,,,,,,0.8205566568341531,,,,,77.49564956484168,79.85475121578604,46.47309560787873,,,,bull,bull,,,,,,,sl_hit,,,-0.081,,,,binance,1.0,backfilled from tiered_trades.csv; signal-TF rsi=77.49564956484168; atr_rank=0.2; dist_ema200=79.85475121578604
ttr-20240220010000-01273,backtest_tiered_raw_all_tf,binance,BTCUSDT,1h,2024-02-20T01:00:00Z,,long,T4c_H1_sweep_lo_long,,4,,0,,,,,,,,,,,,,,,,1.4193389705278865,,,,,30.281623178678288,1.8774361152259145,-0.5407083964032855,,,,bull,bull,,,,,,,tp_hit,,,0.0189999999999999,,,,binance,1.0,backfilled from tiered_trades.csv; signal-TF rsi=30.281623178678288; atr_rank=0.67; dist_ema200=1.8774361152259145
ttr-20240221120000-01274,backtest_tiered_raw_all_tf,binance,BTCUSDT,1h,2024-02-21T12:00:00Z,,long,T4c_H1_sweep_lo_long,,4,,0,,,,,,,,,,,,,,,,1.983740812462836,,,,,31.177299114096627,0.5797243373584886,-0.9472796893190898,,,,bull,bull,,,,,,,sl_hit,,,-0.0109999999999999,,,,binance,1.0,backfilled from tiered_trades.csv; signal-TF rsi=31.177299114096627; atr_rank=0.85; dist_ema200=0.5797243373584886
ttr-20240223140000-01275,backtest_tiered_raw_all_tf,binance,BTCUSDT,1h,2024-02-23T14:00:00Z,,long,T4c_H1_sweep_lo_long,,4,,0,,,,,,,,,,,,,,,,2.4448667784384024,,,,,39.75143700481591,-0.0466361025601372,-0.497764929921196,,,,bull,bull,,,,,,,sl_hit,,,-0.011,,,,binance,1.0,backfilled from tiered_trades.csv; signal-TF rsi=39.75143700481591; atr_rank=0.13; dist_ema200=-0.0466361025601372
ttr-20240225170000-01276,backtest_tiered_raw_all_tf,binance,BTCUSDT,1h,2024-02-25T17:00:00Z,,long,T3b_H1_fail_brkdn_long,,3,,0,,,,,,,,,,,,,,,,0.8460392132900381,,,,,47.26907697994031,0.6589126126920318,0.2495698899921143,,,,bull,bull,,,,,,,sl_hit,,,-0.013,,,,binance,1.0,backfilled from tiered_trades.csv; signal-TF rsi=47.26907697994031; atr_rank=0.21; dist_ema200=0.6589126126920318
ttr-20240229000000-01277,backtest_tiered_raw_all_tf,binance,BTCUSDT,1d,2024-02-29T00:00:00Z,,short,T2c_D_fail_brk_short,,2,,0,,,,,,,,,,,,,,,,1.7338599431730997,,,,,77.91252146773537,54.680983535366025,26.22966104714804,,,84.28869226379162,bull,bull,,1.1686209049852196,,,,,sl_hit,,,-0.041,,,,binance,1.0,backfilled from tiered_trades.csv; signal-TF rsi=77.91252146773537; atr_rank=0.56; dist_ema200=54.680983535366025
ttr-20240302140000-01278,backtest_tiered_raw_all_tf,binance,BTCUSDT,1h,2024-03-02T14:00:00Z,,long,T4c_H1_sweep_lo_long,,4,,0,,,,,,,,,,,,,,,,0.9750369126865346,,,,,37.55486877499889,7.056582130380476,0.2929613605231556,,,,bull,bull,,,,,,,tp_hit,,,0.019,,,,binance,1.0,backfilled from tiered_trades.csv; signal-TF rsi=37.55486877499889; atr_rank=0.02; dist_ema200=7.056582130380476
ttr-20240305170000-01279,backtest_tiered_raw_all_tf,binance,BTCUSDT,1h,2024-03-05T17:00:00Z,,long,T4c_H1_sweep_lo_long,,4,,0,,,,,,,,,,,,,,,,2.0912704660119954,,,,,36.961563745429125,6.614333887576593,-0.3102553341551716,,,,bull,bull,,,,,,,sl_hit,,,-0.0109999999999999,,,,binance,1.0,backfilled from tiered_trades.csv; signal-TF rsi=36.961563745429125; atr_rank=1.0; dist_ema200=6.614333887576593
ttr-20240310230000-01280,backtest_tiered_raw_all_tf,binance,BTCUSDT,1h,2024-03-10T23:00:00Z,,long,T3b_H1_fail_brkdn_long,,3,,0,,,,,,,,,,,,,,,,1.054631760198126,,,,,36.80806794464874,4.394369934904015,0.3223512034937962,,,,bull,bull,,,,,,,sl_hit,,,-0.013,,,,binance,1.0,backfilled from tiered_trades.csv; signal-TF rsi=36.80806794464874; atr_rank=0.5; dist_ema200=4.394369934904015
ttr-20240312000000-01281,backtest_tiered_raw_all_tf,binance,BTCUSDT,1d,2024-03-12T00:00:00Z,,short,T2c_D_fail_brk_short,,2,,0,,,,,,,,,,,,,,,,1.2014680591726328,,,,,75.63635277140384,67.67261274006668,28.560580335234555,,,82.8146126833354,bull,bull,,1.288416121918852,,,,,tp_hit,,,0.079,,,,binance,1.0,backfilled from tiered_trades.csv; signal-TF rsi=75.63635277140384; atr_rank=0.95; dist_ema200=67.67261274006668
ttr-20240312150000-01282,backtest_tiered_raw_all_tf,binance,BTCUSDT,1h,2024-03-12T15:00:00Z,,long,T4c_H1_sweep_lo_long,,4,,0,,,,,,,,,,,,,,,,1.8933290560465128,,,,,39.497621630643536,5.696269569821779,0.8346174413969721,,,,bull,bull,,,,,,,sl_hit,,,-0.011,,,,binance,1.0,backfilled from tiered_trades.csv; signal-TF rsi=39.497621630643536; atr_rank=0.73; dist_ema200=5.696269569821779
ttr-20240312170000-01283,backtest_tiered_raw_all_tf,binance,BTCUSDT,1h,2024-03-12T17:00:00Z,,long,T3b_H1_fail_brkdn_long,,3,,0,,,,,,,,,,,,,,,,3.5183987654115647,,,,,44.074111595132834,4.705280444877444,0.0084674967129108,,,,bull,bull,,,,,,,tp_hit,,,0.0239999999999998,,,,binance,1.0,backfilled from tiered_trades.csv; signal-TF rsi=44.074111595132834; atr_rank=0.94; dist_ema200=4.705280444877444
ttr-20240314160000-01284,backtest_tiered_raw_all_tf,binance,BTCUSDT,1h,2024-03-14T16:00:00Z,,long,T4c_H1_sweep_lo_long,,4,,0,,,,,,,,,,,,,,,,2.636575428534508,,,,,31.84692944241449,2.4307059861710583,-1.432344669948285,,,,bull,bull,,,,,,,sl_hit,,,-0.0109999999999999,,,,binance,1.0,backfilled from tiered_trades.csv; signal-TF rsi=31.84692944241449; atr_rank=0.84; dist_ema200=2.4307059861710583
ttr-20240315080000-01285,backtest_tiered_raw_all_tf,binance,BTCUSDT,4h,2024-03-15T08:00:00Z,,long,T4a_H4_hammer_long,,4,,0,,,,,,,,,,,,,,,,1.8277211943701648,,,,,32.84223783122016,11.779373723500443,-2.5482462390054264,,,,bull,bull,,,,,,,tp_hit,,,0.0289999999999999,,,,binance,1.0,backfilled from tiered_trades.csv; signal-TF rsi=32.84223783122016; atr_rank=0.77; dist_ema200=11.779373723500443
ttr-20240317070000-01286,backtest_tiered_raw_all_tf,binance,BTCUSDT,1h,2024-03-17T07:00:00Z,,long,T4c_H1_sweep_lo_long,,4,,0,,,,,,,,,,,,,,,,1.6781654783616162,,,,,36.98681684737995,-4.768082636655835,-3.29804039618629,,,,bull,bull,,,,,,,tp_hit,,,0.0190000000000001,,,,binance,1.0,backfilled from tiered_trades.csv; signal-TF rsi=36.98681684737995; atr_rank=0.65; dist_ema200=-4.768082636655835
ttr-20240317160000-01287,backtest_tiered_raw_all_tf,binance,BTCUSDT,1h,2024-03-17T16:00:00Z,,short,T4d_H1_fail_brk_short,,4,,0,,,,,,,,,,,,,,,,0.9102419763944608,,,,,63.5805483276857,-1.0910255031097391,0.514169248457387,,,,bull,bull,,,,,,,sl_hit,,,-0.011,,,,binance,1.0,backfilled from tiered_trades.csv; signal-TF rsi=63.5805483276857; atr_rank=0.46; dist_ema200=-1.0910255031097391
ttr-20240319030000-01288,backtest_tiered_raw_all_tf,binance,BTCUSDT,1h,2024-03-19T03:00:00Z,,long,T4c_H1_sweep_lo_long,,4,,0,,,,,,,,,,,,,,,,1.7062789025687373,,,,,32.19064859788453,-3.7381529900143136,-2.4130810222491035,,,,bull,bull,,,,,,,sl_hit,,,-0.0109999999999999,,,,binance,1.0,backfilled from tiered_trades.csv; signal-TF rsi=32.19064859788453; atr_rank=0.55; dist_ema200=-3.7381529900143136
ttr-20240320050000-01289,backtest_tiered_raw_all_tf,binance,BTCUSDT,1h,2024-03-20T05:00:00Z,,long,T4c_H1_sweep_lo_long,,4,,0,,,,,,,,,,,,,,,,1.1705951229381368,,,,,34.93340719154165,-8.556037920982702,-5.024120804405983,,,,bull,bull,,,,,,,tp_hit,,,0.0189999999999999,,,,binance,1.0,backfilled from tiered_trades.csv; signal-TF rsi=34.93340719154165; atr_rank=0.98; dist_ema200=-8.556037920982702
ttr-20240321200000-01290,backtest_tiered_raw_all_tf,binance,BTCUSDT,1h,2024-03-21T20:00:00Z,,long,T4c_H1_sweep_lo_long,,4,,0,,,,,,,,,,,,,,,,1.574695274201313,,,,,32.6227578761046,-2.0195993376066634,-0.5301139479244898,,,,bull,bull,,,,,,,sl_hit,,,-0.011,,,,binance,1.0,backfilled from tiered_trades.csv; signal-TF rsi=32.6227578761046; atr_rank=0.42; dist_ema200=-2.0195993376066634
ttr-20240323150000-01291,backtest_tiered_raw_all_tf,binance,BTCUSDT,1h,2024-03-23T15:00:00Z,,short,T4d_H1_fail_brk_short,,4,,0,,,,,,,,,,,,,,,,1.0685224298109766,,,,,65.97513312342656,-1.3797146627593286,0.6952623787297425,,,,bull,bull,,,,,,,sl_hit,,,-0.0110000000000001,,,,binance,1.0,backfilled from tiered_trades.csv; signal-TF rsi=65.97513312342656; atr_rank=0.03; dist_ema200=-1.3797146627593286
ttr-20240324040000-01292,backtest_tiered_raw_all_tf,binance,BTCUSDT,1h,2024-03-24T04:00:00Z,,long,T4c_H1_sweep_lo_long,,4,,0,,,,,,,,,,,,,,,,0.842224574582916,,,,,37.113273078501344,-2.490149111154408,-0.68622973443167,,,,bull,bull,,,,,,,tp_hit,,,0.019,,,,binance,1.0,backfilled from tiered_trades.csv; signal-TF rsi=37.113273078501344; atr_rank=0.03; dist_ema200=-2.490149111154408
ttr-20240327160000-01293,backtest_tiered_raw_all_tf,binance,BTCUSDT,1h,2024-03-27T16:00:00Z,,long,T4c_H1_sweep_lo_long,,4,,0,,,,,,,,,,,,,,,,1.5181964410703253,,,,,34.53103224008177,2.340378854700927,-0.4764654069475932,,,,bull,bull,,,,,,,sl_hit,,,-0.0110000000000001,,,,binance,1.0,backfilled from tiered_trades.csv; signal-TF rsi=34.53103224008177; atr_rank=0.95; dist_ema200=2.340378854700927
ttr-20240329060000-01294,backtest_tiered_raw_all_tf,binance,BTCUSDT,1h,2024-03-29T06:00:00Z,,long,T3b_H1_fail_brkdn_long,,3,,0,,,,,,,,,,,,,,,,0.5798101350713529,,,,,43.533647476893904,2.862505314504145,0.3108952540527405,,,,bull,bull,,,,,,,sl_hit,,,-0.013,,,,binance,1.0,backfilled from tiered_trades.csv; signal-TF rsi=43.533647476893904; atr_rank=0.01; dist_ema200=2.862505314504145
ttr-20240329100000-01295,backtest_tiered_raw_all_tf,binance,BTCUSDT,1h,2024-03-29T10:00:00Z,,long,T4c_H1_sweep_lo_long,,4,,0,,,,,,,,,,,,,,,,1.1005208110657354,,,,,38.95893146922979,2.297666841839581,-0.0909666482673861,,,,bull,bull,,,,,,,sl_hit,,,-0.011,,,,binance,1.0,backfilled from tiered_trades.csv; signal-TF rsi=38.95893146922979; atr_rank=0.06; dist_ema200=2.297666841839581
ttr-20240401060000-01296,backtest_tiered_raw_all_tf,binance,BTCUSDT,1h,2024-04-01T06:00:00Z,,long,T4c_H1_sweep_lo_long,,4,,0,,,,,,,,,,,,,,,,3.0134000078065,,,,,38.85742460092816,0.3844537464178614,-1.0030051078174351,,,,bull,bull,,,,,,,sl_hit,,,-0.011,,,,binance,1.0,backfilled from tiered_trades.csv; signal-TF rsi=38.85742460092816; atr_rank=0.71; dist_ema200=0.3844537464178614
ttr-20240402100000-01297,backtest_tiered_raw_all_tf,binance,BTCUSDT,1h,2024-04-02T10:00:00Z,,long,T4c_H1_sweep_lo_long,,4,,0,,,,,,,,,,,,,,,,1.0403525476628928,,,,,9.558890208355592,-4.514848720340943,-4.0955431525937245,,,,bull,bull,,,,,,,sl_hit,,,-0.011,,,,binance,1.0,backfilled from tiered_trades.csv; signal-TF rsi=9.558890208355592; atr_rank=0.97; dist_ema200=-4.514848720340943
ttr-20240403090000-01298,backtest_tiered_raw_all_tf,binance,BTCUSDT,1h,2024-04-03T09:00:00Z,,short,T4d_H1_fail_brk_short,,4,,0,,,,,,,,,,,,,,,,0.6567792289357834,,,,,59.6960206964634,-2.8434143840693764,-0.8454650575892538,,,,bull,bull,,,,,,,tp_hit,,,0.019,,,,binance,1.0,backfilled from tiered_trades.csv; signal-TF rsi=59.6960206964634; atr_rank=0.58; dist_ema200=-2.8434143840693764
ttr-20240404040000-01299,backtest_tiered_raw_all_tf,binance,BTCUSDT,1h,2024-04-04T04:00:00Z,,long,T4c_H1_sweep_lo_long,,4,,0,,,,,,,,,,,,,,,,1.0971359030803605,,,,,33.474844759853326,-3.7096094230923775,-1.476177291718536,,,,bull,bull,,,,,,,tp_hit,,,0.019,,,,binance,1.0,backfilled from tiered_trades.csv; signal-TF rsi=33.474844759853326; atr_rank=0.41; dist_ema200=-3.7096094230923775
ttr-20240404150000-01300,backtest_tiered_raw_all_tf,binance,BTCUSDT,1h,2024-04-04T15:00:00Z,,short,T4d_H1_fail_brk_short,,4,,0,,,,,,,,,,,,,,,,1.2915579897924945,,,,,75.76118830332433,-0.3008285240135853,1.7011431865088893,,,,bull,bull,,,,,,,sl_hit,,,-0.0109999999999999,,,,binance,1.0,backfilled from tiered_trades.csv; signal-TF rsi=75.76118830332433; atr_rank=0.36; dist_ema200=-0.3008285240135853
ttr-20240405120000-01301,backtest_tiered_raw_all_tf,binance,BTCUSDT,1h,2024-04-05T12:00:00Z,,long,T4c_H1_sweep_lo_long,,4,,0,,,,,,,,,,,,,,,,1.950533689601717,,,,,39.744733397737605,-1.3671147785299678,-0.3096914275303388,,,,bull,bull,,,,,,,tp_hit,,,0.0189999999999999,,,,binance,1.0,backfilled from tiered_trades.csv; signal-TF rsi=39.744733397737605; atr_rank=0.65; dist_ema200=-1.3671147785299678
ttr-20240409080000-01302,backtest_tiered_raw_all_tf,binance,BTCUSDT,1h,2024-04-09T08:00:00Z,,long,T4c_H1_sweep_lo_long,,4,,0,,,,,,,,,,,,,,,,2.122913268389188,,,,,21.74617692838426,2.1470824198215213,-0.0912197349965027,,,,bull,bull,,,,,,,sl_hit,,,-0.011,,,,binance,1.0,backfilled from tiered_trades.csv; signal-TF rsi=21.74617692838426; atr_rank=0.64; dist_ema200=2.1470824198215213
ttr-20240410120000-01303,backtest_tiered_raw_all_tf,binance,BTCUSDT,4h,2024-04-10T12:00:00Z,,long,T4a_H4_hammer_long,,4,,0,,,,,,,,,,,,,,,,2.187279771117178,,,,,35.30329930782641,2.915587373682805,-0.5920555680570521,,,,bull,bull,,,,,,,tp_hit,,,0.0289999999999999,,,,binance,1.0,backfilled from tiered_trades.csv; signal-TF rsi=35.30329930782641; atr_rank=0.55; dist_ema200=2.915587373682805
ttr-20240410130000-01304,backtest_tiered_raw_all_tf,binance,BTCUSDT,1h,2024-04-10T13:00:00Z,,long,T4c_H1_sweep_lo_long,,4,,0,,,,,,,,,,,,,,,,2.408921061979205,,,,,37.88783713232187,-1.1765170628383252,-1.9001986099483543,,,,bull,bull,,,,,,,tp_hit,,,0.0189999999999999,,,,binance,1.0,backfilled from tiered_trades.csv; signal-TF rsi=37.88783713232187; atr_rank=0.76; dist_ema200=-1.1765170628383252
ttr-20240415000000-01305,backtest_tiered_raw_all_tf,binance,BTCUSDT,1h,2024-04-15T00:00:00Z,,short,T4d_H1_fail_brk_short,,4,,0,,,,,,,,,,,,,,,,1.0430917815906826,,,,,59.02279924447225,-3.3602365911313417,0.0003997772869958,,,,bull,bull,,,,,,,sl_hit,,,-0.0109999999999999,,,,binance,1.0,backfilled from tiered_trades.csv; signal-TF rsi=59.02279924447225; atr_rank=0.76; dist_ema200=-3.3602365911313417
ttr-20240415190000-01306,backtest_tiered_raw_all_tf,binance,BTCUSDT,1h,2024-04-15T19:00:00Z,,long,T4c_H1_sweep_lo_long,,4,,0,,,,,,,,,,,,,,,,1.6726485562455526,,,,,32.108826002977494,-5.963353595143837,-3.005881448270188,,,,bull,bull,,,,,,,sl_hit,,,-0.011,,,,binance,1.0,backfilled from tiered_trades.csv; signal-TF rsi=32.108826002977494; atr_rank=0.82; dist_ema200=-5.963353595143837
ttr-20240416220000-01307,backtest_tiered_raw_all_tf,binance,BTCUSDT,1h,2024-04-16T22:00:00Z,,short,T4d_H1_fail_brk_short,,4,,0,,,,,,,,,,,,,,,,0.4038942172265712,,,,,54.04137813701863,-3.79236660932625,0.0217304970699172,,,,bull,bull,,,,,,,sl_hit,,,-0.011,,,,binance,1.0,backfilled from tiered_trades.csv; signal-TF rsi=54.04137813701863; atr_rank=0.61; dist_ema200=-3.79236660932625
ttr-20240418120000-01308,backtest_tiered_raw_all_tf,binance,BTCUSDT,1h,2024-04-18T12:00:00Z,,short,T4d_H1_fail_brk_short,,4,,0,,,,,,,,,,,,,,,,1.3140755347532544,,,,,56.90858108314415,-4.223928816028877,-0.1458850607001599,,,,bull,bull,,,,,,,sl_hit,,,-0.0109999999999999,,,,binance,1.0,backfilled from tiered_trades.csv; signal-TF rsi=56.90858108314415; atr_rank=0.16; dist_ema200=-4.223928816028877
ttr-20240421000000-01309,backtest_tiered_raw_all_tf,binance,BTCUSDT,4h,2024-04-21T00:00:00Z,,short,T4b_H4_sstar_short,,4,,0,,,,,,,,,,,,,,,,0.4793278056799449,,,,,61.00708423056517,-1.071750367863036,0.8924977550221924,,,,bull,bull,,,,,,,sl_hit,,,-0.0159999999999998,,,,binance,1.0,backfilled from tiered_trades.csv; signal-TF rsi=61.00708423056517; atr_rank=0.56; dist_ema200=-1.071750367863036
ttr-20240423120000-01310,backtest_tiered_raw_all_tf,binance,BTCUSDT,1h,2024-04-23T12:00:00Z,,long,T4c_H1_sweep_lo_long,,4,,0,,,,,,,,,,,,,,,,1.292238055296706,,,,,32.270565159732826,1.5919621431963495,0.4106278215066744,,,,bull,bull,,,,,,,sl_hit,,,-0.0109999999999999,,,,binance,1.0,backfilled from tiered_trades.csv; signal-TF rsi=32.270565159732826; atr_rank=0.1; dist_ema200=1.5919621431963495
ttr-20240424160000-01311,backtest_tiered_raw_all_tf,binance,BTCUSDT,1h,2024-04-24T16:00:00Z,,long,T4c_H1_sweep_lo_long,,4,,0,,,,,,,,,,,,,,,,1.911282208871219,,,,,25.68214557493441,-0.930104002717578,-2.0221550986667123,,,,bull,bull,,,,,,,sl_hit,,,-0.0109999999999999,,,,binance,1.0,backfilled from tiered_trades.csv; signal-TF rsi=25.68214557493441; atr_rank=0.86; dist_ema200=-0.930104002717578
ttr-20240425130000-01312,backtest_tiered_raw_all_tf,binance,BTCUSDT,1h,2024-04-25T13:00:00Z,,long,T4c_H1_sweep_lo_long,,4,,0,,,,,,,,,,,,,,,,2.7078272939642147,,,,,35.33417402269865,-2.6501308058240447,-2.3301612944755266,,,,bull,bull,,,,,,,tp_hit,,,0.019,,,,binance,1.0,backfilled from tiered_trades.csv; signal-TF rsi=35.33417402269865; atr_rank=0.89; dist_ema200=-2.6501308058240447
ttr-20240428030000-01313,backtest_tiered_raw_all_tf,binance,BTCUSDT,1h,2024-04-28T03:00:00Z,,short,T4d_H1_fail_brk_short,,4,,0,,,,,,,,,,,,,,,,1.912098685942013,,,,,68.59532758838603,-0.7028178463578689,0.6246143466908509,,,,bull,bull,,,,,,,tp_hit,,,0.0189999999999999,,,,binance,1.0,backfilled from tiered_trades.csv; signal-TF rsi=68.59532758838603; atr_rank=0.32; dist_ema200=-0.7028178463578689
ttr-20240428230000-01314,backtest_tiered_raw_all_tf,binance,BTCUSDT,1h,2024-04-28T23:00:00Z,,long,T4c_H1_sweep_lo_long,,4,,0,,,,,,,,,,,,,,,,2.1422153661871435,,,,,33.91412632498627,-1.881716693590164,-0.813977273698022,,,,bull,bull,,,,,,,sl_hit,,,-0.011,,,,binance,1.0,backfilled from tiered_trades.csv; signal-TF rsi=33.91412632498627; atr_rank=0.19; dist_ema200=-1.881716693590164
ttr-20240429230000-01315,backtest_tiered_raw_all_tf,binance,BTCUSDT,1h,2024-04-29T23:00:00Z,,short,T4d_H1_fail_brk_short,,4,,0,,,,,,,,,,,,,,,,1.2377847128944377,,,,,66.74067864452337,-0.2114845227080721,1.1313081000296468,,,,bull,bull,,,,,,,sl_hit,,,-0.011,,,,binance,1.0,backfilled from tiered_trades.csv; signal-TF rsi=66.74067864452337; atr_rank=0.85; dist_ema200=-0.2114845227080721
ttr-20240430100000-01316,backtest_tiered_raw_all_tf,binance,BTCUSDT,1h,2024-04-30T10:00:00Z,,long,T4c_H1_sweep_lo_long,,4,,0,,,,,,,,,,,,,,,,1.3642950016235638,,,,,38.49975286626676,-3.324344649344287,-2.0928598483599323,,,,bull,bull,,,,,,,sl_hit,,,-0.0109999999999999,,,,binance,1.0,backfilled from tiered_trades.csv; signal-TF rsi=38.49975286626676; atr_rank=0.99; dist_ema200=-3.324344649344287
ttr-20240504000000-01317,backtest_tiered_raw_all_tf,binance,BTCUSDT,4h,2024-05-04T00:00:00Z,,short,T4b_H4_sstar_short,,4,,0,,,,,,,,,,,,,,,,0.5140390266256415,,,,,80.1443073820383,-2.069923256564586,2.1477242588159418,,,,bull,bull,,,,,,,sl_hit,,,-0.0159999999999998,,,,binance,1.0,backfilled from tiered_trades.csv; signal-TF rsi=80.1443073820383; atr_rank=0.59; dist_ema200=-2.069923256564586
ttr-20240504000000-01318,backtest_tiered_raw_all_tf,binance,BTCUSDT,4h,2024-05-04T00:00:00Z,,short,T3a_H4_sweep_hi_short_loose,,3,,0,,,,,,,,,,,,,,,,0.5140390266256415,,,,,80.1443073820383,-2.069923256564586,2.1477242588159418,,,,bull,bull,,,,,,,sl_hit,,,-0.0159999999999998,,,,binance,1.0,backfilled from tiered_trades.csv; signal-TF rsi=80.1443073820383; atr_rank=0.59; dist_ema200=-2.069923256564586
ttr-20240508000000-01319,backtest_tiered_raw_all_tf,binance,BTCUSDT,1h,2024-05-08T00:00:00Z,,long,T4c_H1_sweep_lo_long,,4,,0,,,,,,,,,,,,,,,,1.1614113721582653,,,,,32.198587618884844,-0.2886227800151072,-1.3311728088202182,,,,bull,bull,,,,,,,sl_hit,,,-0.0109999999999999,,,,binance,1.0,backfilled from tiered_trades.csv; signal-TF rsi=32.198587618884844; atr_rank=0.76; dist_ema200=-0.2886227800151072
ttr-20240508230000-01320,backtest_tiered_raw_all_tf,binance,BTCUSDT,1h,2024-05-08T23:00:00Z,,long,T4c_H1_sweep_lo_long,,4,,0,,,,,,,,,,,,,,,,1.417905282825465,,,,,29.392351432712644,-2.34109842167958,-2.365417310451738,,,,bull,bull,,,,,,,tp_hit,,,0.019,,,,binance,1.0,backfilled from tiered_trades.csv; signal-TF rsi=29.392351432712644; atr_rank=0.68; dist_ema200=-2.34109842167958
ttr-20240510160000-01321,backtest_tiered_raw_all_tf,binance,BTCUSDT,1h,2024-05-10T16:00:00Z,,long,T4c_H1_sweep_lo_long,,4,,0,,,,,,,,,,,,,,,,2.1328340054495887,,,,,25.034548480545737,-2.29431623611112,-2.104418982941572,,,,bull,bull,,,,,,,sl_hit,,,-0.0109999999999999,,,,binance,1.0,backfilled from tiered_trades.csv; signal-TF rsi=25.034548480545737; atr_rank=0.89; dist_ema200=-2.29431623611112
ttr-20240511160000-01322,backtest_tiered_raw_all_tf,binance,BTCUSDT,1h,2024-05-11T16:00:00Z,,short,T4d_H1_fail_brk_short,,4,,0,,,,,,,,,,,,,,,,1.4414915291847978,,,,,58.52503232134103,-1.5226396740145107,-0.384493643269073,,,,bull,bull,,,,,,,sl_hit,,,-0.011,,,,binance,1.0,backfilled from tiered_trades.csv; signal-TF rsi=58.52503232134103; atr_rank=0.07; dist_ema200=-1.5226396740145107
ttr-20240512160000-01323,backtest_tiered_raw_all_tf,binance,BTCUSDT,1h,2024-05-12T16:00:00Z,,short,T4d_H1_fail_brk_short,,4,,0,,,,,,,,,,,,,,,,3.508784822785493,,,,,66.10674990728137,-0.9195642180374376,0.2106123439025747,,,,bull,bull,,,,,,,sl_hit,,,-0.011,,,,binance,1.0,backfilled from tiered_trades.csv; signal-TF rsi=66.10674990728137; atr_rank=0.17; dist_ema200=-0.9195642180374376
ttr-20240516180000-01324,backtest_tiered_raw_all_tf,binance,BTCUSDT,1h,2024-05-16T18:00:00Z,,long,T3b_H1_fail_brkdn_long,,3,,0,,,,,,,,,,,,,,,,1.1261101520359136,,,,,41.03099151568008,3.422249112101716,0.7466194866280332,,,,bull,bull,,,,,,,tp_hit,,,0.0239999999999999,,,,binance,1.0,backfilled from tiered_trades.csv; signal-TF rsi=41.03099151568008; atr_rank=0.69; dist_ema200=3.422249112101716
ttr-20240521000000-01325,backtest_tiered_raw_all_tf,binance,BTCUSDT,1d,2024-05-21T00:00:00Z,,short,T2c_D_fail_brk_short,,2,,0,,,,,,,,,,,,,,,,1.6278299351574177,,,,,66.75366768291377,29.510062441238627,8.958375563059086,,,69.46111842108392,bull,bull,,1.0549534880912537,,,,,time,,,0.007672193811001,,,,binance,1.0,backfilled from tiered_trades.csv; signal-TF rsi=66.75366768291377; atr_rank=0.26; dist_ema200=29.510062441238627
ttr-20240521180000-01326,backtest_tiered_raw_all_tf,binance,BTCUSDT,1h,2024-05-21T18:00:00Z,,long,T4c_H1_sweep_lo_long,,4,,0,,,,,,,,,,,,,,,,0.3586466124413376,,,,,32.00418468591559,5.061254656510677,0.9108295287604262,,,,bull,bull,,,,,,,sl_hit,,,-0.0109999999999999,,,,binance,1.0,backfilled from tiered_trades.csv; signal-TF rsi=32.00418468591559; atr_rank=0.67; dist_ema200=5.061254656510677
ttr-20240521200000-01327,backtest_tiered_raw_all_tf,binance,BTCUSDT,1h,2024-05-21T20:00:00Z,,long,T3b_H1_fail_brkdn_long,,3,,0,,,,,,,,,,,,,,,,0.4963950295265548,,,,,29.92330005323366,4.811710039804153,0.7275138763382897,,,,bull,bull,,,,,,,sl_hit,,,-0.013,,,,binance,1.0,backfilled from tiered_trades.csv; signal-TF rsi=29.92330005323366; atr_rank=0.79; dist_ema200=4.811710039804153
ttr-20240523200000-01328,backtest_tiered_raw_all_tf,binance,BTCUSDT,1h,2024-05-23T20:00:00Z,,long,T4c_H1_sweep_lo_long,,4,,0,,,,,,,,,,,,,,,,2.979855465138811,,,,,31.891081421189316,0.3090055736406812,-1.8386252007250847,,,,bull,bull,,,,,,,sl_hit,,,-0.011,,,,binance,1.0,backfilled from tiered_trades.csv; signal-TF rsi=31.891081421189316; atr_rank=0.94; dist_ema200=0.3090055736406812
ttr-20240529160000-01329,backtest_tiered_raw_all_tf,binance,BTCUSDT,1h,2024-05-29T16:00:00Z,,long,T4c_H1_sweep_lo_long,,4,,0,,,,,,,,,,,,,,,,1.558429254909821,,,,,25.484271487240264,-1.1188792254273467,-1.1126660209007777,,,,bull,bull,,,,,,,tp_hit,,,0.019,,,,binance,1.0,backfilled from tiered_trades.csv; signal-TF rsi=25.484271487240264; atr_rank=0.62; dist_ema200=-1.1188792254273467
ttr-20240531100000-01330,backtest_tiered_raw_all_tf,binance,BTCUSDT,1h,2024-05-31T10:00:00Z,,long,T3b_H1_fail_brkdn_long,,3,,0,,,,,,,,,,,,,,,,0.9304309310964736,,,,,44.90296118447378,0.0894723340404027,0.0869858313789217,,,,bull,bull,,,,,,,sl_hit,,,-0.013,,,,binance,1.0,backfilled from tiered_trades.csv; signal-TF rsi=44.90296118447378; atr_rank=0.01; dist_ema200=0.0894723340404027
ttr-20240531160000-01331,backtest_tiered_raw_all_tf,binance,BTCUSDT,1h,2024-05-31T16:00:00Z,,long,T4c_H1_sweep_lo_long,,4,,0,,,,,,,,,,,,,,,,2.605939848774688,,,,,25.43268455096127,-1.5327670140470038,-1.4257603797557357,,,,bull,bull,,,,,,,time,,,0.0124467241894757,,,,binance,1.0,backfilled from tiered_trades.csv; signal-TF rsi=25.43268455096127; atr_rank=0.39; dist_ema200=-1.5327670140470038
ttr-20240602100000-01332,backtest_tiered_raw_all_tf,binance,BTCUSDT,1h,2024-06-02T10:00:00Z,,long,T4c_H1_sweep_lo_long,,4,,0,,,,,,,,,,,,,,,,1.0304151109105362,,,,,37.28255579835358,-0.7750320160339854,-0.393889720711204,,,,bull,bull,,,,,,,tp_hit,,,0.019,,,,binance,1.0,backfilled from tiered_trades.csv; signal-TF rsi=37.28255579835358; atr_rank=0.22; dist_ema200=-0.7750320160339854
ttr-20240602120000-01333,backtest_tiered_raw_all_tf,binance,BTCUSDT,1h,2024-06-02T12:00:00Z,,short,T4d_H1_fail_brk_short,,4,,0,,,,,,,,,,,,,,,,2.1097787180302787,,,,,54.148260122987786,-0.1809632849451092,0.1701875832083066,,,,bull,bull,,,,,,,sl_hit,,,-0.011,,,,binance,1.0,backfilled from tiered_trades.csv; signal-TF rsi=54.148260122987786; atr_rank=0.29; dist_ema200=-0.1809632849451092
ttr-20240609030000-01334,backtest_tiered_raw_all_tf,binance,BTCUSDT,1h,2024-06-09T03:00:00Z,,long,T4c_H1_sweep_lo_long,,4,,0,,,,,,,,,,,,,,,,0.8361002509209842,,,,,36.7855261935017,-0.5590355973789015,-0.7299650400258454,,,,bull,bull,,,,,,,sl_hit,,,-0.011,,,,binance,1.0,backfilled from tiered_trades.csv; signal-TF rsi=36.7855261935017; atr_rank=0.01; dist_ema200=-0.5590355973789015
ttr-20240609130000-01335,backtest_tiered_raw_all_tf,binance,BTCUSDT,1h,2024-06-09T13:00:00Z,,short,T4d_H1_fail_brk_short,,4,,0,,,,,,,,,,,,,,,,4.382346572134315,,,,,56.460597657893786,-0.2259404545419893,-0.2581565139094137,,,,bull,bull,,,,,,,sl_hit,,,-0.011,,,,binance,1.0,backfilled from tiered_trades.csv; signal-TF rsi=56.460597657893786; atr_rank=0.21; dist_ema200=-0.2259404545419893
ttr-20240610090000-01336,backtest_tiered_raw_all_tf,binance,BTCUSDT,1h,2024-06-10T09:00:00Z,,long,T4c_H1_sweep_lo_long,,4,,0,,,,,,,,,,,,,,,,1.551745133195604,,,,,38.58815276011773,-0.2404701139542254,-0.2254416177533482,,,,bull,bull,,,,,,,sl_hit,,,-0.011,,,,binance,1.0,backfilled from tiered_trades.csv; signal-TF rsi=38.58815276011773; atr_rank=0.45; dist_ema200=-0.2404701139542254
ttr-20240611080000-01337,backtest_tiered_raw_all_tf,binance,BTCUSDT,1h,2024-06-11T08:00:00Z,,long,T4c_H1_sweep_lo_long,,4,,0,,,,,,,,,,,,,,,,1.0842623342104492,,,,,12.27189443143854,-2.847325350136405,-2.3894884163471484,,,,bull,bull,,,,,,,sl_hit,,,-0.0109999999999999,,,,binance,1.0,backfilled from tiered_trades.csv; signal-TF rsi=12.27189443143854; atr_rank=0.89; dist_ema200=-2.847325350136405
ttr-20240612110000-01338,backtest_tiered_raw_all_tf,binance,BTCUSDT,1h,2024-06-12T11:00:00Z,,short,T4d_H1_fail_brk_short,,4,,0,,,,,,,,,,,,,,,,0.855150879283849,,,,,60.28765115426884,-1.7123987596006294,-0.2271586882995986,,,,bull,bull,,,,,,,sl_hit,,,-0.0109999999999999,,,,binance,1.0,backfilled from tiered_trades.csv; signal-TF rsi=60.28765115426884; atr_rank=0.62; dist_ema200=-1.7123987596006294
ttr-20240613160000-01339,backtest_tiered_raw_all_tf,binance,BTCUSDT,1h,2024-06-13T16:00:00Z,,long,T4c_H1_sweep_lo_long,,4,,0,,,,,,,,,,,,,,,,1.76719630447431,,,,,39.32909765406357,-2.558499224304902,-1.3639249210335618,,,,bull,bull,,,,,,,sl_hit,,,-0.0109999999999999,,,,binance,1.0,backfilled from tiered_trades.csv; signal-TF rsi=39.32909765406357; atr_rank=0.87; dist_ema200=-2.558499224304902
ttr-20240614180000-01340,backtest_tiered_raw_all_tf,binance,BTCUSDT,1h,2024-06-14T18:00:00Z,,long,T4c_H1_sweep_lo_long,,4,,0,,,,,,,,,,,,,,,,1.3777324077507012,,,,,31.597270446191388,-4.015400561257153,-2.3144822184493266,,,,bull,bull,,,,,,,time,,,0.0152558174494103,,,,binance,1.0,backfilled from tiered_trades.csv; signal-TF rsi=31.597270446191388; atr_rank=0.59; dist_ema200=-4.015400561257153
ttr-20240616110000-01341,backtest_tiered_raw_all_tf,binance,BTCUSDT,1h,2024-06-16T11:00:00Z,,short,T4d_H1_fail_brk_short,,4,,0,,,,,,,,,,,,,,,,1.2407358784009086,,,,,66.59531626970536,-1.600674528661327,0.132992941998031,,,,bull,bull,,,,,,,tp_hit,,,0.0189999999999999,,,,binance,1.0,backfilled from tiered_trades.csv; signal-TF rsi=66.59531626970536; atr_rank=0.14; dist_ema200=-1.600674528661327
ttr-20240617100000-01342,backtest_tiered_raw_all_tf,binance,BTCUSDT,1h,2024-06-17T10:00:00Z,,long,T4c_H1_sweep_lo_long,,4,,0,,,,,,,,,,,,,,,,2.1390067959415826,,,,,34.43769373837574,-2.1483679331627523,-0.7453541969661777,,,,bull,bull,,,,,,,sl_hit,,,-0.0109999999999999,,,,binance,1.0,backfilled from tiered_trades.csv; signal-TF rsi=34.43769373837574; atr_rank=0.62; dist_ema200=-2.1483679331627523
ttr-20240617190000-01343,backtest_tiered_raw_all_tf,binance,BTCUSDT,1h,2024-06-17T19:00:00Z,,short,T4d_H1_fail_brk_short,,4,,0,,,,,,,,,,,,,,,,0.9004468293663975,,,,,54.11811962957868,-0.7863581750228393,0.6269158610189657,,,,bull,bull,,,,,,,tp_hit,,,0.019,,,,binance,1.0,backfilled from tiered_trades.csv; signal-TF rsi=54.11811962957868; atr_rank=0.9; dist_ema200=-0.7863581750228393
ttr-20240618150000-01344,backtest_tiered_raw_all_tf,binance,BTCUSDT,1h,2024-06-18T15:00:00Z,,long,T4c_H1_sweep_lo_long,,4,,0,,,,,,,,,,,,,,,,1.5410096151395796,,,,,39.03214067889562,-3.307751069784167,-1.7188998697698494,,,,bull,bull,,,,,,,tp_hit,,,0.0190000000000001,,,,binance,1.0,backfilled from tiered_trades.csv; signal-TF rsi=39.03214067889562; atr_rank=0.72; dist_ema200=-3.307751069784167
ttr-20240619200000-01345,backtest_tiered_raw_all_tf,binance,BTCUSDT,1h,2024-06-19T20:00:00Z,,long,T4c_H1_sweep_lo_long,,4,,0,,,,,,,,,,,,,,,,0.6536224741179346,,,,,28.93524569689144,-2.3874422143353105,-0.7007497297409844,,,,bull,bull,,,,,,,tp_hit,,,0.0189999999999999,,,,binance,1.0,backfilled from tiered_trades.csv; signal-TF rsi=28.93524569689144; atr_rank=0.44; dist_ema200=-2.3874422143353105
ttr-20240620080000-01346,backtest_tiered_raw_all_tf,binance,BTCUSDT,1h,2024-06-20T08:00:00Z,,short,T4d_H1_fail_brk_short,,4,,0,,,,,,,,,,,,,,,,1.0448865044078006,,,,,71.11210482651535,-0.9614312579509714,0.559793302684761,,,,bull,bull,,,,,,,sl_hit,,,-0.011,,,,binance,1.0,backfilled from tiered_trades.csv; signal-TF rsi=71.11210482651535; atr_rank=0.35; dist_ema200=-0.9614312579509714
ttr-20240621120000-01347,backtest_tiered_raw_all_tf,binance,BTCUSDT,1h,2024-06-21T12:00:00Z,,long,T4c_H1_sweep_lo_long,,4,,0,,,,,,,,,,,,,,,,1.3288068017299512,,,,,29.223230178644258,-3.2235429127429973,-1.6125285295060447,,,,bull,bull,,,,,,,time,,,0.0075950561349915,,,,binance,1.0,backfilled from tiered_trades.csv; signal-TF rsi=29.223230178644258; atr_rank=0.59; dist_ema200=-3.2235429127429973
ttr-20240623210000-01348,backtest_tiered_raw_all_tf,binance,BTCUSDT,1h,2024-06-23T21:00:00Z,,long,T4c_H1_sweep_lo_long,,4,,0,,,,,,,,,,,,,,,,1.971121452998148,,,,,30.03303332726765,-2.086989502656036,-0.6964500895332124,,,,bull,bull,,,,,,,sl_hit,,,-0.011,,,,binance,1.0,backfilled from tiered_trades.csv; signal-TF rsi=30.03303332726765; atr_rank=0.36; dist_ema200=-2.086989502656036
ttr-20240624180000-01349,backtest_tiered_raw_all_tf,binance,BTCUSDT,1h,2024-06-24T18:00:00Z,,long,T4c_H1_sweep_lo_long,,4,,0,,,,,,,,,,,,,,,,1.160701197471977,,,,,24.20588060386196,-6.4554934163997695,-3.854422962760645,,,,bull,bull,,,,,,,sl_hit,,,-0.011,,,,binance,1.0,backfilled from tiered_trades.csv; signal-TF rsi=24.20588060386196; atr_rank=1.0; dist_ema200=-6.4554934163997695
ttr-20240625150000-01350,backtest_tiered_raw_all_tf,binance,BTCUSDT,1h,2024-06-25T15:00:00Z,,short,T4d_H1_fail_brk_short,,4,,0,,,,,,,,,,,,,,,,1.8333414982351963,,,,,67.52407898865599,-3.230724360612628,0.0793660622640757,,,,bull,bull,,,,,,,sl_hit,,,-0.0109999999999999,,,,binance,1.0,backfilled from tiered_trades.csv; signal-TF rsi=67.52407898865599; atr_rank=0.7; dist_ema200=-3.230724360612628
ttr-20240626170000-01351,backtest_tiered_raw_all_tf,binance,BTCUSDT,1h,2024-06-26T17:00:00Z,,long,T4c_H1_sweep_lo_long,,4,,0,,,,,,,,,,,,,,,,1.832615771020332,,,,,32.896844367123734,-3.351310411427987,-0.6929116351306455,,,,bull,bull,,,,,,,sl_hit,,,-0.0109999999999999,,,,binance,1.0,backfilled from tiered_trades.csv; signal-TF rsi=32.896844367123734; atr_rank=0.49; dist_ema200=-3.351310411427987
ttr-20240627140000-01352,backtest_tiered_raw_all_tf,binance,BTCUSDT,1h,2024-06-27T14:00:00Z,,short,T4d_H1_fail_brk_short,,4,,0,,,,,,,,,,,,,,,,2.5397226781824567,,,,,65.41224176938198,-1.9163392011990952,0.5955459123125587,,,,bull,bull,,,,,,,tp_hit,,,0.0189999999999999,,,,binance,1.0,backfilled from tiered_trades.csv; signal-TF rsi=65.41224176938198; atr_rank=0.4; dist_ema200=-1.9163392011990952
ttr-20240628150000-01353,backtest_tiered_raw_all_tf,binance,BTCUSDT,1h,2024-06-28T15:00:00Z,,long,T4c_H1_sweep_lo_long,,4,,0,,,,,,,,,,,,,,,,1.3799952852398112,,,,,26.66391763788953,-2.5071025380833984,-0.6613130408095749,,,,bull,bull,,,,,,,sl_hit,,,-0.011,,,,binance,1.0,backfilled from tiered_trades.csv; signal-TF rsi=26.66391763788953; atr_rank=0.57; dist_ema200=-2.5071025380833984
ttr-20240630050000-01354,backtest_tiered_raw_all_tf,binance,BTCUSDT,1h,2024-06-30T05:00:00Z,,long,T4c_H1_sweep_lo_long,,4,,0,,,,,,,,,,,,,,,,0.7139932491741541,,,,,26.559308487019564,-2.0720852415006026,-0.39096249685367,,,,bull,bull,,,,,,,tp_hit,,,0.0189999999999999,,,,binance,1.0,backfilled from tiered_trades.csv; signal-TF rsi=26.559308487019564; atr_rank=0.01; dist_ema200=-2.0720852415006026
ttr-20240630080000-01355,backtest_tiered_raw_all_tf,binance,BTCUSDT,1h,2024-06-30T08:00:00Z,,short,T4d_H1_fail_brk_short,,4,,0,,,,,,,,,,,,,,,,1.50029609710569,,,,,69.15622711328673,-0.803880517361211,0.799358646781797,,,,bull,bull,,,,,,,sl_hit,,,-0.0109999999999999,,,,binance,1.0,backfilled from tiered_trades.csv; signal-TF rsi=69.15622711328673; atr_rank=0.24; dist_ema200=-0.803880517361211
ttr-20240701160000-01356,backtest_tiered_raw_all_tf,binance,BTCUSDT,4h,2024-07-01T16:00:00Z,,short,T4b_H4_sstar_short,,4,,0,,,,,,,,,,,,,,,,1.6561383719238985,,,,,75.96485953346475,-2.2991384371126022,1.578748577856379,,,,bull,bull,,,,,,,tp_hit,,,0.029,,,,binance,1.0,backfilled from tiered_trades.csv; signal-TF rsi=75.96485953346475; atr_rank=0.37; dist_ema200=-2.2991384371126022
ttr-20240701160000-01357,backtest_tiered_raw_all_tf,binance,BTCUSDT,4h,2024-07-01T16:00:00Z,,short,T3a_H4_sweep_hi_short_loose,,3,,0,,,,,,,,,,,,,,,,1.6561383719238985,,,,,75.96485953346475,-2.2991384371126022,1.578748577856379,,,,bull,bull,,,,,,,tp_hit,,,0.029,,,,binance,1.0,backfilled from tiered_trades.csv; signal-TF rsi=75.96485953346475; atr_rank=0.37; dist_ema200=-2.2991384371126022
ttr-20240702080000-01358,backtest_tiered_raw_all_tf,binance,BTCUSDT,1h,2024-07-02T08:00:00Z,,long,T4c_H1_sweep_lo_long,,4,,0,,,,,,,,,,,,,,,,1.370959079105793,,,,,20.662443568956903,0.5517659625297865,0.0782921413722824,,,,bull,bull,,,,,,,sl_hit,,,-0.011,,,,binance,1.0,backfilled from tiered_trades.csv; signal-TF rsi=20.662443568956903; atr_rank=0.38; dist_ema200=0.5517659625297865
ttr-20240703090000-01359,backtest_tiered_raw_all_tf,binance,BTCUSDT,1h,2024-07-03T09:00:00Z,,long,T4c_H1_sweep_lo_long,,4,,0,,,,,,,,,,,,,,,,1.3016687936711762,,,,,23.611479518110656,-2.5655627504096152,-2.233696645127273,,,,bull,bull,,,,,,,sl_hit,,,-0.011,,,,binance,1.0,backfilled from tiered_trades.csv; signal-TF rsi=23.611479518110656; atr_rank=0.75; dist_ema200=-2.5655627504096152
ttr-20240704090000-01360,backtest_tiered_raw_all_tf,binance,BTCUSDT,1h,2024-07-04T09:00:00Z,,long,T4c_H1_sweep_lo_long,,4,,0,,,,,,,,,,,,,,,,2.6692578146700843,,,,,30.69308521104988,-6.307099705130838,-4.36054695982557,,,,bull,bull,,,,,,,sl_hit,,,-0.011,,,,binance,1.0,backfilled from tiered_trades.csv; signal-TF rsi=30.69308521104988; atr_rank=1.0; dist_ema200=-6.307099705130838
ttr-20240706170000-01361,backtest_tiered_raw_all_tf,binance,BTCUSDT,1h,2024-07-06T17:00:00Z,,short,T4d_H1_fail_brk_short,,4,,0,,,,,,,,,,,,,,,,0.8279292793009027,,,,,81.74181038881504,-2.5326295626175943,1.6577647210563835,,,,bull,bull,,,,,,,tp_hit,,,0.019,,,,binance,1.0,backfilled from tiered_trades.csv; signal-TF rsi=81.74181038881504; atr_rank=0.3; dist_ema200=-2.5326295626175943
ttr-20240708000000-01362,backtest_tiered_raw_all_tf,binance,BTCUSDT,1w,2024-07-08T00:00:00Z,,long,T1b_W_rsi_os_long,,1,,0,,,,,,,,,,,,,,,,0.7185613184505804,,,,,38.74596430980432,71.7772928531769,17.65782590215716,,,,bull,bull,,,,,,,sl_hit,,,-0.1009999999999999,,,,binance,1.0,backfilled from tiered_trades.csv; signal-TF rsi=38.74596430980432; atr_rank=0.71; dist_ema200=71.7772928531769
ttr-20240708090000-01363,backtest_tiered_raw_all_tf,binance,BTCUSDT,1h,2024-07-08T09:00:00Z,,short,T4d_H1_fail_brk_short,,4,,0,,,,,,,,,,,,,,,,2.1642627270676598,,,,,52.99027646639832,-1.9282879205599024,1.2894073139034696,,,,bull,bull,,,,,,,tp_hit,,,0.0189999999999999,,,,binance,1.0,backfilled from tiered_trades.csv; signal-TF rsi=52.99027646639832; atr_rank=0.85; dist_ema200=-1.9282879205599024
ttr-20240710200000-01364,backtest_tiered_raw_all_tf,binance,BTCUSDT,1h,2024-07-10T20:00:00Z,,long,T4c_H1_sweep_lo_long,,4,,0,,,,,,,,,,,,,,,,0.6692969149234299,,,,,8.433165482012498,-1.3047102721422246,-0.503783726647475,,,,bull,bull,,,,,,,tp_hit,,,0.019,,,,binance,1.0,backfilled from tiered_trades.csv; signal-TF rsi=8.433165482012498; atr_rank=0.31; dist_ema200=-1.3047102721422246
ttr-20240714080000-01365,backtest_tiered_raw_all_tf,binance,BTCUSDT,4h,2024-07-14T08:00:00Z,,short,T3a_H4_sweep_hi_short_loose,,3,,0,,,,,,,,,,,,,,,,0.7781503901778286,,,,,81.70019726221545,-1.7694918829207325,3.134385820683495,,,,bull,bull,,,,,,,sl_hit,,,-0.0159999999999998,,,,binance,1.0,backfilled from tiered_trades.csv; signal-TF rsi=81.70019726221545; atr_rank=0.34; dist_ema200=-1.7694918829207325
ttr-20240714080000-01366,backtest_tiered_raw_all_tf,binance,BTCUSDT,4h,2024-07-14T08:00:00Z,,short,T4b_H4_sstar_short,,4,,0,,,,,,,,,,,,,,,,0.7781503901778286,,,,,81.70019726221545,-1.7694918829207325,3.134385820683495,,,,bull,bull,,,,,,,sl_hit,,,-0.0159999999999998,,,,binance,1.0,backfilled from tiered_trades.csv; signal-TF rsi=81.70019726221545; atr_rank=0.34; dist_ema200=-1.7694918829207325
ttr-20240718160000-01367,backtest_tiered_raw_all_tf,binance,BTCUSDT,1h,2024-07-18T16:00:00Z,,long,T4c_H1_sweep_lo_long,,4,,0,,,,,,,,,,,,,,,,1.685024544552971,,,,,39.3051535384806,3.213021987209326,-0.74170519943991,,,,bull,bull,,,,,,,sl_hit,,,-0.011,,,,binance,1.0,backfilled from tiered_trades.csv; signal-TF rsi=39.3051535384806; atr_rank=0.2; dist_ema200=3.213021987209326
ttr-20240722150000-01368,backtest_tiered_raw_all_tf,binance,BTCUSDT,1h,2024-07-22T15:00:00Z,,long,T4c_H1_sweep_lo_long,,4,,0,,,,,,,,,,,,,,,,1.1514892647239776,,,,,37.95268978030606,3.460612525470832,-0.0913092880922995,,,,bull,bull,,,,,,,sl_hit,,,-0.0109999999999999,,,,binance,1.0,backfilled from tiered_trades.csv; signal-TF rsi=37.95268978030606; atr_rank=0.55; dist_ema200=3.460612525470832
ttr-20240723070000-01369,backtest_tiered_raw_all_tf,binance,BTCUSDT,1h,2024-07-23T07:00:00Z,,long,T4c_H1_sweep_lo_long,,4,,0,,,,,,,,,,,,,,,,0.9965679039237528,,,,,36.21942628320007,2.1193228293548483,-0.9389453018596232,,,,bull,bull,,,,,,,sl_hit,,,-0.0109999999999999,,,,binance,1.0,backfilled from tiered_trades.csv; signal-TF rsi=36.21942628320007; atr_rank=0.54; dist_ema200=2.1193228293548483
ttr-20240723140000-01370,backtest_tiered_raw_all_tf,binance,BTCUSDT,1h,2024-07-23T14:00:00Z,,long,T3b_H1_fail_brkdn_long,,3,,0,,,,,,,,,,,,,,,,2.089289517361357,,,,,46.7463462936814,2.953981571580061,0.2020954782874778,,,,bull,bull,,,,,,,sl_hit,,,-0.013,,,,binance,1.0,backfilled from tiered_trades.csv; signal-TF rsi=46.7463462936814; atr_rank=0.69; dist_ema200=2.953981571580061
ttr-20240724230000-01371,backtest_tiered_raw_all_tf,binance,BTCUSDT,1h,2024-07-24T23:00:00Z,,long,T4c_H1_sweep_lo_long,,4,,0,,,,,,,,,,,,,,,,0.589218186528195,,,,,37.470579582229824,-0.1870366726069735,-1.382092594373526,,,,bull,bull,,,,,,,sl_hit,,,-0.0109999999999999,,,,binance,1.0,backfilled from tiered_trades.csv; signal-TF rsi=37.470579582229824; atr_rank=0.78; dist_ema200=-0.1870366726069735
ttr-20240725040000-01372,backtest_tiered_raw_all_tf,binance,BTCUSDT,4h,2024-07-25T04:00:00Z,,long,T4a_H4_hammer_long,,4,,0,,,,,,,,,,,,,,,,0.8872738357664959,,,,,18.200160589652384,1.37998593591756,-1.9126305377670163,,,,bull,bull,,,,,,,tp_hit,,,0.029,,,,binance,1.0,backfilled from tiered_trades.csv; signal-TF rsi=18.200160589652384; atr_rank=0.39; dist_ema200=1.37998593591756
ttr-20240725140000-01373,backtest_tiered_raw_all_tf,binance,BTCUSDT,1h,2024-07-25T14:00:00Z,,long,T4c_H1_sweep_lo_long,,4,,0,,,,,,,,,,,,,,,,2.141695044337897,,,,,39.386880823320766,-0.7683839863714373,-0.8718806083903173,,,,bull,bull,,,,,,,tp_hit,,,0.0189999999999999,,,,binance,1.0,backfilled from tiered_trades.csv; signal-TF rsi=39.386880823320766; atr_rank=0.68; dist_ema200=-0.7683839863714373
ttr-20240729170000-01374,backtest_tiered_raw_all_tf,binance,BTCUSDT,1h,2024-07-29T17:00:00Z,,long,T4c_H1_sweep_lo_long,,4,,0,,,,,,,,,,,,,,,,1.9137552629299204,,,,,19.9041615164883,0.0095717489504075,-1.956901063196791,,,,bull,bull,,,,,,,sl_hit,,,-0.0110000000000001,,,,binance,1.0,backfilled from tiered_trades.csv; signal-TF rsi=19.9041615164883; atr_rank=0.78; dist_ema200=0.0095717489504075
ttr-20240730000000-01375,backtest_tiered_raw_all_tf,binance,BTCUSDT,4h,2024-07-30T00:00:00Z,,long,T4a_H4_hammer_long,,4,,0,,,,,,,,,,,,,,,,1.3682774167442786,,,,,36.68879776085396,3.519401033399129,-0.561233199480444,,,,bull,bull,,,,,,,sl_hit,,,-0.0159999999999999,,,,binance,1.0,backfilled from tiered_trades.csv; signal-TF rsi=36.68879776085396; atr_rank=0.84; dist_ema200=3.519401033399129
ttr-20240730200000-01376,backtest_tiered_raw_all_tf,binance,BTCUSDT,1h,2024-07-30T20:00:00Z,,long,T4c_H1_sweep_lo_long,,4,,0,,,,,,,,,,,,,,,,1.8529929933125504,,,,,39.16284875073809,-1.0723912702342542,-1.3797946545511175,,,,bull,bull,,,,,,,sl_hit,,,-0.011,,,,binance,1.0,backfilled from tiered_trades.csv; signal-TF rsi=39.16284875073809; atr_rank=0.7; dist_ema200=-1.0723912702342542
ttr-20240731210000-01377,backtest_tiered_raw_all_tf,binance,BTCUSDT,1h,2024-07-31T21:00:00Z,,long,T4c_H1_sweep_lo_long,,4,,0,,,,,,,,,,,,,,,,1.4321495419017938,,,,,33.886819780674514,-2.618223284480494,-2.202719401485202,,,,bull,bull,,,,,,,sl_hit,,,-0.0109999999999999,,,,binance,1.0,backfilled from tiered_trades.csv; signal-TF rsi=33.886819780674514; atr_rank=0.77; dist_ema200=-2.618223284480494
ttr-20240802150000-01378,backtest_tiered_raw_all_tf,binance,BTCUSDT,1h,2024-08-02T15:00:00Z,,long,T4c_H1_sweep_lo_long,,4,,0,,,,,,,,,,,,,,,,2.906744658087392,,,,,38.53920919259653,-3.772876493909507,-2.0301558896212377,,,,bull,bull,,,,,,,sl_hit,,,-0.011,,,,binance,1.0,backfilled from tiered_trades.csv; signal-TF rsi=38.53920919259653; atr_rank=0.98; dist_ema200=-3.772876493909507
ttr-20240803210000-01379,backtest_tiered_raw_all_tf,binance,BTCUSDT,1h,2024-08-03T21:00:00Z,,long,T4c_H1_sweep_lo_long,,4,,0,,,,,,,,,,,,,,,,1.4427935010707091,,,,,30.829467124939924,-6.382159316831952,-2.843042031705399,,,,bull,bull,,,,,,,sl_hit,,,-0.011,,,,binance,1.0,backfilled from tiered_trades.csv; signal-TF rsi=30.829467124939924; atr_rank=0.55; dist_ema200=-6.382159316831952
ttr-20240806010000-01380,backtest_tiered_raw_all_tf,binance,BTCUSDT,1h,2024-08-06T01:00:00Z,,short,T4d_H1_fail_brk_short,,4,,0,,,,,,,,,,,,,,,,0.4938101123991474,,,,,66.52077768599528,-9.18809296806086,-0.8027096255824879,,,,bull,bull,,,,,,,tp_hit,,,0.019,,,,binance,1.0,backfilled from tiered_trades.csv; signal-TF rsi=66.52077768599528; atr_rank=0.81; dist_ema200=-9.18809296806086
ttr-20240807090000-01381,backtest_tiered_raw_all_tf,binance,BTCUSDT,1h,2024-08-07T09:00:00Z,,short,T4d_H1_fail_brk_short,,4,,0,,,,,,,,,,,,,,,,1.0493562971774362,,,,,59.79620908679552,-4.363266351117152,1.7696902515165265,,,,bull,bull,,,,,,,tp_hit,,,0.019,,,,binance,1.0,backfilled from tiered_trades.csv; signal-TF rsi=59.79620908679552; atr_rank=0.39; dist_ema200=-4.363266351117152
ttr-20240807200000-01382,backtest_tiered_raw_all_tf,binance,BTCUSDT,1h,2024-08-07T20:00:00Z,,long,T4c_H1_sweep_lo_long,,4,,0,,,,,,,,,,,,,,,,1.0810472296875302,,,,,29.89428644535209,-7.418790378915811,-1.9205459620699965,,,,bull,bull,,,,,,,sl_hit,,,-0.0109999999999999,,,,binance,1.0,backfilled from tiered_trades.csv; signal-TF rsi=29.89428644535209; atr_rank=0.44; dist_ema200=-7.418790378915811
ttr-20240808000000-01383,backtest_tiered_raw_all_tf,binance,BTCUSDT,1d,2024-08-08T00:00:00Z,,long,T3c_D_bull_engulf_long,,3,,0,,,,,,,,,,,,,,,,1.3051501762714357,,,,,42.54687686828098,3.781461191572173,-1.800338358343056,,,44.59234055475701,bull,bull,,0.6091514853908608,,,,,sl_hit,,,-0.041,,,,binance,1.0,backfilled from tiered_trades.csv; signal-TF rsi=42.54687686828098; atr_rank=0.99; dist_ema200=3.781461191572173
ttr-20240808130000-01384,backtest_tiered_raw_all_tf,binance,BTCUSDT,1h,2024-08-08T13:00:00Z,,short,T4d_H1_fail_brk_short,,4,,0,,,,,,,,,,,,,,,,1.8214733422892275,,,,,72.19646741675948,-3.14845172087581,1.2584265733482032,,,,bull,bull,,,,,,,sl_hit,,,-0.011,,,,binance,1.0,backfilled from tiered_trades.csv; signal-TF rsi=72.19646741675948; atr_rank=0.41; dist_ema200=-3.14845172087581
ttr-20240808160000-01385,backtest_tiered_raw_all_tf,binance,BTCUSDT,4h,2024-08-08T16:00:00Z,,short,T4b_H4_sstar_short,,4,,0,,,,,,,,,,,,,,,,0.6731149643926472,,,,,70.75927242564288,-4.664631807122744,0.4970365261740835,,,,bull,bull,,,,,,,sl_hit,,,-0.0159999999999998,,,,binance,1.0,backfilled from tiered_trades.csv; signal-TF rsi=70.75927242564288; atr_rank=0.77; dist_ema200=-4.664631807122744
ttr-20240808160000-01386,backtest_tiered_raw_all_tf,binance,BTCUSDT,4h,2024-08-08T16:00:00Z,,short,T3a_H4_sweep_hi_short_loose,,3,,0,,,,,,,,,,,,,,,,0.6731149643926472,,,,,70.75927242564288,-4.664631807122744,0.4970365261740835,,,,bull,bull,,,,,,,sl_hit,,,-0.0159999999999998,,,,binance,1.0,backfilled from tiered_trades.csv; signal-TF rsi=70.75927242564288; atr_rank=0.77; dist_ema200=-4.664631807122744
ttr-20240811130000-01387,backtest_tiered_raw_all_tf,binance,BTCUSDT,1h,2024-08-11T13:00:00Z,,long,T4c_H1_sweep_lo_long,,4,,0,,,,,,,,,,,,,,,,1.7295640818022175,,,,,36.20141311364724,0.8517559016414832,-0.1988917902914346,,,,bull,bull,,,,,,,sl_hit,,,-0.011,,,,binance,1.0,backfilled from tiered_trades.csv; signal-TF rsi=36.20141311364724; atr_rank=0.25; dist_ema200=0.8517559016414832
ttr-20240812070000-01388,backtest_tiered_raw_all_tf,binance,BTCUSDT,1h,2024-08-12T07:00:00Z,,long,T4c_H1_sweep_lo_long,,4,,0,,,,,,,,,,,,,,,,2.35365821879287,,,,,29.07597827688555,-1.8953254357474711,-1.8392741344013237,,,,bull,bull,,,,,,,tp_hit,,,0.019,,,,binance,1.0,backfilled from tiered_trades.csv; signal-TF rsi=29.07597827688555; atr_rank=0.61; dist_ema200=-1.8953254357474711
ttr-20240814140000-01389,backtest_tiered_raw_all_tf,binance,BTCUSDT,1h,2024-08-14T14:00:00Z,,long,T4c_H1_sweep_lo_long,,4,,0,,,,,,,,,,,,,,,,3.6615487907641415,,,,,29.85359823288738,-0.6211229861293731,-1.1409738368282405,,,,bull,bull,,,,,,,sl_hit,,,-0.011,,,,binance,1.0,backfilled from tiered_trades.csv; signal-TF rsi=29.85359823288738; atr_rank=0.48; dist_ema200=-0.6211229861293731
ttr-20240815020000-01390,backtest_tiered_raw_all_tf,binance,BTCUSDT,1h,2024-08-15T02:00:00Z,,long,T4c_H1_sweep_lo_long,,4,,0,,,,,,,,,,,,,,,,1.6963416944975336,,,,,20.009046089827805,-2.263153024400458,-2.138406019235978,,,,bull,bull,,,,,,,sl_hit,,,-0.011,,,,binance,1.0,backfilled from tiered_trades.csv; signal-TF rsi=20.009046089827805; atr_rank=0.79; dist_ema200=-2.263153024400458
ttr-20240816200000-01391,backtest_tiered_raw_all_tf,binance,BTCUSDT,1h,2024-08-16T20:00:00Z,,short,T4d_H1_fail_brk_short,,4,,0,,,,,,,,,,,,,,,,0.7508593754188735,,,,,58.7347659178048,-0.0662652041826992,0.976681052447168,,,,bull,bull,,,,,,,sl_hit,,,-0.0109999999999999,,,,binance,1.0,backfilled from tiered_trades.csv; signal-TF rsi=58.7347659178048; atr_rank=0.53; dist_ema200=-0.0662652041826992
ttr-20240818000000-01392,backtest_tiered_raw_all_tf,binance,BTCUSDT,4h,2024-08-18T00:00:00Z,,short,T4b_H4_sstar_short,,4,,0,,,,,,,,,,,,,,,,0.7290595044782026,,,,,71.97531811987795,-2.950347472795003,0.0850366639829196,,,,bull,bull,,,,,,,sl_hit,,,-0.0159999999999999,,,,binance,1.0,backfilled from tiered_trades.csv; signal-TF rsi=71.97531811987795; atr_rank=0.09; dist_ema200=-2.950347472795003
ttr-20240818000000-01393,backtest_tiered_raw_all_tf,binance,BTCUSDT,4h,2024-08-18T00:00:00Z,,short,T3a_H4_sweep_hi_short_loose,,3,,0,,,,,,,,,,,,,,,,0.7290595044782026,,,,,71.97531811987795,-2.950347472795003,0.0850366639829196,,,,bull,bull,,,,,,,sl_hit,,,-0.0159999999999999,,,,binance,1.0,backfilled from tiered_trades.csv; signal-TF rsi=71.97531811987795; atr_rank=0.09; dist_ema200=-2.950347472795003
ttr-20240818120000-01394,backtest_tiered_raw_all_tf,binance,BTCUSDT,4h,2024-08-18T12:00:00Z,,short,T1d_H4_sweep_hi_short_strict,,1,,0,,,,,,,,,,,,,,,,0.6104268719396919,,,,,65.13756137866926,-2.026605444376982,0.8698268279196092,,50.53991915098398,46.73130959352251,bear,bull,-0.016828662616956074,0.5918093712127289,,,,,sl_hit,,,-0.0309999999999999,,,,binance,1.0,backfilled from tiered_trades.csv; signal-TF rsi=65.13756137866926; atr_rank=0.01; dist_ema200=-2.026605444376982
ttr-20240819100000-01395,backtest_tiered_raw_all_tf,binance,BTCUSDT,1h,2024-08-19T10:00:00Z,,long,T4c_H1_sweep_lo_long,,4,,0,,,,,,,,,,,,,,,,1.973501708048041,,,,,20.824204830407822,-2.0654005573493897,-1.7313197957191062,,,,bull,bull,,,,,,,tp_hit,,,0.019,,,,binance,1.0,backfilled from tiered_trades.csv; signal-TF rsi=20.824204830407822; atr_rank=0.54; dist_ema200=-2.0654005573493897
ttr-20240824220000-01396,backtest_tiered_raw_all_tf,binance,BTCUSDT,1h,2024-08-24T22:00:00Z,,long,T3b_H1_fail_brkdn_long,,3,,0,,,,,,,,,,,,,,,,1.2120594097513515,,,,,39.00338578273556,4.64226228136657,1.295598766594928,,,,bull,bull,,,,,,,sl_hit,,,-0.013,,,,binance,1.0,backfilled from tiered_trades.csv; signal-TF rsi=39.00338578273556; atr_rank=0.21; dist_ema200=4.64226228136657
ttr-20240826150000-01397,backtest_tiered_raw_all_tf,binance,BTCUSDT,1h,2024-08-26T15:00:00Z,,long,T4c_H1_sweep_lo_long,,4,,0,,,,,,,,,,,,,,,,1.5751246840604696,,,,,38.05335162934141,2.4658482338782504,-0.3475974593207027,,,,bull,bull,,,,,,,sl_hit,,,-0.011,,,,binance,1.0,backfilled from tiered_trades.csv; signal-TF rsi=38.05335162934141; atr_rank=0.64; dist_ema200=2.4658482338782504
ttr-20240827120000-01398,backtest_tiered_raw_all_tf,binance,BTCUSDT,1h,2024-08-27T12:00:00Z,,long,T4c_H1_sweep_lo_long,,4,,0,,,,,,,,,,,,,,,,1.4237542304414108,,,,,36.54447410519337,0.3778300118102733,-1.3439919149911796,,,,bull,bull,,,,,,,sl_hit,,,-0.011,,,,binance,1.0,backfilled from tiered_trades.csv; signal-TF rsi=36.54447410519337; atr_rank=0.47; dist_ema200=0.3778300118102733
ttr-20240829120000-01399,backtest_tiered_raw_all_tf,binance,BTCUSDT,1h,2024-08-29T12:00:00Z,,short,T4d_H1_fail_brk_short,,4,,0,,,,,,,,,,,,,,,,1.5933841601053835,,,,,79.22921650329768,-1.523304704227495,0.3159779506775126,,,,bull,bull,,,,,,,sl_hit,,,-0.011,,,,binance,1.0,backfilled from tiered_trades.csv; signal-TF rsi=79.22921650329768; atr_rank=0.3; dist_ema200=-1.523304704227495
ttr-20240901130000-01400,backtest_tiered_raw_all_tf,binance,BTCUSDT,1h,2024-09-01T13:00:00Z,,long,T4c_H1_sweep_lo_long,,4,,0,,,,,,,,,,,,,,,,2.07499172670838,,,,,35.27670897645692,-3.167532880811301,-1.0936382516242054,,,,bull,bull,,,,,,,sl_hit,,,-0.011,,,,binance,1.0,backfilled from tiered_trades.csv; signal-TF rsi=35.27670897645692; atr_rank=0.44; dist_ema200=-3.167532880811301
ttr-20240902210000-01401,backtest_tiered_raw_all_tf,binance,BTCUSDT,1h,2024-09-02T21:00:00Z,,short,T4d_H1_fail_brk_short,,4,,0,,,,,,,,,,,,,,,,1.369959642960789,,,,,76.90612177496645,-0.8480823124548539,1.116591587499899,,,,bull,bull,,,,,,,sl_hit,,,-0.011,,,,binance,1.0,backfilled from tiered_trades.csv; signal-TF rsi=76.90612177496645; atr_rank=0.49; dist_ema200=-0.8480823124548539
ttr-20240904170000-01402,backtest_tiered_raw_all_tf,binance,BTCUSDT,1h,2024-09-04T17:00:00Z,,short,T4d_H1_fail_brk_short,,4,,0,,,,,,,,,,,,,,,,0.811893363009825,,,,,65.15911860578015,-1.789660800533887,0.317634622216189,,,,bull,bull,,,,,,,tp_hit,,,0.0189999999999999,,,,binance,1.0,backfilled from tiered_trades.csv; signal-TF rsi=65.15911860578015; atr_rank=0.84; dist_ema200=-1.789660800533887
ttr-20240905120000-01403,backtest_tiered_raw_all_tf,binance,BTCUSDT,1h,2024-09-05T12:00:00Z,,long,T4c_H1_sweep_lo_long,,4,,0,,,,,,,,,,,,,,,,2.2369594531632067,,,,,16.542538411431536,-3.4203211594749665,-1.4545298992407991,,,,bull,bull,,,,,,,sl_hit,,,-0.011,,,,binance,1.0,backfilled from tiered_trades.csv; signal-TF rsi=16.542538411431536; atr_rank=0.28; dist_ema200=-3.4203211594749665
ttr-20240906130000-01404,backtest_tiered_raw_all_tf,binance,BTCUSDT,1h,2024-09-06T13:00:00Z,,short,T4d_H1_fail_brk_short,,4,,0,,,,,,,,,,,,,,,,2.65351811408938,,,,,46.40801799089834,-3.866932124904812,-1.4647149359831044,,,,bull,bull,,,,,,,tp_hit,,,0.019,,,,binance,1.0,backfilled from tiered_trades.csv; signal-TF rsi=46.40801799089834; atr_rank=0.98; dist_ema200=-3.866932124904812
ttr-20240906160000-01405,backtest_tiered_raw_all_tf,binance,BTCUSDT,1h,2024-09-06T16:00:00Z,,long,T4c_H1_sweep_lo_long,,4,,0,,,,,,,,,,,,,,,,1.6851507251524658,,,,,24.749293852249263,-6.817579840681843,-4.20842973575341,,,,bull,bull,,,,,,,sl_hit,,,-0.0109999999999999,,,,binance,1.0,backfilled from tiered_trades.csv; signal-TF rsi=24.749293852249263; atr_rank=1.0; dist_ema200=-6.817579840681843
ttr-20240907130000-01406,backtest_tiered_raw_all_tf,binance,BTCUSDT,1h,2024-09-07T13:00:00Z,,short,T4d_H1_fail_brk_short,,4,,0,,,,,,,,,,,,,,,,0.5620979059638032,,,,,72.16159193709943,-4.751583100390116,-0.9972588614426536,,,,bull,bull,,,,,,,sl_hit,,,-0.011,,,,binance,1.0,backfilled from tiered_trades.csv; signal-TF rsi=72.16159193709943; atr_rank=0.01; dist_ema200=-4.751583100390116
ttr-20240909140000-01407,backtest_tiered_raw_all_tf,binance,BTCUSDT,1h,2024-09-09T14:00:00Z,,short,T4d_H1_fail_brk_short,,4,,0,,,,,,,,,,,,,,,,2.190582003884961,,,,,46.29324904433493,-2.493785345081521,0.0574146329467863,,,,bull,bull,,,,,,,sl_hit,,,-0.011,,,,binance,1.0,backfilled from tiered_trades.csv; signal-TF rsi=46.29324904433493; atr_rank=0.53; dist_ema200=-2.493785345081521
ttr-20240909200000-01408,backtest_tiered_raw_all_tf,binance,BTCUSDT,4h,2024-09-09T20:00:00Z,,short,T4b_H4_sstar_short,,4,,0,,,,,,,,,,,,,,,,1.2555070071390673,,,,,70.14068204077998,-3.300752372130905,1.3732885357523272,,,,bull,bull,,,,,,,sl_hit,,,-0.0159999999999999,,,,binance,1.0,backfilled from tiered_trades.csv; signal-TF rsi=70.14068204077998; atr_rank=0.44; dist_ema200=-3.300752372130905
ttr-20240909200000-01409,backtest_tiered_raw_all_tf,binance,BTCUSDT,4h,2024-09-09T20:00:00Z,,short,T3a_H4_sweep_hi_short_loose,,3,,0,,,,,,,,,,,,,,,,1.2555070071390673,,,,,70.14068204077998,-3.300752372130905,1.3732885357523272,,,,bull,bull,,,,,,,sl_hit,,,-0.0159999999999999,,,,binance,1.0,backfilled from tiered_trades.csv; signal-TF rsi=70.14068204077998; atr_rank=0.44; dist_ema200=-3.300752372130905
ttr-20240911140000-01410,backtest_tiered_raw_all_tf,binance,BTCUSDT,1h,2024-09-11T14:00:00Z,,long,T4c_H1_sweep_lo_long,,4,,0,,,,,,,,,,,,,,,,1.901832870828565,,,,,31.935664299279352,-0.8997239557507941,-0.971054870287794,,,,bull,bull,,,,,,,tp_hit,,,0.019,,,,binance,1.0,backfilled from tiered_trades.csv; signal-TF rsi=31.935664299279352; atr_rank=0.94; dist_ema200=-0.8997239557507941
ttr-20240914180000-01411,backtest_tiered_raw_all_tf,binance,BTCUSDT,1h,2024-09-14T18:00:00Z,,long,T4c_H1_sweep_lo_long,,4,,0,,,,,,,,,,,,,,,,2.4075525554464416,,,,,37.59145508748876,3.519265468122056,0.8899751711425135,,,,bull,bull,,,,,,,sl_hit,,,-0.0109999999999999,,,,binance,1.0,backfilled from tiered_trades.csv; signal-TF rsi=37.59145508748876; atr_rank=0.06; dist_ema200=3.519265468122056
ttr-20240915180000-01412,backtest_tiered_raw_all_tf,binance,BTCUSDT,1h,2024-09-15T18:00:00Z,,long,T3b_H1_fail_brkdn_long,,3,,0,,,,,,,,,,,,,,,,2.014116850166668,,,,,44.37242372699546,2.955080721303358,0.3442271727124685,,,,bull,bull,,,,,,,sl_hit,,,-0.013,,,,binance,1.0,backfilled from tiered_trades.csv; signal-TF rsi=44.37242372699546; atr_rank=0.24; dist_ema200=2.955080721303358
ttr-20240916130000-01413,backtest_tiered_raw_all_tf,binance,BTCUSDT,1h,2024-09-16T13:00:00Z,,long,T4c_H1_sweep_lo_long,,4,,0,,,,,,,,,,,,,,,,1.9682005086793493,,,,,37.92947421253552,0.2432538141647605,-1.2834414399332843,,,,bull,bull,,,,,,,sl_hit,,,-0.011,,,,binance,1.0,backfilled from tiered_trades.csv; signal-TF rsi=37.92947421253552; atr_rank=0.6; dist_ema200=0.2432538141647605
ttr-20240920180000-01414,backtest_tiered_raw_all_tf,binance,BTCUSDT,1h,2024-09-20T18:00:00Z,,long,T4c_H1_sweep_lo_long,,4,,0,,,,,,,,,,,,,,,,0.9052724809109444,,,,,31.654603412713183,4.207657437617932,0.5742805417738942,,,,bull,bull,,,,,,,time,,,0.000440218752908,,,,binance,1.0,backfilled from tiered_trades.csv; signal-TF rsi=31.654603412713183; atr_rank=0.51; dist_ema200=4.207657437617932
ttr-20240922140000-01415,backtest_tiered_raw_all_tf,binance,BTCUSDT,1h,2024-09-22T14:00:00Z,,long,T4c_H1_sweep_lo_long,,4,,0,,,,,,,,,,,,,,,,2.039825600023592,,,,,32.07879941677241,2.258814649677056,-0.3688820567501019,,,,bull,bull,,,,,,,tp_hit,,,0.019,,,,binance,1.0,backfilled from tiered_trades.csv; signal-TF rsi=32.07879941677241; atr_rank=0.28; dist_ema200=2.258814649677056
ttr-20240926010000-01416,backtest_tiered_raw_all_tf,binance,BTCUSDT,1h,2024-09-26T01:00:00Z,,long,T4c_H1_sweep_lo_long,,4,,0,,,,,,,,,,,,,,,,1.6771324853109555,,,,,37.74742044350069,0.9398348883403036,-0.618467474080055,,,,bull,bull,,,,,,,tp_hit,,,0.019,,,,binance,1.0,backfilled from tiered_trades.csv; signal-TF rsi=37.74742044350069; atr_rank=0.61; dist_ema200=0.9398348883403036
ttr-20240930030000-01417,backtest_tiered_raw_all_tf,binance,BTCUSDT,1h,2024-09-30T03:00:00Z,,long,T4c_H1_sweep_lo_long,,4,,0,,,,,,,,,,,,,,,,3.0483002011314837,,,,,22.745811525096443,0.2733196081700956,-1.4557599536668404,,,,bull,bull,,,,,,,sl_hit,,,-0.011,,,,binance,1.0,backfilled from tiered_trades.csv; signal-TF rsi=22.745811525096443; atr_rank=0.48; dist_ema200=0.2733196081700956
ttr-20240930160000-01418,backtest_tiered_raw_all_tf,binance,BTCUSDT,4h,2024-09-30T16:00:00Z,,long,T4a_H4_hammer_long,,4,,0,,,,,,,,,,,,,,,,1.941554383497935,,,,,19.34724511216743,2.9782343523723465,-1.299684827351356,,,,bull,bull,,,,,,,sl_hit,,,-0.0159999999999999,,,,binance,1.0,backfilled from tiered_trades.csv; signal-TF rsi=19.34724511216743; atr_rank=0.14; dist_ema200=2.9782343523723465
ttr-20241001150000-01419,backtest_tiered_raw_all_tf,binance,BTCUSDT,1h,2024-10-01T15:00:00Z,,long,T4c_H1_sweep_lo_long,,4,,0,,,,,,,,,,,,,,,,3.7379992403079134,,,,,32.899822223322175,-2.402036873403491,-2.2401320627971897,,,,bull,bull,,,,,,,sl_hit,,,-0.011,,,,binance,1.0,backfilled from tiered_trades.csv; signal-TF rsi=32.899822223322175; atr_rank=0.86; dist_ema200=-2.402036873403491
ttr-20241004080000-01420,backtest_tiered_raw_all_tf,binance,BTCUSDT,1h,2024-10-04T08:00:00Z,,short,T4d_H1_fail_brk_short,,4,,0,,,,,,,,,,,,,,,,0.8405904124400513,,,,,63.10817824037377,-1.975573051226702,0.378170396655916,,,,bull,bull,,,,,,,sl_hit,,,-0.011,,,,binance,1.0,backfilled from tiered_trades.csv; signal-TF rsi=63.10817824037377; atr_rank=0.14; dist_ema200=-1.975573051226702
ttr-20241008070000-01421,backtest_tiered_raw_all_tf,binance,BTCUSDT,1h,2024-10-08T07:00:00Z,,long,T4c_H1_sweep_lo_long,,4,,0,,,,,,,,,,,,,,,,0.7120295575312728,,,,,33.44275830400858,-0.4806728643046596,-0.7316328356581195,,,,bull,bull,,,,,,,sl_hit,,,-0.0109999999999999,,,,binance,1.0,backfilled from tiered_trades.csv; signal-TF rsi=33.44275830400858; atr_rank=0.9; dist_ema200=-0.4806728643046596
ttr-20241009120000-01422,backtest_tiered_raw_all_tf,binance,BTCUSDT,4h,2024-10-09T12:00:00Z,,long,T4a_H4_hammer_long,,4,,0,,,,,,,,,,,,,,,,1.6344012386413609,,,,,36.07786385046408,0.7371796323526785,-0.3367792270897007,,,,bull,bull,,,,,,,sl_hit,,,-0.0159999999999999,,,,binance,1.0,backfilled from tiered_trades.csv; signal-TF rsi=36.07786385046408; atr_rank=0.69; dist_ema200=0.7371796323526785
ttr-20241011110000-01423,backtest_tiered_raw_all_tf,binance,BTCUSDT,1h,2024-10-11T11:00:00Z,,short,T4d_H1_fail_brk_short,,4,,0,,,,,,,,,,,,,,,,0.4751279833938411,,,,,76.32331208267281,-1.139773583635992,0.3536679912082612,,,,bull,bull,,,,,,,sl_hit,,,-0.011,,,,binance,1.0,backfilled from tiered_trades.csv; signal-TF rsi=76.32331208267281; atr_rank=0.1; dist_ema200=-1.139773583635992
ttr-20241013120000-01424,backtest_tiered_raw_all_tf,binance,BTCUSDT,1h,2024-10-13T12:00:00Z,,long,T3b_H1_fail_brkdn_long,,3,,0,,,,,,,,,,,,,,,,0.9140575864039848,,,,,23.373682615576627,0.6855224647331213,0.1331542597394932,,,,bull,bull,,,,,,,tp_hit,,,0.0239999999999999,,,,binance,1.0,backfilled from tiered_trades.csv; signal-TF rsi=23.373682615576627; atr_rank=0.04; dist_ema200=0.6855224647331213
ttr-20241013150000-01425,backtest_tiered_raw_all_tf,binance,BTCUSDT,1h,2024-10-13T15:00:00Z,,long,T4c_H1_sweep_lo_long,,4,,0,,,,,,,,,,,,,,,,2.781319316955324,,,,,23.037609206083346,-0.0196195960863878,-0.5243014797286419,,,,bull,bull,,,,,,,tp_hit,,,0.019,,,,binance,1.0,backfilled from tiered_trades.csv; signal-TF rsi=23.037609206083346; atr_rank=0.09; dist_ema200=-0.0196195960863878
ttr-20241016000000-01426,backtest_tiered_raw_all_tf,binance,BTCUSDT,1d,2024-10-16T00:00:00Z,,short,T2c_D_fail_brk_short,,2,,0,,,,,,,,,,,,,,,,1.312036950318848,,,,,77.47373714840644,12.132014304545756,8.733335583291609,,,57.73202130013135,bull,bull,,0.7745384614330844,,,,,sl_hit,,,-0.041,,,,binance,1.0,backfilled from tiered_trades.csv; signal-TF rsi=77.47373714840644; atr_rank=0.02; dist_ema200=12.132014304545756
ttr-20241017070000-01427,backtest_tiered_raw_all_tf,binance,BTCUSDT,1h,2024-10-17T07:00:00Z,,long,T4c_H1_sweep_lo_long,,4,,0,,,,,,,,,,,,,,,,1.0746156658599226,,,,,36.31502729196831,4.137061834972102,0.5467401410779763,,,,bull,bull,,,,,,,tp_hit,,,0.0189999999999999,,,,binance,1.0,backfilled from tiered_trades.csv; signal-TF rsi=36.31502729196831; atr_rank=0.19; dist_ema200=4.137061834972102
ttr-20241019120000-01428,backtest_tiered_raw_all_tf,binance,BTCUSDT,1h,2024-10-19T12:00:00Z,,long,T3b_H1_fail_brkdn_long,,3,,0,,,,,,,,,,,,,,,,0.5459261853326852,,,,,50.68168592567937,3.359053422325272,0.3270334604773662,,,,bull,bull,,,,,,,time,,,-0.001215912755416,,,,binance,1.0,backfilled from tiered_trades.csv; signal-TF rsi=50.68168592567937; atr_rank=0.01; dist_ema200=3.359053422325272
ttr-20241019170000-01429,backtest_tiered_raw_all_tf,binance,BTCUSDT,1h,2024-10-19T17:00:00Z,,long,T4c_H1_sweep_lo_long,,4,,0,,,,,,,,,,,,,,,,0.6086342596613027,,,,,38.1353357350583,3.043396338105248,0.137374107853121,,,,bull,bull,,,,,,,tp_hit,,,0.0190000000000001,,,,binance,1.0,backfilled from tiered_trades.csv; signal-TF rsi=38.1353357350583; atr_rank=0.02; dist_ema200=3.043396338105248
ttr-20241021150000-01430,backtest_tiered_raw_all_tf,binance,BTCUSDT,1h,2024-10-21T15:00:00Z,,long,T4c_H1_sweep_lo_long,,4,,0,,,,,,,,,,,,,,,,2.012223813323104,,,,,16.928252310761593,0.5634211264120066,-1.456017049528301,,,,bull,bull,,,,,,,sl_hit,,,-0.0109999999999999,,,,binance,1.0,backfilled from tiered_trades.csv; signal-TF rsi=16.928252310761593; atr_rank=0.85; dist_ema200=0.5634211264120066
ttr-20241023090000-01431,backtest_tiered_raw_all_tf,binance,BTCUSDT,1h,2024-10-23T09:00:00Z,,long,T4c_H1_sweep_lo_long,,4,,0,,,,,,,,,,,,,,,,1.7542651418645812,,,,,26.51182448844752,-0.8271104396715053,-1.3397667531336666,,,,bull,bull,,,,,,,sl_hit,,,-0.0109999999999999,,,,binance,1.0,backfilled from tiered_trades.csv; signal-TF rsi=26.51182448844752; atr_rank=0.49; dist_ema200=-0.8271104396715053
ttr-20241023160000-01432,backtest_tiered_raw_all_tf,binance,BTCUSDT,4h,2024-10-23T16:00:00Z,,long,T4a_H4_hammer_long,,4,,0,,,,,,,,,,,,,,,,1.757478814846324,,,,,25.17912809802345,3.306537041074472,-0.7935321775754317,,,,bull,bull,,,,,,,tp_hit,,,0.029,,,,binance,1.0,backfilled from tiered_trades.csv; signal-TF rsi=25.17912809802345; atr_rank=0.72; dist_ema200=3.306537041074472
ttr-20241025180000-01433,backtest_tiered_raw_all_tf,binance,BTCUSDT,1h,2024-10-25T18:00:00Z,,long,T4c_H1_sweep_lo_long,,4,,0,,,,,,,,,,,,,,,,4.791576973234387,,,,,37.2660951062358,-0.2970864350814576,-0.8359382376282523,,,,bull,bull,,,,,,,sl_hit,,,-0.0109999999999999,,,,binance,1.0,backfilled from tiered_trades.csv; signal-TF rsi=37.2660951062358; atr_rank=1.0; dist_ema200=-0.2970864350814576
ttr-20241030130000-01434,backtest_tiered_raw_all_tf,binance,BTCUSDT,1h,2024-10-30T13:00:00Z,,long,T3b_H1_fail_brkdn_long,,3,,0,,,,,,,,,,,,,,,,1.680667653208331,,,,,34.295475485759326,4.384305476026708,0.997498968062474,,,,bull,bull,,,,,,,sl_hit,,,-0.013,,,,binance,1.0,backfilled from tiered_trades.csv; signal-TF rsi=34.295475485759326; atr_rank=0.55; dist_ema200=4.384305476026708
ttr-20241030130000-01435,backtest_tiered_raw_all_tf,binance,BTCUSDT,1h,2024-10-30T13:00:00Z,,long,T4c_H1_sweep_lo_long,,4,,0,,,,,,,,,,,,,,,,1.680667653208331,,,,,34.295475485759326,4.384305476026708,0.997498968062474,,,,bull,bull,,,,,,,sl_hit,,,-0.011,,,,binance,1.0,backfilled from tiered_trades.csv; signal-TF rsi=34.295475485759326; atr_rank=0.55; dist_ema200=4.384305476026708
ttr-20241031180000-01436,backtest_tiered_raw_all_tf,binance,BTCUSDT,1h,2024-10-31T18:00:00Z,,long,T4c_H1_sweep_lo_long,,4,,0,,,,,,,,,,,,,,,,1.1784131918507297,,,,,26.937958338957078,1.3470809520297895,-1.399540782122323,,,,bull,bull,,,,,,,sl_hit,,,-0.011,,,,binance,1.0,backfilled from tiered_trades.csv; signal-TF rsi=26.937958338957078; atr_rank=0.71; dist_ema200=1.3470809520297895
ttr-20241101150000-01437,backtest_tiered_raw_all_tf,binance,BTCUSDT,1h,2024-11-01T15:00:00Z,,short,T4d_H1_fail_brk_short,,4,,0,,,,,,,,,,,,,,,,2.7550864037518266,,,,,49.856644680148605,-0.5067968416275237,-1.8303250054805085,,,,bull,bull,,,,,,,sl_hit,,,-0.011,,,,binance,1.0,backfilled from tiered_trades.csv; signal-TF rsi=49.856644680148605; atr_rank=0.98; dist_ema200=-0.5067968416275237
ttr-20241101160000-01438,backtest_tiered_raw_all_tf,binance,BTCUSDT,4h,2024-11-01T16:00:00Z,,long,T4a_H4_hammer_long,,4,,0,,,,,,,,,,,,,,,,1.4122627144418929,,,,,27.05139796030437,4.212864440707975,-0.5665658394787108,,,,bull,bull,,,,,,,sl_hit,,,-0.016,,,,binance,1.0,backfilled from tiered_trades.csv; signal-TF rsi=27.05139796030437; atr_rank=0.96; dist_ema200=4.212864440707975
ttr-20241103120000-01439,backtest_tiered_raw_all_tf,binance,BTCUSDT,4h,2024-11-03T12:00:00Z,,long,T4a_H4_hammer_long,,4,,0,,,,,,,,,,,,,,,,1.3544142367132048,,,,,35.21485214852147,2.0249211226593107,-1.936124137320273,,,,bull,bull,,,,,,,sl_hit,,,-0.0159999999999999,,,,binance,1.0,backfilled from tiered_trades.csv; signal-TF rsi=35.21485214852147; atr_rank=0.72; dist_ema200=2.0249211226593107
ttr-20241103150000-01440,backtest_tiered_raw_all_tf,binance,BTCUSDT,1h,2024-11-03T15:00:00Z,,long,T4c_H1_sweep_lo_long,,4,,0,,,,,,,,,,,,,,,,2.158167528416241,,,,,36.46555100430216,-2.01370022036036,-1.5202090802052732,,,,bull,bull,,,,,,,tp_hit,,,0.0189999999999999,,,,binance,1.0,backfilled from tiered_trades.csv; signal-TF rsi=36.46555100430216; atr_rank=0.63; dist_ema200=-2.01370022036036
ttr-20241104170000-01441,backtest_tiered_raw_all_tf,binance,BTCUSDT,1h,2024-11-04T17:00:00Z,,long,T4c_H1_sweep_lo_long,,4,,0,,,,,,,,,,,,,,,,2.075917846116905,,,,,33.12512124151303,-2.129401899313841,-1.450808159088729,,,,bull,bull,,,,,,,sl_hit,,,-0.011,,,,binance,1.0,backfilled from tiered_trades.csv; signal-TF rsi=33.12512124151303; atr_rank=0.69; dist_ema200=-2.129401899313841
ttr-20241104200000-01442,backtest_tiered_raw_all_tf,binance,BTCUSDT,4h,2024-11-04T20:00:00Z,,long,T4a_H4_hammer_long,,4,,0,,,,,,,,,,,,,,,,1.8183703295281477,,,,,31.06654364672346,1.4551767016790471,-1.92274366409766,,,,bull,bull,,,,,,,tp_hit,,,0.0289999999999999,,,,binance,1.0,backfilled from tiered_trades.csv; signal-TF rsi=31.06654364672346; atr_rank=0.82; dist_ema200=1.4551767016790471
ttr-20241107000000-01443,backtest_tiered_raw_all_tf,binance,BTCUSDT,1d,2024-11-07T00:00:00Z,,short,T2c_D_fail_brk_short,,2,,0,,,,,,,,,,,,,,,,1.492935259806633,,,,,68.74384859680711,22.122183412456884,13.830720685419111,,,72.632523356562,bull,bull,,1.0146737874363827,,,,,sl_hit,,,-0.041,,,,binance,1.0,backfilled from tiered_trades.csv; signal-TF rsi=68.74384859680711; atr_rank=0.48; dist_ema200=22.122183412456884
ttr-20241109170000-01444,backtest_tiered_raw_all_tf,binance,BTCUSDT,1h,2024-11-09T17:00:00Z,,long,T3b_H1_fail_brkdn_long,,3,,0,,,,,,,,,,,,,,,,1.4717113650192335,,,,,45.87676050683344,4.361709928375134,0.3754731124146409,,,,bull,bull,,,,,,,tp_hit,,,0.0239999999999999,,,,binance,1.0,backfilled from tiered_trades.csv; signal-TF rsi=45.87676050683344; atr_rank=0.06; dist_ema200=4.361709928375134
ttr-20241114000000-01445,backtest_tiered_raw_all_tf,binance,BTCUSDT,1d,2024-11-14T00:00:00Z,,short,T2c_D_fail_brk_short,,2,,0,,,,,,,,,,,,,,,,1.288881037362623,,,,,78.96004455815203,37.30225239003647,23.04802991795968,,,76.84833261952497,bull,bull,,1.2247380184456516,,,,,sl_hit,,,-0.041,,,,binance,1.0,backfilled from tiered_trades.csv; signal-TF rsi=78.96004455815203; atr_rank=0.85; dist_ema200=37.30225239003647
ttr-20241114160000-01446,backtest_tiered_raw_all_tf,binance,BTCUSDT,1h,2024-11-14T16:00:00Z,,long,T3b_H1_fail_brkdn_long,,3,,0,,,,,,,,,,,,,,,,1.582097244746411,,,,,44.72504047804867,8.141552079282333,0.2414148446167536,,,,bull,bull,,,,,,,sl_hit,,,-0.0129999999999999,,,,binance,1.0,backfilled from tiered_trades.csv; signal-TF rsi=44.72504047804867; atr_rank=0.51; dist_ema200=8.141552079282333
ttr-20241114210000-01447,backtest_tiered_raw_all_tf,binance,BTCUSDT,1h,2024-11-14T21:00:00Z,,long,T4c_H1_sweep_lo_long,,4,,0,,,,,,,,,,,,,,,,1.4249867110806242,,,,,35.75970638847066,6.570961101525954,-0.7931415181495924,,,,bull,bull,,,,,,,sl_hit,,,-0.0109999999999999,,,,binance,1.0,backfilled from tiered_trades.csv; signal-TF rsi=35.75970638847066; atr_rank=0.55; dist_ema200=6.570961101525954
ttr-20241117020000-01448,backtest_tiered_raw_all_tf,binance,BTCUSDT,1h,2024-11-17T02:00:00Z,,long,T4c_H1_sweep_lo_long,,4,,0,,,,,,,,,,,,,,,,2.4511921050598846,,,,,39.87671573699656,4.884015417256329,-0.3296460602143805,,,,bull,bull,,,,,,,sl_hit,,,-0.011,,,,binance,1.0,backfilled from tiered_trades.csv; signal-TF rsi=39.87671573699656; atr_rank=0.18; dist_ema200=4.884015417256329
ttr-20241117220000-01449,backtest_tiered_raw_all_tf,binance,BTCUSDT,1h,2024-11-17T22:00:00Z,,long,T4c_H1_sweep_lo_long,,4,,0,,,,,,,,,,,,,,,,1.6421733559295744,,,,,34.232041467973374,3.346178351803909,-0.8428524863655864,,,,bull,bull,,,,,,,tp_hit,,,0.0189999999999999,,,,binance,1.0,backfilled from tiered_trades.csv; signal-TF rsi=34.232041467973374; atr_rank=0.38; dist_ema200=3.346178351803909
ttr-20241122150000-01450,backtest_tiered_raw_all_tf,binance,BTCUSDT,1h,2024-11-22T15:00:00Z,,long,T3b_H1_fail_brkdn_long,,3,,0,,,,,,,,,,,,,,,,1.6058189013728517,,,,,55.4231025659171,6.907144150112574,1.7296030077773792,,,,bull,bull,,,,,,,sl_hit,,,-0.0129999999999999,,,,binance,1.0,backfilled from tiered_trades.csv; signal-TF rsi=55.4231025659171; atr_rank=0.23; dist_ema200=6.907144150112574
ttr-20241123170000-01451,backtest_tiered_raw_all_tf,binance,BTCUSDT,1h,2024-11-23T17:00:00Z,,long,T4c_H1_sweep_lo_long,,4,,0,,,,,,,,,,,,,,,,1.7881432399831747,,,,,33.44229405558683,4.442069486500074,-0.1007353666076344,,,,bull,bull,,,,,,,sl_hit,,,-0.0109999999999999,,,,binance,1.0,backfilled from tiered_trades.csv; signal-TF rsi=33.44229405558683; atr_rank=0.07; dist_ema200=4.442069486500074
ttr-20241124160000-01452,backtest_tiered_raw_all_tf,binance,BTCUSDT,1h,2024-11-24T16:00:00Z,,long,T4c_H1_sweep_lo_long,,4,,0,,,,,,,,,,,,,,,,1.8861457609859011,,,,,26.03662066969009,1.9694206190604548,-1.3698846355323056,,,,bull,bull,,,,,,,tp_hit,,,0.019,,,,binance,1.0,backfilled from tiered_trades.csv; signal-TF rsi=26.03662066969009; atr_rank=0.42; dist_ema200=1.9694206190604548
ttr-20241125150000-01453,backtest_tiered_raw_all_tf,binance,BTCUSDT,1h,2024-11-25T15:00:00Z,,long,T4c_H1_sweep_lo_long,,4,,0,,,,,,,,,,,,,,,,4.214328873953583,,,,,38.58978463357025,0.9094113170336956,-1.6026073003973536,,,,bull,bull,,,,,,,sl_hit,,,-0.0109999999999999,,,,binance,1.0,backfilled from tiered_trades.csv; signal-TF rsi=38.58978463357025; atr_rank=0.82; dist_ema200=0.9094113170336956
ttr-20241126200000-01454,backtest_tiered_raw_all_tf,binance,BTCUSDT,4h,2024-11-26T20:00:00Z,,long,T4a_H4_hammer_long,,4,,0,,,,,,,,,,,,,,,,1.2647904144698885,,,,,34.73668863674612,9.222693361273732,-2.746776986808072,,,,bull,bull,,,,,,,tp_hit,,,0.029,,,,binance,1.0,backfilled from tiered_trades.csv; signal-TF rsi=34.73668863674612; atr_rank=0.74; dist_ema200=9.222693361273732
ttr-20241205200000-01455,backtest_tiered_raw_all_tf,binance,BTCUSDT,1h,2024-12-05T20:00:00Z,,long,T4c_H1_sweep_lo_long,,4,,0,,,,,,,,,,,,,,,,1.2827975086031662,,,,,31.78077572537633,2.145028147009559,-0.159506472083874,,,,bull,bull,,,,,,,sl_hit,,,-0.011,,,,binance,1.0,backfilled from tiered_trades.csv; signal-TF rsi=31.78077572537633; atr_rank=0.86; dist_ema200=2.145028147009559
ttr-20241209030000-01456,backtest_tiered_raw_all_tf,binance,BTCUSDT,1h,2024-12-09T03:00:00Z,,long,T4c_H1_sweep_lo_long,,4,,0,,,,,,,,,,,,,,,,1.8728770756886792,,,,,37.81859319890854,0.7319372550083498,-0.5944669452786008,,,,bull,bull,,,,,,,sl_hit,,,-0.011,,,,binance,1.0,backfilled from tiered_trades.csv; signal-TF rsi=37.81859319890854; atr_rank=0.43; dist_ema200=0.7319372550083498
ttr-20241209200000-01457,backtest_tiered_raw_all_tf,binance,BTCUSDT,4h,2024-12-09T20:00:00Z,,long,T4a_H4_hammer_long,,4,,0,,,,,,,,,,,,,,,,3.897887557338286,,,,,33.64566239440262,6.264080987487035,-1.0769453631764043,,,,bull,bull,,,,,,,sl_hit,,,-0.016,,,,binance,1.0,backfilled from tiered_trades.csv; signal-TF rsi=33.64566239440262; atr_rank=0.6; dist_ema200=6.264080987487035
ttr-20241209210000-01458,backtest_tiered_raw_all_tf,binance,BTCUSDT,1h,2024-12-09T21:00:00Z,,long,T4c_H1_sweep_lo_long,,4,,0,,,,,,,,,,,,,,,,3.776097815066465,,,,,36.015715266541754,-1.4935325986067245,-2.042908288425596,,,,bull,bull,,,,,,,sl_hit,,,-0.0109999999999999,,,,binance,1.0,backfilled from tiered_trades.csv; signal-TF rsi=36.015715266541754; atr_rank=0.86; dist_ema200=-1.4935325986067245
ttr-20241210180000-01459,backtest_tiered_raw_all_tf,binance,BTCUSDT,1h,2024-12-10T18:00:00Z,,long,T4c_H1_sweep_lo_long,,4,,0,,,,,,,,,,,,,,,,1.1292899843909217,,,,,38.0240887304377,-3.0225120815028363,-2.6823778749022096,,,,bull,bull,,,,,,,tp_hit,,,0.019,,,,binance,1.0,backfilled from tiered_trades.csv; signal-TF rsi=38.0240887304377; atr_rank=0.84; dist_ema200=-3.0225120815028363
ttr-20241212200000-01460,backtest_tiered_raw_all_tf,binance,BTCUSDT,1h,2024-12-12T20:00:00Z,,long,T3b_H1_fail_brkdn_long,,3,,0,,,,,,,,,,,,,,,,1.1965869103953024,,,,,45.2017414342684,1.3190123178634,0.1358543276397112,,,,bull,bull,,,,,,,tp_hit,,,0.0239999999999999,,,,binance,1.0,backfilled from tiered_trades.csv; signal-TF rsi=45.2017414342684; atr_rank=0.46; dist_ema200=1.3190123178634
ttr-20241214210000-01461,backtest_tiered_raw_all_tf,binance,BTCUSDT,1h,2024-12-14T21:00:00Z,,long,T3b_H1_fail_brkdn_long,,3,,0,,,,,,,,,,,,,,,,0.5677390529421432,,,,,38.44369594452858,1.4679600673158275,0.0660746074567568,,,,bull,bull,,,,,,,tp_hit,,,0.0239999999999998,,,,binance,1.0,backfilled from tiered_trades.csv; signal-TF rsi=38.44369594452858; atr_rank=0.1; dist_ema200=1.4679600673158275
ttr-20241216000000-01462,backtest_tiered_raw_all_tf,binance,BTCUSDT,1w,2024-12-16T00:00:00Z,,short,T2b_W_sweep_hi_short,,2,,0,,,,,,,,,,,,,,,,1.239854615548737,,,,,78.33376634460373,120.05141258803546,43.01148094600631,,,,bull,bull,,,,,,,sl_hit,,,-0.081,,,,binance,1.0,backfilled from tiered_trades.csv; signal-TF rsi=78.33376634460373; atr_rank=0.62; dist_ema200=120.05141258803546
ttr-20241218060000-01463,backtest_tiered_raw_all_tf,binance,BTCUSDT,1h,2024-12-18T06:00:00Z,,long,T4c_H1_sweep_lo_long,,4,,0,,,,,,,,,,,,,,,,1.1235313970350969,,,,,19.75955627404386,1.0941288854762483,-1.6171941980615716,,,,bull,bull,,,,,,,sl_hit,,,-0.011,,,,binance,1.0,backfilled from tiered_trades.csv; signal-TF rsi=19.75955627404386; atr_rank=0.93; dist_ema200=1.0941288854762483
ttr-20241219020000-01464,backtest_tiered_raw_all_tf,binance,BTCUSDT,1h,2024-12-19T02:00:00Z,,long,T4c_H1_sweep_lo_long,,4,,0,,,,,,,,,,,,,,,,2.035337786772518,,,,,27.667299828384387,-2.126398987654773,-3.2720844840931336,,,,bull,bull,,,,,,,tp_hit,,,0.019,,,,binance,1.0,backfilled from tiered_trades.csv; signal-TF rsi=27.667299828384387; atr_rank=1.0; dist_ema200=-2.126398987654773
ttr-20241219180000-01465,backtest_tiered_raw_all_tf,binance,BTCUSDT,1h,2024-12-19T18:00:00Z,,long,T4c_H1_sweep_lo_long,,4,,0,,,,,,,,,,,,,,,,2.290851188200171,,,,,34.89127809279212,-3.4646728465089973,-3.5471255426365977,,,,bull,bull,,,,,,,sl_hit,,,-0.0109999999999999,,,,binance,1.0,backfilled from tiered_trades.csv; signal-TF rsi=34.89127809279212; atr_rank=0.91; dist_ema200=-3.4646728465089973
ttr-20241219200000-01466,backtest_tiered_raw_all_tf,binance,BTCUSDT,4h,2024-12-19T20:00:00Z,,long,T4a_H4_hammer_long,,4,,0,,,,,,,,,,,,,,,,1.3949316304932111,,,,,21.078380113946597,1.248063862902853,-4.585574826590777,,,,bull,bull,,,,,,,sl_hit,,,-0.0159999999999999,,,,binance,1.0,backfilled from tiered_trades.csv; signal-TF rsi=21.078380113946597; atr_rank=0.88; dist_ema200=1.248063862902853
ttr-20241220120000-01467,backtest_tiered_raw_all_tf,binance,BTCUSDT,1h,2024-12-20T12:00:00Z,,long,T4c_H1_sweep_lo_long,,4,,0,,,,,,,,,,,,,,,,1.688508349450913,,,,,31.61793381983549,-7.424730003890991,-5.391233337966622,,,,bull,bull,,,,,,,tp_hit,,,0.0189999999999999,,,,binance,1.0,backfilled from tiered_trades.csv; signal-TF rsi=31.61793381983549; atr_rank=0.88; dist_ema200=-7.424730003890991
ttr-20241221080000-01468,backtest_tiered_raw_all_tf,binance,BTCUSDT,1h,2024-12-21T08:00:00Z,,short,T4d_H1_fail_brk_short,,4,,0,,,,,,,,,,,,,,,,0.6353941077841488,,,,,67.76862872982224,-2.0687691237548345,0.3350279894324391,,,,bull,bull,,,,,,,tp_hit,,,0.019,,,,binance,1.0,backfilled from tiered_trades.csv; signal-TF rsi=67.76862872982224; atr_rank=0.14; dist_ema200=-2.0687691237548345
ttr-20241223020000-01469,backtest_tiered_raw_all_tf,binance,BTCUSDT,1h,2024-12-23T02:00:00Z,,long,T4c_H1_sweep_lo_long,,4,,0,,,,,,,,,,,,,,,,1.6490759372243255,,,,,32.64000196327156,-4.570269267313066,-1.8589594917701653,,,,bull,bull,,,,,,,sl_hit,,,-0.011,,,,binance,1.0,backfilled from tiered_trades.csv; signal-TF rsi=32.64000196327156; atr_rank=0.57; dist_ema200=-4.570269267313066
ttr-20241223200000-01470,backtest_tiered_raw_all_tf,binance,BTCUSDT,1h,2024-12-23T20:00:00Z,,long,T4c_H1_sweep_lo_long,,4,,0,,,,,,,,,,,,,,,,1.274316736707458,,,,,39.54355104067347,-5.414053394098683,-2.4615182098016155,,,,bull,bull,,,,,,,tp_hit,,,0.019,,,,binance,1.0,backfilled from tiered_trades.csv; signal-TF rsi=39.54355104067347; atr_rank=0.63; dist_ema200=-5.414053394098683
ttr-20241227100000-01471,backtest_tiered_raw_all_tf,binance,BTCUSDT,1h,2024-12-27T10:00:00Z,,short,T4d_H1_fail_brk_short,,4,,0,,,,,,,,,,,,,,,,0.8050043348489225,,,,,60.69204764089979,-0.9852973672477991,-0.0118589053173332,,,,bull,bull,,,,,,,tp_hit,,,0.019,,,,binance,1.0,backfilled from tiered_trades.csv; signal-TF rsi=60.69204764089979; atr_rank=0.61; dist_ema200=-0.9852973672477991
ttr-20241227170000-01472,backtest_tiered_raw_all_tf,binance,BTCUSDT,1h,2024-12-27T17:00:00Z,,long,T4c_H1_sweep_lo_long,,4,,0,,,,,,,,,,,,,,,,1.947591108683229,,,,,35.06731344499352,-3.2197324058870573,-2.119261045190548,,,,bull,bull,,,,,,,time,,,-0.0046725551562021,,,,binance,1.0,backfilled from tiered_trades.csv; signal-TF rsi=35.06731344499352; atr_rank=0.87; dist_ema200=-3.2197324058870573
ttr-20241229200000-01473,backtest_tiered_raw_all_tf,binance,BTCUSDT,1h,2024-12-29T20:00:00Z,,long,T4c_H1_sweep_lo_long,,4,,0,,,,,,,,,,,,,,,,1.432618118247185,,,,,20.727935613183632,-2.5756525072399,-1.080972703988623,,,,bull,bull,,,,,,,sl_hit,,,-0.011,,,,binance,1.0,backfilled from tiered_trades.csv; signal-TF rsi=20.727935613183632; atr_rank=0.35; dist_ema200=-2.5756525072399
ttr-20241230150000-01474,backtest_tiered_raw_all_tf,binance,BTCUSDT,1h,2024-12-30T15:00:00Z,,long,T4c_H1_sweep_lo_long,,4,,0,,,,,,,,,,,,,,,,3.1882503485024696,,,,,28.0082731594036,-3.870352647732974,-2.0866020666938114,,,,bull,bull,,,,,,,tp_hit,,,0.019,,,,binance,1.0,backfilled from tiered_trades.csv; signal-TF rsi=28.0082731594036; atr_rank=0.62; dist_ema200=-3.870352647732974
ttr-20241230190000-01475,backtest_tiered_raw_all_tf,binance,BTCUSDT,1h,2024-12-30T19:00:00Z,,short,T4d_H1_fail_brk_short,,4,,0,,,,,,,,,,,,,,,,0.7980671511988989,,,,,57.19724965844694,-1.3998821574425142,0.3938133713695914,,,,bull,bull,,,,,,,tp_hit,,,0.019,,,,binance,1.0,backfilled from tiered_trades.csv; signal-TF rsi=57.19724965844694; atr_rank=0.91; dist_ema200=-1.3998821574425142
ttr-20250101200000-01476,backtest_tiered_raw_all_tf,binance,BTCUSDT,1h,2025-01-01T20:00:00Z,,short,T4d_H1_fail_brk_short,,4,,0,,,,,,,,,,,,,,,,1.0436018997421934,,,,,69.96409509946616,-0.2294922146409602,0.8922030733537393,,,,bull,bull,,,,,,,sl_hit,,,-0.011,,,,binance,1.0,backfilled from tiered_trades.csv; signal-TF rsi=69.96409509946616; atr_rank=0.4; dist_ema200=-0.2294922146409602
ttr-20250108070000-01477,backtest_tiered_raw_all_tf,binance,BTCUSDT,1h,2025-01-08T07:00:00Z,,long,T4c_H1_sweep_lo_long,,4,,0,,,,,,,,,,,,,,,,0.7922550172533703,,,,,33.52175646428984,-2.165823113874276,-2.914853108815443,,,,bull,bull,,,,,,,sl_hit,,,-0.011,,,,binance,1.0,backfilled from tiered_trades.csv; signal-TF rsi=33.52175646428984; atr_rank=0.75; dist_ema200=-2.165823113874276
ttr-20250109140000-01478,backtest_tiered_raw_all_tf,binance,BTCUSDT,1h,2025-01-09T14:00:00Z,,long,T4c_H1_sweep_lo_long,,4,,0,,,,,,,,,,,,,,,,1.967369096160829,,,,,30.72621811319739,-4.12300764765848,-2.6534014295515167,,,,bull,bull,,,,,,,sl_hit,,,-0.0109999999999999,,,,binance,1.0,backfilled from tiered_trades.csv; signal-TF rsi=30.72621811319739; atr_rank=0.77; dist_ema200=-4.12300764765848
ttr-20250110110000-01479,backtest_tiered_raw_all_tf,binance,BTCUSDT,1h,2025-01-10T11:00:00Z,,short,T4d_H1_fail_brk_short,,4,,0,,,,,,,,,,,,,,,,0.6452206745308635,,,,,95.6357524771676,-1.2088112714172214,0.6680535992739155,,,,bull,bull,,,,,,,tp_hit,,,0.019,,,,binance,1.0,backfilled from tiered_trades.csv; signal-TF rsi=95.6357524771676; atr_rank=0.19; dist_ema200=-1.2088112714172214
ttr-20250111220000-01480,backtest_tiered_raw_all_tf,binance,BTCUSDT,1h,2025-01-11T22:00:00Z,,short,T4d_H1_fail_brk_short,,4,,0,,,,,,,,,,,,,,,,1.8319216838393335,,,,,59.50571247513748,-1.1687957752265827,0.1459805487619812,,,,bull,bull,,,,,,,sl_hit,,,-0.0109999999999999,,,,binance,1.0,backfilled from tiered_trades.csv; signal-TF rsi=59.50571247513748; atr_rank=0.11; dist_ema200=-1.1687957752265827
ttr-20250113140000-01481,backtest_tiered_raw_all_tf,binance,BTCUSDT,1h,2025-01-13T14:00:00Z,,long,T4c_H1_sweep_lo_long,,4,,0,,,,,,,,,,,,,,,,3.986303142091577,,,,,22.13338695366315,-3.4478906597108034,-2.053365760362209,,,,bull,bull,,,,,,,tp_hit,,,0.019,,,,binance,1.0,backfilled from tiered_trades.csv; signal-TF rsi=22.13338695366315; atr_rank=0.84; dist_ema200=-3.4478906597108034
ttr-20250116150000-01482,backtest_tiered_raw_all_tf,binance,BTCUSDT,1h,2025-01-16T15:00:00Z,,long,T3b_H1_fail_brkdn_long,,3,,0,,,,,,,,,,,,,,,,2.169780177181439,,,,,43.686903565038826,3.085662606461135,1.150548436526921,,,,bull,bull,,,,,,,tp_hit,,,0.0239999999999999,,,,binance,1.0,backfilled from tiered_trades.csv; signal-TF rsi=43.686903565038826; atr_rank=0.61; dist_ema200=3.085662606461135
ttr-20250120000000-01483,backtest_tiered_raw_all_tf,binance,BTCUSDT,1w,2025-01-20T00:00:00Z,,short,T2b_W_sweep_hi_short,,2,,0,,,,,,,,,,,,,,,,1.1650350937586875,,,,,75.39659676026383,123.40682341579794,41.91593712895055,,,,bull,bull,,,,,,,tp_hit,,,0.199,,,,binance,1.0,backfilled from tiered_trades.csv; signal-TF rsi=75.39659676026383; atr_rank=0.76; dist_ema200=123.40682341579794
ttr-20250121010000-01484,backtest_tiered_raw_all_tf,binance,BTCUSDT,1h,2025-01-21T01:00:00Z,,long,T4c_H1_sweep_lo_long,,4,,0,,,,,,,,,,,,,,,,0.9602435218846784,,,,,29.96487511316468,0.1787876777288478,-2.6169094880616672,,,,bull,bull,,,,,,,tp_hit,,,0.019,,,,binance,1.0,backfilled from tiered_trades.csv; signal-TF rsi=29.96487511316468; atr_rank=0.97; dist_ema200=0.1787876777288478
ttr-20250123020000-01485,backtest_tiered_raw_all_tf,binance,BTCUSDT,1h,2025-01-23T02:00:00Z,,long,T4c_H1_sweep_lo_long,,4,,0,,,,,,,,,,,,,,,,1.8248808397688216,,,,,28.19961199681883,0.125444647099494,-1.6516775836542836,,,,bull,bull,,,,,,,sl_hit,,,-0.011,,,,binance,1.0,backfilled from tiered_trades.csv; signal-TF rsi=28.19961199681883; atr_rank=0.43; dist_ema200=0.125444647099494
ttr-20250127050000-01486,backtest_tiered_raw_all_tf,binance,BTCUSDT,1h,2025-01-27T05:00:00Z,,long,T4c_H1_sweep_lo_long,,4,,0,,,,,,,,,,,,,,,,2.717238133479268,,,,,10.8004076205237,-3.135579578120709,-3.4223845088806617,,,,bull,bull,,,,,,,sl_hit,,,-0.0109999999999999,,,,binance,1.0,backfilled from tiered_trades.csv; signal-TF rsi=10.8004076205237; atr_rank=0.68; dist_ema200=-3.135579578120709
ttr-20250131030000-01487,backtest_tiered_raw_all_tf,binance,BTCUSDT,1h,2025-01-31T03:00:00Z,,long,T3b_H1_fail_brkdn_long,,3,,0,,,,,,,,,,,,,,,,1.158232337940193,,,,,43.96453985434572,0.9367509172858228,0.1174996032896104,,,,bull,bull,,,,,,,sl_hit,,,-0.013,,,,binance,1.0,backfilled from tiered_trades.csv; signal-TF rsi=43.96453985434572; atr_rank=0.36; dist_ema200=0.9367509172858228
ttr-20250131210000-01488,backtest_tiered_raw_all_tf,binance,BTCUSDT,1h,2025-01-31T21:00:00Z,,long,T4c_H1_sweep_lo_long,,4,,0,,,,,,,,,,,,,,,,1.0694916206082306,,,,,34.14836193859928,-1.2812114308975469,-1.8227541475478184,,,,bull,bull,,,,,,,sl_hit,,,-0.011,,,,binance,1.0,backfilled from tiered_trades.csv; signal-TF rsi=34.14836193859928; atr_rank=0.6; dist_ema200=-1.2812114308975469
ttr-20250201230000-01489,backtest_tiered_raw_all_tf,binance,BTCUSDT,1h,2025-02-01T23:00:00Z,,long,T4c_H1_sweep_lo_long,,4,,0,,,,,,,,,,,,,,,,2.470641440301332,,,,,35.358954295461004,-2.409448125168607,-1.9274422754639344,,,,bull,bull,,,,,,,sl_hit,,,-0.0109999999999999,,,,binance,1.0,backfilled from tiered_trades.csv; signal-TF rsi=35.358954295461004; atr_rank=0.21; dist_ema200=-2.409448125168607
ttr-20250202220000-01490,backtest_tiered_raw_all_tf,binance,BTCUSDT,1h,2025-02-02T22:00:00Z,,long,T4c_H1_sweep_lo_long,,4,,0,,,,,,,,,,,,,,,,1.4243343823461971,,,,,39.1872256447937,-4.186185746093843,-2.321210205259581,,,,bull,bull,,,,,,,sl_hit,,,-0.011,,,,binance,1.0,backfilled from tiered_trades.csv; signal-TF rsi=39.1872256447937; atr_rank=1.0; dist_ema200=-4.186185746093843
ttr-20250203160000-01491,backtest_tiered_raw_all_tf,binance,BTCUSDT,1h,2025-02-03T16:00:00Z,,short,T4d_H1_fail_brk_short,,4,,0,,,,,,,,,,,,,,,,0.859631763204649,,,,,72.84826705424466,-2.569331084160216,0.6988196807153185,,,,bull,bull,,,,,,,sl_hit,,,-0.011,,,,binance,1.0,backfilled from tiered_trades.csv; signal-TF rsi=72.84826705424466; atr_rank=0.85; dist_ema200=-2.569331084160216
ttr-20250207150000-01492,backtest_tiered_raw_all_tf,binance,BTCUSDT,1h,2025-02-07T15:00:00Z,,short,T4d_H1_fail_brk_short,,4,,0,,,,,,,,,,,,,,,,4.3811845952188415,,,,,58.05944039932221,-0.9489917640215108,0.6287656018551337,,,,bull,bull,,,,,,,tp_hit,,,0.019,,,,binance,1.0,backfilled from tiered_trades.csv; signal-TF rsi=58.05944039932221; atr_rank=0.3; dist_ema200=-0.9489917640215108
ttr-20250209020000-01493,backtest_tiered_raw_all_tf,binance,BTCUSDT,1h,2025-02-09T02:00:00Z,,short,T4d_H1_fail_brk_short,,4,,0,,,,,,,,,,,,,,,,1.0603026774081046,,,,,63.81754478855986,-1.7035239948647647,-0.0075684521614175,,,,bull,bull,,,,,,,tp_hit,,,0.019,,,,binance,1.0,backfilled from tiered_trades.csv; signal-TF rsi=63.81754478855986; atr_rank=0.04; dist_ema200=-1.7035239948647647
ttr-20250210090000-01494,backtest_tiered_raw_all_tf,binance,BTCUSDT,1h,2025-02-10T09:00:00Z,,short,T4d_H1_fail_brk_short,,4,,0,,,,,,,,,,,,,,,,0.7564568925797917,,,,,62.86342280692156,-0.2712953972665563,1.0208807195931175,,,,bull,bull,,,,,,,tp_hit,,,0.019,,,,binance,1.0,backfilled from tiered_trades.csv; signal-TF rsi=62.86342280692156; atr_rank=0.83; dist_ema200=-0.2712953972665563
ttr-20250212180000-01495,backtest_tiered_raw_all_tf,binance,BTCUSDT,1h,2025-02-12T18:00:00Z,,short,T4d_H1_fail_brk_short,,4,,0,,,,,,,,,,,,,,,,0.952587121403198,,,,,62.7087544126002,-0.506931221887239,0.4505487255246052,,,,bull,bull,,,,,,,sl_hit,,,-0.011,,,,binance,1.0,backfilled from tiered_trades.csv; signal-TF rsi=62.7087544126002; atr_rank=0.92; dist_ema200=-0.506931221887239
ttr-20250213140000-01496,backtest_tiered_raw_all_tf,binance,BTCUSDT,1h,2025-02-13T14:00:00Z,,long,T4c_H1_sweep_lo_long,,4,,0,,,,,,,,,,,,,,,,2.0359264089515325,,,,,22.12446717817555,-1.4805998457663547,-0.7460814589325013,,,,bull,bull,,,,,,,tp_hit,,,0.0189999999999999,,,,binance,1.0,backfilled from tiered_trades.csv; signal-TF rsi=22.12446717817555; atr_rank=0.37; dist_ema200=-1.4805998457663547
ttr-20250214040000-01497,backtest_tiered_raw_all_tf,binance,BTCUSDT,1h,2025-02-14T04:00:00Z,,short,T4d_H1_fail_brk_short,,4,,0,,,,,,,,,,,,,,,,0.5633091936110383,,,,,60.6282924413996,-0.4307703887742848,0.2754657059966425,,,,bull,bull,,,,,,,sl_hit,,,-0.011,,,,binance,1.0,backfilled from tiered_trades.csv; signal-TF rsi=60.6282924413996; atr_rank=0.39; dist_ema200=-0.4307703887742848
ttr-20250216140000-01498,backtest_tiered_raw_all_tf,binance,BTCUSDT,1h,2025-02-16T14:00:00Z,,long,T4c_H1_sweep_lo_long,,4,,0,,,,,,,,,,,,,,,,1.8973102312589996,,,,,33.37483042055722,-0.3183505632340407,-0.3597863405897901,,,,bull,bull,,,,,,,sl_hit,,,-0.011,,,,binance,1.0,backfilled from tiered_trades.csv; signal-TF rsi=33.37483042055722; atr_rank=0.14; dist_ema200=-0.3183505632340407
ttr-20250217050000-01499,backtest_tiered_raw_all_tf,binance,BTCUSDT,1h,2025-02-17T05:00:00Z,,long,T4c_H1_sweep_lo_long,,4,,0,,,,,,,,,,,,,,,,1.983114063373668,,,,,39.03909419802643,-0.9717892801546296,-0.7641297482249768,,,,bull,bull,,,,,,,sl_hit,,,-0.0109999999999999,,,,binance,1.0,backfilled from tiered_trades.csv; signal-TF rsi=39.03909419802643; atr_rank=0.5; dist_ema200=-0.9717892801546296
ttr-20250217190000-01500,backtest_tiered_raw_all_tf,binance,BTCUSDT,1h,2025-02-17T19:00:00Z,,long,T4c_H1_sweep_lo_long,,4,,0,,,,,,,,,,,,,,,,0.6536170294489972,,,,,39.57637252488304,-1.5445280264230905,-1.0452261397403817,,,,bull,bull,,,,,,,sl_hit,,,-0.0109999999999999,,,,binance,1.0,backfilled from tiered_trades.csv; signal-TF rsi=39.57637252488304; atr_rank=0.69; dist_ema200=-1.5445280264230905
ttr-20250218190000-01501,backtest_tiered_raw_all_tf,binance,BTCUSDT,1h,2025-02-18T19:00:00Z,,long,T4c_H1_sweep_lo_long,,4,,0,,,,,,,,,,,,,,,,1.523091762646693,,,,,32.44149887908317,-2.6933293978044723,-1.8194462020961952,,,,bull,bull,,,,,,,tp_hit,,,0.0189999999999999,,,,binance,1.0,backfilled from tiered_trades.csv; signal-TF rsi=32.44149887908317; atr_rank=0.91; dist_ema200=-2.6933293978044723
ttr-20250220120000-01502,backtest_tiered_raw_all_tf,binance,BTCUSDT,4h,2025-02-20T12:00:00Z,,short,T4b_H4_sstar_short,,4,,0,,,,,,,,,,,,,,,,1.4025057444927995,,,,,61.12094966656534,-1.2619905412336705,0.3372995764309402,,,,bull,bull,,,,,,,sl_hit,,,-0.0159999999999998,,,,binance,1.0,backfilled from tiered_trades.csv; signal-TF rsi=61.12094966656534; atr_rank=0.44; dist_ema200=-1.2619905412336705
ttr-20250220120000-01503,backtest_tiered_raw_all_tf,binance,BTCUSDT,4h,2025-02-20T12:00:00Z,,short,T3a_H4_sweep_hi_short_loose,,3,,0,,,,,,,,,,,,,,,,1.4025057444927995,,,,,61.12094966656534,-1.2619905412336705,0.3372995764309402,,,,bull,bull,,,,,,,sl_hit,,,-0.0159999999999998,,,,binance,1.0,backfilled from tiered_trades.csv; signal-TF rsi=61.12094966656534; atr_rank=0.44; dist_ema200=-1.2619905412336705
ttr-20250223170000-01504,backtest_tiered_raw_all_tf,binance,BTCUSDT,1h,2025-02-23T17:00:00Z,,long,T4c_H1_sweep_lo_long,,4,,0,,,,,,,,,,,,,,,,2.234242832301166,,,,,33.68271344222761,-1.077359077857704,-0.7819805849779448,,,,bull,bull,,,,,,,sl_hit,,,-0.011,,,,binance,1.0,backfilled from tiered_trades.csv; signal-TF rsi=33.68271344222761; atr_rank=0.29; dist_ema200=-1.077359077857704
ttr-20250225000000-01505,backtest_tiered_raw_all_tf,binance,BTCUSDT,1h,2025-02-25T00:00:00Z,,long,T4c_H1_sweep_lo_long,,4,,0,,,,,,,,,,,,,,,,2.608070357061991,,,,,16.03247027907507,-4.5397292220011325,-3.459815993638584,,,,bull,bull,,,,,,,sl_hit,,,-0.011,,,,binance,1.0,backfilled from tiered_trades.csv; signal-TF rsi=16.03247027907507; atr_rank=1.0; dist_ema200=-4.5397292220011325
ttr-20250225150000-01506,backtest_tiered_raw_all_tf,binance,BTCUSDT,1h,2025-02-25T15:00:00Z,,long,T4c_H1_sweep_lo_long,,4,,0,,,,,,,,,,,,,,,,2.346273241816116,,,,,21.899239595061047,-8.50332856851377,-5.863389112001806,,,,bull,bull,,,,,,,sl_hit,,,-0.011,,,,binance,1.0,backfilled from tiered_trades.csv; signal-TF rsi=21.899239595061047; atr_rank=1.0; dist_ema200=-8.50332856851377
ttr-20250226200000-01507,backtest_tiered_raw_all_tf,binance,BTCUSDT,1h,2025-02-26T20:00:00Z,,long,T4c_H1_sweep_lo_long,,4,,0,,,,,,,,,,,,,,,,2.6590703086567964,,,,,21.68472009382039,-9.662843871117346,-5.272858274452972,,,,bull,bull,,,,,,,sl_hit,,,-0.0109999999999999,,,,binance,1.0,backfilled from tiered_trades.csv; signal-TF rsi=21.68472009382039; atr_rank=0.97; dist_ema200=-9.662843871117346
ttr-20250228000000-01508,backtest_tiered_raw_all_tf,binance,BTCUSDT,1d,2025-02-28T00:00:00Z,,long,T2a_D_hammer_long,,2,,0,,,,,,,,,,,,,,,,3.0045072492556804,,,,,17.466005226996344,-1.4948725657526214,-11.836888243283989,,,63.371444105089786,bull,bull,,1.0298146148831089,,,,,tp_hit,,,0.119,,,,binance,1.0,backfilled from tiered_trades.csv; signal-TF rsi=17.466005226996344; atr_rank=0.43; dist_ema200=-1.4948725657526214
ttr-20250228040000-01509,backtest_tiered_raw_all_tf,binance,BTCUSDT,1h,2025-02-28T04:00:00Z,,long,T4c_H1_sweep_lo_long,,4,,0,,,,,,,,,,,,,,,,1.7796451422694997,,,,,22.67908754272125,-11.614239850458103,-6.015216667541008,,,,bull,bull,,,,,,,sl_hit,,,-0.011,,,,binance,1.0,backfilled from tiered_trades.csv; signal-TF rsi=22.67908754272125; atr_rank=0.93; dist_ema200=-11.614239850458103
ttr-20250301030000-01510,backtest_tiered_raw_all_tf,binance,BTCUSDT,1h,2025-03-01T03:00:00Z,,short,T4d_H1_fail_brk_short,,4,,0,,,,,,,,,,,,,,,,0.4289100482946078,,,,,77.06632718158379,-4.424829760610434,1.4866247010512903,,,,bull,bull,,,,,,,sl_hit,,,-0.011,,,,binance,1.0,backfilled from tiered_trades.csv; signal-TF rsi=77.06632718158379; atr_rank=0.44; dist_ema200=-4.424829760610434
ttr-20250303150000-01511,backtest_tiered_raw_all_tf,binance,BTCUSDT,1h,2025-03-03T15:00:00Z,,long,T3b_H1_fail_brkdn_long,,3,,0,,,,,,,,,,,,,,,,2.7974111413524185,,,,,37.24288254366698,0.9969913604231172,0.2693260710871707,,,,bull,bull,,,,,,,sl_hit,,,-0.0129999999999999,,,,binance,1.0,backfilled from tiered_trades.csv; signal-TF rsi=37.24288254366698; atr_rank=0.68; dist_ema200=0.9969913604231172
ttr-20250303200000-01512,backtest_tiered_raw_all_tf,binance,BTCUSDT,1h,2025-03-03T20:00:00Z,,long,T4c_H1_sweep_lo_long,,4,,0,,,,,,,,,,,,,,,,1.9474395359985048,,,,,30.38585582522116,-3.376948156365424,-3.745372876525091,,,,bull,bull,,,,,,,sl_hit,,,-0.011,,,,binance,1.0,backfilled from tiered_trades.csv; signal-TF rsi=30.38585582522116; atr_rank=0.95; dist_ema200=-3.376948156365424
ttr-20250304200000-01513,backtest_tiered_raw_all_tf,binance,BTCUSDT,1h,2025-03-04T20:00:00Z,,short,T4d_H1_fail_brk_short,,4,,0,,,,,,,,,,,,,,,,1.0208886298376465,,,,,64.48162431830244,-1.469077643039357,0.4134461512563653,,,,bull,bull,,,,,,,sl_hit,,,-0.0109999999999999,,,,binance,1.0,backfilled from tiered_trades.csv; signal-TF rsi=64.48162431830244; atr_rank=0.81; dist_ema200=-1.469077643039357
ttr-20250309110000-01514,backtest_tiered_raw_all_tf,binance,BTCUSDT,1h,2025-03-09T11:00:00Z,,long,T4c_H1_sweep_lo_long,,4,,0,,,,,,,,,,,,,,,,2.122441164795294,,,,,26.9228852765648,-3.169179883103391,-1.806664705709889,,,,bull,bull,,,,,,,sl_hit,,,-0.011,,,,binance,1.0,backfilled from tiered_trades.csv; signal-TF rsi=26.9228852765648; atr_rank=0.08; dist_ema200=-3.169179883103391
ttr-20250309230000-01515,backtest_tiered_raw_all_tf,binance,BTCUSDT,1h,2025-03-09T23:00:00Z,,long,T4c_H1_sweep_lo_long,,4,,0,,,,,,,,,,,,,,,,2.021154214766749,,,,,18.47347717840144,-7.427347800718143,-5.027273532297212,,,,bull,bull,,,,,,,tp_hit,,,0.0189999999999999,,,,binance,1.0,backfilled from tiered_trades.csv; signal-TF rsi=18.47347717840144; atr_rank=0.62; dist_ema200=-7.427347800718143
ttr-20250310190000-01516,backtest_tiered_raw_all_tf,binance,BTCUSDT,1h,2025-03-10T19:00:00Z,,long,T4c_H1_sweep_lo_long,,4,,0,,,,,,,,,,,,,,,,1.7436578753351484,,,,,35.7756287283525,-8.201028130759235,-4.518012514242744,,,,bull,bull,,,,,,,sl_hit,,,-0.0109999999999999,,,,binance,1.0,backfilled from tiered_trades.csv; signal-TF rsi=35.7756287283525; atr_rank=0.94; dist_ema200=-8.201028130759235
ttr-20250311190000-01517,backtest_tiered_raw_all_tf,binance,BTCUSDT,1h,2025-03-11T19:00:00Z,,short,T4d_H1_fail_brk_short,,4,,0,,,,,,,,,,,,,,,,0.6735447266018227,,,,,68.32776838464304,-2.1569216615872167,1.8966820743650936,,,,bull,bull,,,,,,,tp_hit,,,0.0189999999999999,,,,binance,1.0,backfilled from tiered_trades.csv; signal-TF rsi=68.32776838464304; atr_rank=0.65; dist_ema200=-2.1569216615872167
ttr-20250314110000-01518,backtest_tiered_raw_all_tf,binance,BTCUSDT,1h,2025-03-14T11:00:00Z,,short,T4d_H1_fail_brk_short,,4,,0,,,,,,,,,,,,,,,,0.8009055240973417,,,,,81.38071212637097,-0.5548797509149184,1.3210207191154515,,,,bull,bull,,,,,,,sl_hit,,,-0.0109999999999999,,,,binance,1.0,backfilled from tiered_trades.csv; signal-TF rsi=81.38071212637097; atr_rank=0.01; dist_ema200=-0.5548797509149184
ttr-20250316230000-01519,backtest_tiered_raw_all_tf,binance,BTCUSDT,1h,2025-03-16T23:00:00Z,,long,T4c_H1_sweep_lo_long,,4,,0,,,,,,,,,,,,,,,,1.012894266692286,,,,,38.8899809973133,-1.4592806167071488,-1.1565344265819864,,,,bull,bull,,,,,,,tp_hit,,,0.0189999999999999,,,,binance,1.0,backfilled from tiered_trades.csv; signal-TF rsi=38.8899809973133; atr_rank=0.8; dist_ema200=-1.4592806167071488
ttr-20250320000000-01520,backtest_tiered_raw_all_tf,binance,BTCUSDT,4h,2025-03-20T00:00:00Z,,short,T3a_H4_sweep_hi_short_loose,,3,,0,,,,,,,,,,,,,,,,1.2293866235487771,,,,,57.74275156370084,-2.2488382538164253,2.4500829390341,,,,bull,bull,,,,,,,tp_hit,,,0.0289999999999999,,,,binance,1.0,backfilled from tiered_trades.csv; signal-TF rsi=57.74275156370084; atr_rank=0.22; dist_ema200=-2.2488382538164253
ttr-20250322210000-01521,backtest_tiered_raw_all_tf,binance,BTCUSDT,1h,2025-03-22T21:00:00Z,,long,T4c_H1_sweep_lo_long,,4,,0,,,,,,,,,,,,,,,,0.9914570487692596,,,,,39.38869897446186,-0.0422080200016646,-0.2694529430252459,,,,bull,bull,,,,,,,tp_hit,,,0.0190000000000001,,,,binance,1.0,backfilled from tiered_trades.csv; signal-TF rsi=39.38869897446186; atr_rank=0.05; dist_ema200=-0.0422080200016646
ttr-20250325040000-01522,backtest_tiered_raw_all_tf,binance,BTCUSDT,1h,2025-03-25T04:00:00Z,,long,T3b_H1_fail_brkdn_long,,3,,0,,,,,,,,,,,,,,,,0.5251817186018619,,,,,31.759117669053825,1.840885209691875,0.0457736895274645,,,,bull,bull,,,,,,,time,,,0.0102591793884397,,,,binance,1.0,backfilled from tiered_trades.csv; signal-TF rsi=31.759117669053825; atr_rank=0.8; dist_ema200=1.840885209691875
ttr-20250325040000-01523,backtest_tiered_raw_all_tf,binance,BTCUSDT,1h,2025-03-25T04:00:00Z,,long,T4c_H1_sweep_lo_long,,4,,0,,,,,,,,,,,,,,,,0.5251817186018619,,,,,31.759117669053825,1.840885209691875,0.0457736895274645,,,,bull,bull,,,,,,,tp_hit,,,0.0190000000000001,,,,binance,1.0,backfilled from tiered_trades.csv; signal-TF rsi=31.759117669053825; atr_rank=0.8; dist_ema200=1.840885209691875
ttr-20250326190000-01524,backtest_tiered_raw_all_tf,binance,BTCUSDT,1h,2025-03-26T19:00:00Z,,long,T4c_H1_sweep_lo_long,,4,,0,,,,,,,,,,,,,,,,1.3811501263397212,,,,,36.68637069649452,0.9492438107236372,-0.6689613711457969,,,,bull,bull,,,,,,,sl_hit,,,-0.0109999999999999,,,,binance,1.0,backfilled from tiered_trades.csv; signal-TF rsi=36.68637069649452; atr_rank=0.81; dist_ema200=0.9492438107236372
ttr-20250328110000-01525,backtest_tiered_raw_all_tf,binance,BTCUSDT,1h,2025-03-28T11:00:00Z,,long,T4c_H1_sweep_lo_long,,4,,0,,,,,,,,,,,,,,,,1.570049524693094,,,,,13.702176532609869,-0.9719006561414076,-1.6565763274120306,,,,bull,bull,,,,,,,sl_hit,,,-0.011,,,,binance,1.0,backfilled from tiered_trades.csv; signal-TF rsi=13.702176532609869; atr_rank=0.18; dist_ema200=-0.9719006561414076
ttr-20250329170000-01526,backtest_tiered_raw_all_tf,binance,BTCUSDT,1h,2025-03-29T17:00:00Z,,long,T4c_H1_sweep_lo_long,,4,,0,,,,,,,,,,,,,,,,2.271385052127996,,,,,24.70876745809096,-3.6488024558529952,-2.4718292901443184,,,,bull,bull,,,,,,,sl_hit,,,-0.0109999999999999,,,,binance,1.0,backfilled from tiered_trades.csv; signal-TF rsi=24.70876745809096; atr_rank=0.61; dist_ema200=-3.6488024558529952
ttr-20250330170000-01527,backtest_tiered_raw_all_tf,binance,BTCUSDT,1h,2025-03-30T17:00:00Z,,long,T4c_H1_sweep_lo_long,,4,,0,,,,,,,,,,,,,,,,1.051221610566041,,,,,36.63692153796092,-2.925727264562102,-1.25529206508374,,,,bull,bull,,,,,,,sl_hit,,,-0.011,,,,binance,1.0,backfilled from tiered_trades.csv; signal-TF rsi=36.63692153796092; atr_rank=0.21; dist_ema200=-2.925727264562102
ttr-20250331150000-01528,backtest_tiered_raw_all_tf,binance,BTCUSDT,1h,2025-03-31T15:00:00Z,,short,T4d_H1_fail_brk_short,,4,,0,,,,,,,,,,,,,,,,1.3780241496654435,,,,,66.59240694328416,-1.14071028493113,0.7613594622773221,,,,bull,bull,,,,,,,sl_hit,,,-0.0109999999999999,,,,binance,1.0,backfilled from tiered_trades.csv; signal-TF rsi=66.59240694328416; atr_rank=0.98; dist_ema200=-1.14071028493113
ttr-20250401200000-01529,backtest_tiered_raw_all_tf,binance,BTCUSDT,4h,2025-04-01T20:00:00Z,,short,T4b_H4_sstar_short,,4,,0,,,,,,,,,,,,,,,,0.6756037549843807,,,,,66.5028232080612,-1.2422380294934348,1.0832063769764515,,,,bull,bull,,,,,,,sl_hit,,,-0.0159999999999999,,,,binance,1.0,backfilled from tiered_trades.csv; signal-TF rsi=66.5028232080612; atr_rank=0.8; dist_ema200=-1.2422380294934348
ttr-20250403150000-01530,backtest_tiered_raw_all_tf,binance,BTCUSDT,1h,2025-04-03T15:00:00Z,,long,T4c_H1_sweep_lo_long,,4,,0,,,,,,,,,,,,,,,,1.2621698250628268,,,,,32.74615364579692,-2.5775424468295687,-2.111157989000405,,,,bull,bull,,,,,,,tp_hit,,,0.0189999999999999,,,,binance,1.0,backfilled from tiered_trades.csv; signal-TF rsi=32.74615364579692; atr_rank=0.59; dist_ema200=-2.5775424468295687
ttr-20250406140000-01531,backtest_tiered_raw_all_tf,binance,BTCUSDT,1h,2025-04-06T14:00:00Z,,long,T4c_H1_sweep_lo_long,,4,,0,,,,,,,,,,,,,,,,2.068512280628897,,,,,29.349230052674585,-1.236171688046147,-0.6414176235498745,,,,bull,bull,,,,,,,sl_hit,,,-0.011,,,,binance,1.0,backfilled from tiered_trades.csv; signal-TF rsi=29.349230052674585; atr_rank=0.12; dist_ema200=-1.236171688046147
ttr-20250407000000-01532,backtest_tiered_raw_all_tf,binance,BTCUSDT,1w,2025-04-07T00:00:00Z,,long,T1b_W_rsi_os_long,,1,,0,,,,,,,,,,,,,,,,1.3694187252063992,,,,,40.22777487090551,69.36668944277746,9.376691747313355,,,,bull,bull,,,,,,,tp_hit,,,0.249,,,,binance,1.0,backfilled from tiered_trades.csv; signal-TF rsi=40.22777487090551; atr_rank=0.87; dist_ema200=69.36668944277746
ttr-20250407070000-01533,backtest_tiered_raw_all_tf,binance,BTCUSDT,1h,2025-04-07T07:00:00Z,,long,T4c_H1_sweep_lo_long,,4,,0,,,,,,,,,,,,,,,,1.6838776003311815,,,,,21.1682276181875,-9.363425816856491,-6.960153991140585,,,,bull,bull,,,,,,,tp_hit,,,0.0189999999999999,,,,binance,1.0,backfilled from tiered_trades.csv; signal-TF rsi=21.1682276181875; atr_rank=0.99; dist_ema200=-9.363425816856491
ttr-20250409000000-01534,backtest_tiered_raw_all_tf,binance,BTCUSDT,1h,2025-04-09T00:00:00Z,,long,T4c_H1_sweep_lo_long,,4,,0,,,,,,,,,,,,,,,,1.1472621286557454,,,,,27.67012394738323,-5.964453598353635,-2.8202188732621485,,,,bull,bull,,,,,,,sl_hit,,,-0.011,,,,binance,1.0,backfilled from tiered_trades.csv; signal-TF rsi=27.67012394738323; atr_rank=0.66; dist_ema200=-5.964453598353635
ttr-20250409200000-01535,backtest_tiered_raw_all_tf,binance,BTCUSDT,4h,2025-04-09T20:00:00Z,,short,T3a_H4_sweep_hi_short_loose,,3,,0,,,,,,,,,,,,,,,,1.1601016742045986,,,,,61.239848226225575,-1.9323617081440163,2.310622210568212,,,,bull,bull,,,,,,,tp_hit,,,0.029,,,,binance,1.0,backfilled from tiered_trades.csv; signal-TF rsi=61.239848226225575; atr_rank=0.91; dist_ema200=-1.9323617081440163
ttr-20250409200000-01536,backtest_tiered_raw_all_tf,binance,BTCUSDT,4h,2025-04-09T20:00:00Z,,short,T4b_H4_sstar_short,,4,,0,,,,,,,,,,,,,,,,1.1601016742045986,,,,,61.239848226225575,-1.9323617081440163,2.310622210568212,,,,bull,bull,,,,,,,tp_hit,,,0.029,,,,binance,1.0,backfilled from tiered_trades.csv; signal-TF rsi=61.239848226225575; atr_rank=0.91; dist_ema200=-1.9323617081440163
ttr-20250410160000-01537,backtest_tiered_raw_all_tf,binance,BTCUSDT,1h,2025-04-10T16:00:00Z,,long,T4c_H1_sweep_lo_long,,4,,0,,,,,,,,,,,,,,,,1.6123740362140075,,,,,30.118873524940327,-1.837448731383201,-0.9298999680525366,,,,bull,bull,,,,,,,sl_hit,,,-0.011,,,,binance,1.0,backfilled from tiered_trades.csv; signal-TF rsi=30.118873524940327; atr_rank=0.36; dist_ema200=-1.837448731383201
ttr-20250411200000-01538,backtest_tiered_raw_all_tf,binance,BTCUSDT,4h,2025-04-11T20:00:00Z,,short,T3a_H4_sweep_hi_short_loose,,3,,0,,,,,,,,,,,,,,,,0.3629846273327934,,,,,70.00903447899874,-0.6025658121843954,2.918125444764798,,,,bull,bull,,,,,,,sl_hit,,,-0.0159999999999999,,,,binance,1.0,backfilled from tiered_trades.csv; signal-TF rsi=70.00903447899874; atr_rank=0.74; dist_ema200=-0.6025658121843954
ttr-20250413140000-01539,backtest_tiered_raw_all_tf,binance,BTCUSDT,1h,2025-04-13T14:00:00Z,,long,T3b_H1_fail_brkdn_long,,3,,0,,,,,,,,,,,,,,,,0.8086622303098403,,,,,32.16674380636063,2.300794418730033,0.2321352455446472,,,,bull,bull,,,,,,,sl_hit,,,-0.013,,,,binance,1.0,backfilled from tiered_trades.csv; signal-TF rsi=32.16674380636063; atr_rank=0.34; dist_ema200=2.300794418730033
ttr-20250413140000-01540,backtest_tiered_raw_all_tf,binance,BTCUSDT,1h,2025-04-13T14:00:00Z,,long,T4c_H1_sweep_lo_long,,4,,0,,,,,,,,,,,,,,,,0.8086622303098403,,,,,32.16674380636063,2.300794418730033,0.2321352455446472,,,,bull,bull,,,,,,,sl_hit,,,-0.0109999999999999,,,,binance,1.0,backfilled from tiered_trades.csv; signal-TF rsi=32.16674380636063; atr_rank=0.34; dist_ema200=2.300794418730033
ttr-20250416010000-01541,backtest_tiered_raw_all_tf,binance,BTCUSDT,1h,2025-04-16T01:00:00Z,,long,T4c_H1_sweep_lo_long,,4,,0,,,,,,,,,,,,,,,,0.8690216464978621,,,,,24.0153076714124,0.3952148123299175,-1.123879230622044,,,,bull,bull,,,,,,,tp_hit,,,0.0189999999999999,,,,binance,1.0,backfilled from tiered_trades.csv; signal-TF rsi=24.0153076714124; atr_rank=0.43; dist_ema200=0.3952148123299175
ttr-20250418140000-01542,backtest_tiered_raw_all_tf,binance,BTCUSDT,1h,2025-04-18T14:00:00Z,,long,T4c_H1_sweep_lo_long,,4,,0,,,,,,,,,,,,,,,,0.9154349774314324,,,,,37.20439281573409,0.894074713614083,-0.0054075033630183,,,,bull,bull,,,,,,,time,,,-0.000491269713003,,,,binance,1.0,backfilled from tiered_trades.csv; signal-TF rsi=37.20439281573409; atr_rank=0.01; dist_ema200=0.894074713614083
ttr-20250426130000-01543,backtest_tiered_raw_all_tf,binance,BTCUSDT,1h,2025-04-26T13:00:00Z,,long,T4c_H1_sweep_lo_long,,4,,0,,,,,,,,,,,,,,,,1.1331938869989109,,,,,34.97550554348227,3.997211222056947,0.1333339505658035,,,,bull,bull,,,,,,,sl_hit,,,-0.0109999999999999,,,,binance,1.0,backfilled from tiered_trades.csv; signal-TF rsi=34.97550554348227; atr_rank=0.02; dist_ema200=3.997211222056947
ttr-20250427130000-01544,backtest_tiered_raw_all_tf,binance,BTCUSDT,1h,2025-04-27T13:00:00Z,,long,T4c_H1_sweep_lo_long,,4,,0,,,,,,,,,,,,,,,,0.937702503698472,,,,,39.545757445225945,3.0064359861108105,-0.0614673253756518,,,,bull,bull,,,,,,,sl_hit,,,-0.011,,,,binance,1.0,backfilled from tiered_trades.csv; signal-TF rsi=39.545757445225945; atr_rank=0.22; dist_ema200=3.0064359861108105
ttr-20250428000000-01545,backtest_tiered_raw_all_tf,binance,BTCUSDT,4h,2025-04-28T00:00:00Z,,long,T4a_H4_hammer_long,,4,,0,,,,,,,,,,,,,,,,1.410016740142933,,,,,32.02773655263587,7.644169162141545,2.3273481634193494,,,,bull,bull,,,,,,,tp_hit,,,0.029,,,,binance,1.0,backfilled from tiered_trades.csv; signal-TF rsi=32.02773655263587; atr_rank=0.15; dist_ema200=7.644169162141545
ttr-20250429230000-01546,backtest_tiered_raw_all_tf,binance,BTCUSDT,1h,2025-04-29T23:00:00Z,,long,T4c_H1_sweep_lo_long,,4,,0,,,,,,,,,,,,,,,,1.397279026966498,,,,,38.2677251118032,1.6356016360914425,-0.3884398873234057,,,,bull,bull,,,,,,,sl_hit,,,-0.0109999999999999,,,,binance,1.0,backfilled from tiered_trades.csv; signal-TF rsi=38.2677251118032; atr_rank=0.75; dist_ema200=1.6356016360914425
ttr-20250503040000-01547,backtest_tiered_raw_all_tf,binance,BTCUSDT,1h,2025-05-03T04:00:00Z,,long,T3b_H1_fail_brkdn_long,,3,,0,,,,,,,,,,,,,,,,0.416222446760779,,,,,25.30165988275158,2.138422227535431,0.114217064613286,,,,bull,bull,,,,,,,sl_hit,,,-0.013,,,,binance,1.0,backfilled from tiered_trades.csv; signal-TF rsi=25.30165988275158; atr_rank=0.03; dist_ema200=2.138422227535431
ttr-20250505000000-01548,backtest_tiered_raw_all_tf,binance,BTCUSDT,4h,2025-05-05T00:00:00Z,,long,T4a_H4_hammer_long,,4,,0,,,,,,,,,,,,,,,,1.9908872349252,,,,,17.73878403154805,4.419171878633769,-0.9200335072248732,,,,bull,bull,,,,,,,tp_hit,,,0.029,,,,binance,1.0,backfilled from tiered_trades.csv; signal-TF rsi=17.73878403154805; atr_rank=0.16; dist_ema200=4.419171878633769
ttr-20250505020000-01549,backtest_tiered_raw_all_tf,binance,BTCUSDT,1h,2025-05-05T02:00:00Z,,long,T4c_H1_sweep_lo_long,,4,,0,,,,,,,,,,,,,,,,2.1473906931474254,,,,,34.74205524168555,-0.7355348846991081,-1.4561881485098025,,,,bull,bull,,,,,,,tp_hit,,,0.019,,,,binance,1.0,backfilled from tiered_trades.csv; signal-TF rsi=34.74205524168555; atr_rank=0.75; dist_ema200=-0.7355348846991081
ttr-20250505230000-01550,backtest_tiered_raw_all_tf,binance,BTCUSDT,1h,2025-05-05T23:00:00Z,,short,T4d_H1_fail_brk_short,,4,,0,,,,,,,,,,,,,,,,0.5947338593040011,,,,,52.321596619258,-0.1089511797104386,-0.2259730260617845,,,,bull,bull,,,,,,,sl_hit,,,-0.011,,,,binance,1.0,backfilled from tiered_trades.csv; signal-TF rsi=52.321596619258; atr_rank=0.92; dist_ema200=-0.1089511797104386
ttr-20250519050000-01551,backtest_tiered_raw_all_tf,binance,BTCUSDT,1h,2025-05-19T05:00:00Z,,long,T4c_H1_sweep_lo_long,,4,,0,,,,,,,,,,,,,,,,1.4275691509560198,,,,,35.014930879131526,0.0175177213219627,-0.9434695141404352,,,,bull,bull,,,,,,,sl_hit,,,-0.011,,,,binance,1.0,backfilled from tiered_trades.csv; signal-TF rsi=35.014930879131526; atr_rank=0.98; dist_ema200=0.0175177213219627
ttr-20250523000000-01552,backtest_tiered_raw_all_tf,binance,BTCUSDT,1d,2025-05-23T00:00:00Z,,short,T2c_D_fail_brk_short,,2,,0,,,,,,,,,,,,,,,,1.3940711338253182,,,,,60.17132284696224,20.18036335594014,10.214118420401288,,,60.52435125747361,bull,bull,,1.0827597944642524,,,,,time,,,0.0143428632395407,,,,binance,1.0,backfilled from tiered_trades.csv; signal-TF rsi=60.17132284696224; atr_rank=0.35; dist_ema200=20.18036335594014
ttr-20250525090000-01553,backtest_tiered_raw_all_tf,binance,BTCUSDT,1h,2025-05-25T09:00:00Z,,long,T4c_H1_sweep_lo_long,,4,,0,,,,,,,,,,,,,,,,1.9652451759887333,,,,,23.69665110042679,-0.0352072625836538,-1.2474190195801462,,,,bull,bull,,,,,,,tp_hit,,,0.019,,,,binance,1.0,backfilled from tiered_trades.csv; signal-TF rsi=23.69665110042679; atr_rank=0.26; dist_ema200=-0.0352072625836538
ttr-20250528100000-01554,backtest_tiered_raw_all_tf,binance,BTCUSDT,1h,2025-05-28T10:00:00Z,,long,T4c_H1_sweep_lo_long,,4,,0,,,,,,,,,,,,,,,,0.982183569108786,,,,,37.65156175244318,0.6127995709022145,-0.2746918141293967,,,,bull,bull,,,,,,,sl_hit,,,-0.011,,,,binance,1.0,backfilled from tiered_trades.csv; signal-TF rsi=37.65156175244318; atr_rank=0.19; dist_ema200=0.6127995709022145
ttr-20250530000000-01555,backtest_tiered_raw_all_tf,binance,BTCUSDT,4h,2025-05-30T00:00:00Z,,long,T4a_H4_hammer_long,,4,,0,,,,,,,,,,,,,,,,1.406983400377865,,,,,28.17077094587252,3.5214145834072403,-1.682447531792581,,,,bull,bull,,,,,,,sl_hit,,,-0.016,,,,binance,1.0,backfilled from tiered_trades.csv; signal-TF rsi=28.17077094587252; atr_rank=0.5; dist_ema200=3.5214145834072403
ttr-20250531000000-01556,backtest_tiered_raw_all_tf,binance,BTCUSDT,4h,2025-05-31T00:00:00Z,,long,T4a_H4_hammer_long,,4,,0,,,,,,,,,,,,,,,,1.0087222974604553,,,,,33.41151247136935,1.1004042792388284,-3.261124939565288,,,,bull,bull,,,,,,,tp_hit,,,0.029,,,,binance,1.0,backfilled from tiered_trades.csv; signal-TF rsi=33.41151247136935; atr_rank=0.71; dist_ema200=1.1004042792388284
ttr-20250531030000-01557,backtest_tiered_raw_all_tf,binance,BTCUSDT,1h,2025-05-31T03:00:00Z,,long,T4c_H1_sweep_lo_long,,4,,0,,,,,,,,,,,,,,,,0.7061960299543668,,,,,32.977839751636736,-3.285435297594872,-1.905419043572774,,,,bull,bull,,,,,,,tp_hit,,,0.019,,,,binance,1.0,backfilled from tiered_trades.csv; signal-TF rsi=32.977839751636736; atr_rank=0.93; dist_ema200=-3.285435297594872
ttr-20250531220000-01558,backtest_tiered_raw_all_tf,binance,BTCUSDT,1h,2025-05-31T22:00:00Z,,short,T4d_H1_fail_brk_short,,4,,0,,,,,,,,,,,,,,,,0.5476043710295699,,,,,70.54772635544175,-1.9249574875373807,-0.2771296121994008,,,,bull,bull,,,,,,,sl_hit,,,-0.0109999999999999,,,,binance,1.0,backfilled from tiered_trades.csv; signal-TF rsi=70.54772635544175; atr_rank=0.03; dist_ema200=-1.9249574875373807
ttr-20250601230000-01559,backtest_tiered_raw_all_tf,binance,BTCUSDT,1h,2025-06-01T23:00:00Z,,short,T4d_H1_fail_brk_short,,4,,0,,,,,,,,,,,,,,,,0.9860481013281984,,,,,82.27615676110678,-0.5483380079220249,0.817652098277569,,,,bull,bull,,,,,,,sl_hit,,,-0.011,,,,binance,1.0,backfilled from tiered_trades.csv; signal-TF rsi=82.27615676110678; atr_rank=0.31; dist_ema200=-0.5483380079220249
ttr-20250602120000-01560,backtest_tiered_raw_all_tf,binance,BTCUSDT,1h,2025-06-02T12:00:00Z,,long,T4c_H1_sweep_lo_long,,4,,0,,,,,,,,,,,,,,,,1.402931796679688,,,,,28.99747046204118,-1.7525916253845402,-0.5736164150183756,,,,bull,bull,,,,,,,tp_hit,,,0.0189999999999999,,,,binance,1.0,backfilled from tiered_trades.csv; signal-TF rsi=28.99747046204118; atr_rank=0.48; dist_ema200=-1.7525916253845402
ttr-20250603020000-01561,backtest_tiered_raw_all_tf,binance,BTCUSDT,1h,2025-06-03T02:00:00Z,,short,T4d_H1_fail_brk_short,,4,,0,,,,,,,,,,,,,,,,1.1050497181043375,,,,,66.29322121508609,-0.2916554378718736,0.6523500223980895,,,,bull,bull,,,,,,,sl_hit,,,-0.011,,,,binance,1.0,backfilled from tiered_trades.csv; signal-TF rsi=66.29322121508609; atr_rank=0.7; dist_ema200=-0.2916554378718736
ttr-20250605130000-01562,backtest_tiered_raw_all_tf,binance,BTCUSDT,1h,2025-06-05T13:00:00Z,,short,T4d_H1_fail_brk_short,,4,,0,,,,,,,,,,,,,,,,3.63873956212837,,,,,48.07066723609963,-1.021372477329817,-0.5029191700058672,,,,bull,bull,,,,,,,tp_hit,,,0.019,,,,binance,1.0,backfilled from tiered_trades.csv; signal-TF rsi=48.07066723609963; atr_rank=0.68; dist_ema200=-1.021372477329817
ttr-20250606160000-01563,backtest_tiered_raw_all_tf,binance,BTCUSDT,1h,2025-06-06T16:00:00Z,,short,T4d_H1_fail_brk_short,,4,,0,,,,,,,,,,,,,,,,1.2541170433097,,,,,85.56829920948519,-0.2494259927023667,0.8386186979109101,,,,bull,bull,,,,,,,sl_hit,,,-0.011,,,,binance,1.0,backfilled from tiered_trades.csv; signal-TF rsi=85.56829920948519; atr_rank=0.53; dist_ema200=-0.2494259927023667
ttr-20250608100000-01564,backtest_tiered_raw_all_tf,binance,BTCUSDT,1h,2025-06-08T10:00:00Z,,long,T3b_H1_fail_brkdn_long,,3,,0,,,,,,,,,,,,,,,,2.192632275913456,,,,,36.59092652877808,0.263579676457375,0.3000119645982312,,,,bull,bull,,,,,,,tp_hit,,,0.0239999999999999,,,,binance,1.0,backfilled from tiered_trades.csv; signal-TF rsi=36.59092652877808; atr_rank=0.04; dist_ema200=0.263579676457375
ttr-20250608100000-01565,backtest_tiered_raw_all_tf,binance,BTCUSDT,1h,2025-06-08T10:00:00Z,,long,T4c_H1_sweep_lo_long,,4,,0,,,,,,,,,,,,,,,,2.192632275913456,,,,,36.59092652877808,0.263579676457375,0.3000119645982312,,,,bull,bull,,,,,,,tp_hit,,,0.0189999999999999,,,,binance,1.0,backfilled from tiered_trades.csv; signal-TF rsi=36.59092652877808; atr_rank=0.04; dist_ema200=0.263579676457375
ttr-20250610150000-01566,backtest_tiered_raw_all_tf,binance,BTCUSDT,1h,2025-06-10T15:00:00Z,,long,T4c_H1_sweep_lo_long,,4,,0,,,,,,,,,,,,,,,,1.5763797378119668,,,,,39.22862373255374,2.643858057935528,0.9205780858164369,,,,bull,bull,,,,,,,sl_hit,,,-0.0109999999999999,,,,binance,1.0,backfilled from tiered_trades.csv; signal-TF rsi=39.22862373255374; atr_rank=0.72; dist_ema200=2.643858057935528
ttr-20250611220000-01567,backtest_tiered_raw_all_tf,binance,BTCUSDT,1h,2025-06-11T22:00:00Z,,long,T4c_H1_sweep_lo_long,,4,,0,,,,,,,,,,,,,,,,1.1895425619056696,,,,,30.85657303180885,1.2991180355162348,-0.456271112401983,,,,bull,bull,,,,,,,sl_hit,,,-0.0109999999999999,,,,binance,1.0,backfilled from tiered_trades.csv; signal-TF rsi=30.85657303180885; atr_rank=0.76; dist_ema200=1.2991180355162348
ttr-20250612130000-01568,backtest_tiered_raw_all_tf,binance,BTCUSDT,1h,2025-06-12T13:00:00Z,,long,T4c_H1_sweep_lo_long,,4,,0,,,,,,,,,,,,,,,,1.4253064159061153,,,,,19.206575231001963,-0.074623874887087,-1.2037451208733012,,,,bull,bull,,,,,,,sl_hit,,,-0.0109999999999999,,,,binance,1.0,backfilled from tiered_trades.csv; signal-TF rsi=19.206575231001963; atr_rank=0.44; dist_ema200=-0.074623874887087
ttr-20250613010000-01569,backtest_tiered_raw_all_tf,binance,BTCUSDT,1h,2025-06-13T01:00:00Z,,long,T4c_H1_sweep_lo_long,,4,,0,,,,,,,,,,,,,,,,3.271779215150739,,,,,27.92602150294762,-3.063828207256641,-3.4936937881888994,,,,bull,bull,,,,,,,tp_hit,,,0.0189999999999999,,,,binance,1.0,backfilled from tiered_trades.csv; signal-TF rsi=27.92602150294762; atr_rank=1.0; dist_ema200=-3.063828207256641
ttr-20250614000000-01570,backtest_tiered_raw_all_tf,binance,BTCUSDT,1h,2025-06-14T00:00:00Z,,short,T4d_H1_fail_brk_short,,4,,0,,,,,,,,,,,,,,,,1.671210241196568,,,,,64.02828312587488,-0.7666223903445966,-0.2635871386152247,,,,bull,bull,,,,,,,time,,,0.0027514297010422,,,,binance,1.0,backfilled from tiered_trades.csv; signal-TF rsi=64.02828312587488; atr_rank=0.58; dist_ema200=-0.7666223903445966
ttr-20250614150000-01571,backtest_tiered_raw_all_tf,binance,BTCUSDT,1h,2025-06-14T15:00:00Z,,long,T4c_H1_sweep_lo_long,,4,,0,,,,,,,,,,,,,,,,0.9990092519439602,,,,,27.37116257653264,-1.4932316310182925,-0.763986909331243,,,,bull,bull,,,,,,,tp_hit,,,0.019,,,,binance,1.0,backfilled from tiered_trades.csv; signal-TF rsi=27.37116257653264; atr_rank=0.01; dist_ema200=-1.4932316310182925
ttr-20250615010000-01572,backtest_tiered_raw_all_tf,binance,BTCUSDT,1h,2025-06-15T01:00:00Z,,short,T4d_H1_fail_brk_short,,4,,0,,,,,,,,,,,,,,,,0.6668829440993725,,,,,56.63252130498415,-0.8290298207669269,-0.0486951259235603,,,,bull,bull,,,,,,,sl_hit,,,-0.011,,,,binance,1.0,backfilled from tiered_trades.csv; signal-TF rsi=56.63252130498415; atr_rank=0.25; dist_ema200=-0.8290298207669269
ttr-20250615210000-01573,backtest_tiered_raw_all_tf,binance,BTCUSDT,1h,2025-06-15T21:00:00Z,,long,T4c_H1_sweep_lo_long,,4,,0,,,,,,,,,,,,,,,,1.6393881798541927,,,,,38.97101969835463,-1.2467072324389603,-0.5598768761768667,,,,bull,bull,,,,,,,tp_hit,,,0.0189999999999999,,,,binance,1.0,backfilled from tiered_trades.csv; signal-TF rsi=38.97101969835463; atr_rank=0.3; dist_ema200=-1.2467072324389603
ttr-20250618170000-01574,backtest_tiered_raw_all_tf,binance,BTCUSDT,1h,2025-06-18T17:00:00Z,,long,T4c_H1_sweep_lo_long,,4,,0,,,,,,,,,,,,,,,,1.6532571257746422,,,,,36.93061509657144,-1.5259377748582597,-0.8928272276022119,,,,bull,bull,,,,,,,tp_hit,,,0.0189999999999999,,,,binance,1.0,backfilled from tiered_trades.csv; signal-TF rsi=36.93061509657144; atr_rank=0.76; dist_ema200=-1.5259377748582597
ttr-20250619170000-01575,backtest_tiered_raw_all_tf,binance,BTCUSDT,1h,2025-06-19T17:00:00Z,,long,T4c_H1_sweep_lo_long,,4,,0,,,,,,,,,,,,,,,,2.053491689407607,,,,,37.53516242563634,-1.0823332558092704,-0.3211988064422819,,,,bull,bull,,,,,,,sl_hit,,,-0.0109999999999999,,,,binance,1.0,backfilled from tiered_trades.csv; signal-TF rsi=37.53516242563634; atr_rank=0.17; dist_ema200=-1.0823332558092704
ttr-20250621200000-01576,backtest_tiered_raw_all_tf,binance,BTCUSDT,1h,2025-06-21T20:00:00Z,,long,T4c_H1_sweep_lo_long,,4,,0,,,,,,,,,,,,,,,,1.3583955587103802,,,,,35.58843151766128,-2.101101437518062,-1.0393100030748057,,,,bull,bull,,,,,,,sl_hit,,,-0.011,,,,binance,1.0,backfilled from tiered_trades.csv; signal-TF rsi=35.58843151766128; atr_rank=0.21; dist_ema200=-2.101101437518062
ttr-20250622000000-01577,backtest_tiered_raw_all_tf,binance,BTCUSDT,1d,2025-06-22T00:00:00Z,,long,T2a_D_hammer_long,,2,,0,,,,,,,,,,,,,,,,1.8993981864637532,,,,,36.80215896407794,7.915128205623673,-1.991637274058512,,,68.40512423454354,bull,bull,,0.8566202688105755,,,,,tp_hit,,,0.119,,,,binance,1.0,backfilled from tiered_trades.csv; signal-TF rsi=36.80215896407794; atr_rank=0.62; dist_ema200=7.915128205623673
ttr-20250622160000-01578,backtest_tiered_raw_all_tf,binance,BTCUSDT,1h,2025-06-22T16:00:00Z,,long,T4c_H1_sweep_lo_long,,4,,0,,,,,,,,,,,,,,,,1.4793130398309846,,,,,30.60534012123865,-4.551977890406316,-2.943858464858764,,,,bull,bull,,,,,,,sl_hit,,,-0.011,,,,binance,1.0,backfilled from tiered_trades.csv; signal-TF rsi=30.60534012123865; atr_rank=0.98; dist_ema200=-4.551977890406316
ttr-20250623140000-01579,backtest_tiered_raw_all_tf,binance,BTCUSDT,1h,2025-06-23T14:00:00Z,,short,T4d_H1_fail_brk_short,,4,,0,,,,,,,,,,,,,,,,1.8202618260468544,,,,,59.53129427717135,-2.050185963697755,-0.178434240634546,,,,bull,bull,,,,,,,sl_hit,,,-0.011,,,,binance,1.0,backfilled from tiered_trades.csv; signal-TF rsi=59.53129427717135; atr_rank=0.54; dist_ema200=-2.050185963697755
ttr-20250630150000-01580,backtest_tiered_raw_all_tf,binance,BTCUSDT,1h,2025-06-30T15:00:00Z,,long,T4c_H1_sweep_lo_long,,4,,0,,,,,,,,,,,,,,,,2.0521380996389973,,,,,34.52370060890708,0.9333400038273276,-0.051939068968482,,,,bull,bull,,,,,,,sl_hit,,,-0.011,,,,binance,1.0,backfilled from tiered_trades.csv; signal-TF rsi=34.52370060890708; atr_rank=0.62; dist_ema200=0.9333400038273276
ttr-20250701200000-01581,backtest_tiered_raw_all_tf,binance,BTCUSDT,1h,2025-07-01T20:00:00Z,,long,T4c_H1_sweep_lo_long,,4,,0,,,,,,,,,,,,,,,,0.9067127748049196,,,,,38.58246416289112,-0.6595077603135587,-0.9360414358138476,,,,bull,bull,,,,,,,tp_hit,,,0.019,,,,binance,1.0,backfilled from tiered_trades.csv; signal-TF rsi=38.58246416289112; atr_rank=0.97; dist_ema200=-0.6595077603135587
ttr-20250704080000-01582,backtest_tiered_raw_all_tf,binance,BTCUSDT,1h,2025-07-04T08:00:00Z,,long,T4c_H1_sweep_lo_long,,4,,0,,,,,,,,,,,,,,,,0.9134630237661032,,,,,24.81859441617422,1.1119016185173465,-0.0994426759165732,,,,bull,bull,,,,,,,sl_hit,,,-0.0109999999999999,,,,binance,1.0,backfilled from tiered_trades.csv; signal-TF rsi=24.81859441617422; atr_rank=0.02; dist_ema200=1.1119016185173465
ttr-20250707130000-01583,backtest_tiered_raw_all_tf,binance,BTCUSDT,1h,2025-07-07T13:00:00Z,,long,T4c_H1_sweep_lo_long,,4,,0,,,,,,,,,,,,,,,,1.810190901724417,,,,,37.88567858362321,0.4741349064797578,-0.0778188330040413,,,,bull,bull,,,,,,,sl_hit,,,-0.011,,,,binance,1.0,backfilled from tiered_trades.csv; signal-TF rsi=37.88567858362321; atr_rank=0.52; dist_ema200=0.4741349064797578
ttr-20250708020000-01584,backtest_tiered_raw_all_tf,binance,BTCUSDT,1h,2025-07-08T02:00:00Z,,long,T4c_H1_sweep_lo_long,,4,,0,,,,,,,,,,,,,,,,2.3703418292897607,,,,,38.70616381070909,-0.2415979705397762,-0.5706020322984199,,,,bull,bull,,,,,,,tp_hit,,,0.019,,,,binance,1.0,backfilled from tiered_trades.csv; signal-TF rsi=38.70616381070909; atr_rank=0.95; dist_ema200=-0.2415979705397762
ttr-20250712160000-01585,backtest_tiered_raw_all_tf,binance,BTCUSDT,1h,2025-07-12T16:00:00Z,,long,T3b_H1_fail_brkdn_long,,3,,0,,,,,,,,,,,,,,,,0.7033305400130441,,,,,40.68936623662856,4.593973774603768,0.6981899190504093,,,,bull,bull,,,,,,,tp_hit,,,0.0239999999999998,,,,binance,1.0,backfilled from tiered_trades.csv; signal-TF rsi=40.68936623662856; atr_rank=0.24; dist_ema200=4.593973774603768
ttr-20250714000000-01586,backtest_tiered_raw_all_tf,binance,BTCUSDT,1w,2025-07-14T00:00:00Z,,short,T2b_W_sweep_hi_short,,2,,0,,,,,,,,,,,,,,,,0.8989402398054059,,,,,81.36540940863424,106.81851293819096,31.613006001937187,,,,bull,bull,,,,,,,time,,,0.0425010891133774,,,,binance,1.0,backfilled from tiered_trades.csv; signal-TF rsi=81.36540940863424; atr_rank=0.12; dist_ema200=106.81851293819096
ttr-20250715000000-01587,backtest_tiered_raw_all_tf,binance,BTCUSDT,1d,2025-07-15T00:00:00Z,,short,T2c_D_fail_brk_short,,2,,0,,,,,,,,,,,,,,,,2.373120739536101,,,,,78.03204351820433,21.28517575473051,8.857878844098979,,,81.36540940863424,bull,bull,,1.0681851293819096,,,,,time,,,0.0219542635206009,,,,binance,1.0,backfilled from tiered_trades.csv; signal-TF rsi=78.03204351820433; atr_rank=0.21; dist_ema200=21.28517575473051
ttr-20250715040000-01588,backtest_tiered_raw_all_tf,binance,BTCUSDT,1h,2025-07-15T04:00:00Z,,long,T4c_H1_sweep_lo_long,,4,,0,,,,,,,,,,,,,,,,1.648329096180631,,,,,20.39285064624605,1.864385803844824,-1.5317726080108878,,,,bull,bull,,,,,,,sl_hit,,,-0.0109999999999999,,,,binance,1.0,backfilled from tiered_trades.csv; signal-TF rsi=20.39285064624605; atr_rank=0.86; dist_ema200=1.864385803844824
ttr-20250718200000-01589,backtest_tiered_raw_all_tf,binance,BTCUSDT,1h,2025-07-18T20:00:00Z,,long,T4c_H1_sweep_lo_long,,4,,0,,,,,,,,,,,,,,,,1.0673237599855931,,,,,20.884076474824937,0.1715097263864754,-1.1097252147020256,,,,bull,bull,,,,,,,time,,,0.0048147443307136,,,,binance,1.0,backfilled from tiered_trades.csv; signal-TF rsi=20.884076474824937; atr_rank=0.56; dist_ema200=0.1715097263864754
ttr-20250723140000-01590,backtest_tiered_raw_all_tf,binance,BTCUSDT,1h,2025-07-23T14:00:00Z,,long,T4c_H1_sweep_lo_long,,4,,0,,,,,,,,,,,,,,,,1.675820487368468,,,,,36.29644308341023,0.2273506575073936,-0.2252894330408811,,,,bull,bull,,,,,,,sl_hit,,,-0.0109999999999999,,,,binance,1.0,backfilled from tiered_trades.csv; signal-TF rsi=36.29644308341023; atr_rank=0.44; dist_ema200=0.2273506575073936
ttr-20250725040000-01591,backtest_tiered_raw_all_tf,binance,BTCUSDT,4h,2025-07-25T04:00:00Z,,long,T4a_H4_hammer_long,,4,,0,,,,,,,,,,,,,,,,2.478775492791622,,,,,17.573715342838668,1.6061137186735888,-2.2085688715539327,,,,bull,bull,,,,,,,tp_hit,,,0.029,,,,binance,1.0,backfilled from tiered_trades.csv; signal-TF rsi=17.573715342838668; atr_rank=0.5; dist_ema200=1.6061137186735888
ttr-20250725040000-01592,backtest_tiered_raw_all_tf,binance,BTCUSDT,1h,2025-07-25T04:00:00Z,,long,T4c_H1_sweep_lo_long,,4,,0,,,,,,,,,,,,,,,,1.8057085321797413,,,,,24.081712861020375,-1.6267334637448136,-1.7445984387195197,,,,bull,bull,,,,,,,sl_hit,,,-0.011,,,,binance,1.0,backfilled from tiered_trades.csv; signal-TF rsi=24.081712861020375; atr_rank=0.5; dist_ema200=-1.6267334637448136
ttr-20250726000000-01593,backtest_tiered_raw_all_tf,binance,BTCUSDT,1h,2025-07-26T00:00:00Z,,short,T4d_H1_fail_brk_short,,4,,0,,,,,,,,,,,,,,,,0.3029868059936701,,,,,61.647971374427655,-0.1820756946225022,0.2528572581559409,,,,bull,bull,,,,,,,sl_hit,,,-0.011,,,,binance,1.0,backfilled from tiered_trades.csv; signal-TF rsi=61.647971374427655; atr_rank=0.36; dist_ema200=-0.1820756946225022
ttr-20250728180000-01594,backtest_tiered_raw_all_tf,binance,BTCUSDT,1h,2025-07-28T18:00:00Z,,long,T4c_H1_sweep_lo_long,,4,,0,,,,,,,,,,,,,,,,1.0861405351268345,,,,,27.18663252419041,-0.2285785572751072,-0.5722983541156726,,,,bull,bull,,,,,,,sl_hit,,,-0.0109999999999999,,,,binance,1.0,backfilled from tiered_trades.csv; signal-TF rsi=27.18663252419041; atr_rank=0.57; dist_ema200=-0.2285785572751072
ttr-20250730150000-01595,backtest_tiered_raw_all_tf,binance,BTCUSDT,1h,2025-07-30T15:00:00Z,,short,T4d_H1_fail_brk_short,,4,,0,,,,,,,,,,,,,,,,2.1799260257150923,,,,,51.74792215690238,-0.0554577089266998,-0.1063319040084426,,,,bull,bull,,,,,,,tp_hit,,,0.0189999999999999,,,,binance,1.0,backfilled from tiered_trades.csv; signal-TF rsi=51.74792215690238; atr_rank=0.88; dist_ema200=-0.0554577089266998
ttr-20250801000000-01596,backtest_tiered_raw_all_tf,binance,BTCUSDT,4h,2025-08-01T00:00:00Z,,long,T4a_H4_hammer_long,,4,,0,,,,,,,,,,,,,,,,1.9955779839777288,,,,,37.4664505257086,0.5852852736349223,-1.8652180874742024,,,,bull,bull,,,,,,,sl_hit,,,-0.016,,,,binance,1.0,backfilled from tiered_trades.csv; signal-TF rsi=37.4664505257086; atr_rank=0.47; dist_ema200=0.5852852736349223
ttr-20250803110000-01597,backtest_tiered_raw_all_tf,binance,BTCUSDT,1h,2025-08-03T11:00:00Z,,short,T4d_H1_fail_brk_short,,4,,0,,,,,,,,,,,,,,,,1.1855356408023978,,,,,72.89530158440216,-1.944052854285372,-0.0976130721623859,,,,bull,bull,,,,,,,sl_hit,,,-0.0109999999999999,,,,binance,1.0,backfilled from tiered_trades.csv; signal-TF rsi=72.89530158440216; atr_rank=0.08; dist_ema200=-1.944052854285372
ttr-20250806160000-01598,backtest_tiered_raw_all_tf,binance,BTCUSDT,1h,2025-08-06T16:00:00Z,,short,T4d_H1_fail_brk_short,,4,,0,,,,,,,,,,,,,,,,1.4959728407268402,,,,,69.74321407547923,-0.0053780829381612,0.7946303647938286,,,,bull,bull,,,,,,,sl_hit,,,-0.011,,,,binance,1.0,backfilled from tiered_trades.csv; signal-TF rsi=69.74321407547923; atr_rank=0.76; dist_ema200=-0.0053780829381612
ttr-20250808160000-01599,backtest_tiered_raw_all_tf,binance,BTCUSDT,1h,2025-08-08T16:00:00Z,,long,T3b_H1_fail_brkdn_long,,3,,0,,,,,,,,,,,,,,,,0.7530082639717405,,,,,41.0781553380952,0.5707943513799072,0.0971431751525566,,,,bull,bull,,,,,,,tp_hit,,,0.0239999999999999,,,,binance,1.0,backfilled from tiered_trades.csv; signal-TF rsi=41.0781553380952; atr_rank=0.27; dist_ema200=0.5707943513799072
ttr-20250811000000-01600,backtest_tiered_raw_all_tf,binance,BTCUSDT,1w,2025-08-11T00:00:00Z,,short,T2b_W_sweep_hi_short,,2,,0,,,,,,,,,,,,,,,,0.9217253049681384,,,,,64.02046837002864,98.69957889152629,25.82301687623841,,,,bull,bull,,,,,,,time,,,0.0232375517024358,,,,binance,1.0,backfilled from tiered_trades.csv; signal-TF rsi=64.02046837002864; atr_rank=0.11; dist_ema200=98.69957889152629
ttr-20250814000000-01601,backtest_tiered_raw_all_tf,binance,BTCUSDT,1d,2025-08-14T00:00:00Z,,short,T2c_D_fail_brk_short,,2,,0,,,,,,,,,,,,,,,,1.8993540038785075,,,,,55.25645631924903,15.551263473724502,3.1355803619748968,,,64.02046837002864,bull,bull,,0.9869957889152629,,,,,tp_hit,,,0.0789999999999999,,,,binance,1.0,backfilled from tiered_trades.csv; signal-TF rsi=55.25645631924903; atr_rank=0.49; dist_ema200=15.551263473724502
ttr-20250814180000-01602,backtest_tiered_raw_all_tf,binance,BTCUSDT,1h,2025-08-14T18:00:00Z,,long,T4c_H1_sweep_lo_long,,4,,0,,,,,,,,,,,,,,,,0.5535705624934355,,,,,10.104484350082489,-0.5711990134849355,-1.9446060461218275,,,,bull,bull,,,,,,,sl_hit,,,-0.011,,,,binance,1.0,backfilled from tiered_trades.csv; signal-TF rsi=10.104484350082489; atr_rank=1.0; dist_ema200=-0.5711990134849355
ttr-20250815160000-01603,backtest_tiered_raw_all_tf,binance,BTCUSDT,1h,2025-08-15T16:00:00Z,,long,T4c_H1_sweep_lo_long,,4,,0,,,,,,,,,,,,,,,,1.2438081440837123,,,,,28.577346129825784,-1.128135208509662,-1.562234962032907,,,,bull,bull,,,,,,,time,,,0.0031004364936802,,,,binance,1.0,backfilled from tiered_trades.csv; signal-TF rsi=28.577346129825784; atr_rank=0.2; dist_ema200=-1.128135208509662
ttr-20250817050000-01604,backtest_tiered_raw_all_tf,binance,BTCUSDT,1h,2025-08-17T05:00:00Z,,short,T4d_H1_fail_brk_short,,4,,0,,,,,,,,,,,,,,,,1.1865814875686425,,,,,60.94385734498667,-0.2904940392937131,0.0323395222819264,,,,bull,bull,,,,,,,tp_hit,,,0.019,,,,binance,1.0,backfilled from tiered_trades.csv; signal-TF rsi=60.94385734498667; atr_rank=0.09; dist_ema200=-0.2904940392937131
ttr-20250818090000-01605,backtest_tiered_raw_all_tf,binance,BTCUSDT,1h,2025-08-18T09:00:00Z,,long,T4c_H1_sweep_lo_long,,4,,0,,,,,,,,,,,,,,,,1.8467151093476268,,,,,18.663771868803323,-2.53293645440877,-1.8119862174310135,,,,bull,bull,,,,,,,sl_hit,,,-0.011,,,,binance,1.0,backfilled from tiered_trades.csv; signal-TF rsi=18.663771868803323; atr_rank=0.66; dist_ema200=-2.53293645440877
ttr-20250819170000-01606,backtest_tiered_raw_all_tf,binance,BTCUSDT,1h,2025-08-19T17:00:00Z,,long,T4c_H1_sweep_lo_long,,4,,0,,,,,,,,,,,,,,,,1.5134288222535133,,,,,33.392131061423626,-3.219887456979861,-1.9206410345645173,,,,bull,bull,,,,,,,sl_hit,,,-0.011,,,,binance,1.0,backfilled from tiered_trades.csv; signal-TF rsi=33.392131061423626; atr_rank=0.79; dist_ema200=-3.219887456979861
ttr-20250820230000-01607,backtest_tiered_raw_all_tf,binance,BTCUSDT,1h,2025-08-20T23:00:00Z,,short,T4d_H1_fail_brk_short,,4,,0,,,,,,,,,,,,,,,,0.503552843657794,,,,,55.61863396556007,-1.7880664976208542,-0.0612537151214049,,,,bull,bull,,,,,,,tp_hit,,,0.0189999999999999,,,,binance,1.0,backfilled from tiered_trades.csv; signal-TF rsi=55.61863396556007; atr_rank=0.98; dist_ema200=-1.7880664976208542
ttr-20250823150000-01608,backtest_tiered_raw_all_tf,binance,BTCUSDT,1h,2025-08-23T15:00:00Z,,long,T4c_H1_sweep_lo_long,,4,,0,,,,,,,,,,,,,,,,1.0556513971964376,,,,,21.42618302902788,-0.563187679667503,-0.0988534425045504,,,,bull,bull,,,,,,,sl_hit,,,-0.011,,,,binance,1.0,backfilled from tiered_trades.csv; signal-TF rsi=21.42618302902788; atr_rank=0.04; dist_ema200=-0.563187679667503
ttr-20250825130000-01609,backtest_tiered_raw_all_tf,binance,BTCUSDT,1h,2025-08-25T13:00:00Z,,long,T4c_H1_sweep_lo_long,,4,,0,,,,,,,,,,,,,,,,1.3206570338414865,,,,,31.841847471155877,-2.886910615869496,-1.7191061449726253,,,,bull,bull,,,,,,,sl_hit,,,-0.011,,,,binance,1.0,backfilled from tiered_trades.csv; signal-TF rsi=31.841847471155877; atr_rank=0.73; dist_ema200=-2.886910615869496
ttr-20250826230000-01610,backtest_tiered_raw_all_tf,binance,BTCUSDT,1h,2025-08-26T23:00:00Z,,short,T4d_H1_fail_brk_short,,4,,0,,,,,,,,,,,,,,,,1.0275023715020093,,,,,67.72175719785113,-1.6108111409099577,0.383487057375922,,,,bull,bull,,,,,,,sl_hit,,,-0.011,,,,binance,1.0,backfilled from tiered_trades.csv; signal-TF rsi=67.72175719785113; atr_rank=0.56; dist_ema200=-1.6108111409099577
ttr-20250828050000-01611,backtest_tiered_raw_all_tf,binance,BTCUSDT,1h,2025-08-28T05:00:00Z,,short,T4d_H1_fail_brk_short,,4,,0,,,,,,,,,,,,,,,,1.1423100713148486,,,,,59.51376375929934,-0.2029977492082245,1.122780045294031,,,,bull,bull,,,,,,,tp_hit,,,0.019,,,,binance,1.0,backfilled from tiered_trades.csv; signal-TF rsi=59.51376375929934; atr_rank=0.51; dist_ema200=-0.2029977492082245
ttr-20250828120000-01612,backtest_tiered_raw_all_tf,binance,BTCUSDT,4h,2025-08-28T12:00:00Z,,short,T4b_H4_sstar_short,,4,,0,,,,,,,,,,,,,,,,1.050970146880321,,,,,64.4244911442892,-1.9772690544808027,-0.3035601983193929,,,,bull,bull,,,,,,,tp_hit,,,0.029,,,,binance,1.0,backfilled from tiered_trades.csv; signal-TF rsi=64.4244911442892; atr_rank=0.54; dist_ema200=-1.9772690544808027
ttr-20250828120000-01613,backtest_tiered_raw_all_tf,binance,BTCUSDT,4h,2025-08-28T12:00:00Z,,short,T3a_H4_sweep_hi_short_loose,,3,,0,,,,,,,,,,,,,,,,1.050970146880321,,,,,64.4244911442892,-1.9772690544808027,-0.3035601983193929,,,,bull,bull,,,,,,,tp_hit,,,0.029,,,,binance,1.0,backfilled from tiered_trades.csv; signal-TF rsi=64.4244911442892; atr_rank=0.54; dist_ema200=-1.9772690544808027
ttr-20250829030000-01614,backtest_tiered_raw_all_tf,binance,BTCUSDT,1h,2025-08-29T03:00:00Z,,long,T4c_H1_sweep_lo_long,,4,,0,,,,,,,,,,,,,,,,0.8581817909098165,,,,,35.108290616573754,-1.1120880808816995,-0.3084932609965229,,,,bull,bull,,,,,,,sl_hit,,,-0.011,,,,binance,1.0,backfilled from tiered_trades.csv; signal-TF rsi=35.108290616573754; atr_rank=0.21; dist_ema200=-1.1120880808816995
ttr-20250829210000-01615,backtest_tiered_raw_all_tf,binance,BTCUSDT,1h,2025-08-29T21:00:00Z,,long,T4c_H1_sweep_lo_long,,4,,0,,,,,,,,,,,,,,,,0.6165942147958685,,,,,37.49507968911595,-3.4887190180896166,-1.9401978107226563,,,,bull,bull,,,,,,,sl_hit,,,-0.011,,,,binance,1.0,backfilled from tiered_trades.csv; signal-TF rsi=37.49507968911595; atr_rank=0.87; dist_ema200=-3.4887190180896166
ttr-20250830160000-01616,backtest_tiered_raw_all_tf,binance,BTCUSDT,1h,2025-08-30T16:00:00Z,,short,T4d_H1_fail_brk_short,,4,,0,,,,,,,,,,,,,,,,0.5359927948986277,,,,,76.41881220002203,-2.572833467980714,-0.5927095562263139,,,,bull,bull,,,,,,,sl_hit,,,-0.011,,,,binance,1.0,backfilled from tiered_trades.csv; signal-TF rsi=76.41881220002203; atr_rank=0.01; dist_ema200=-2.572833467980714
ttr-20250901030000-01617,backtest_tiered_raw_all_tf,binance,BTCUSDT,1h,2025-09-01T03:00:00Z,,long,T4c_H1_sweep_lo_long,,4,,0,,,,,,,,,,,,,,,,1.6113609269014473,,,,,35.84275580756835,-2.8357860992711896,-1.0752663761220724,,,,bull,bull,,,,,,,tp_hit,,,0.0189999999999999,,,,binance,1.0,backfilled from tiered_trades.csv; signal-TF rsi=35.84275580756835; atr_rank=0.41; dist_ema200=-2.8357860992711896
ttr-20250901090000-01618,backtest_tiered_raw_all_tf,binance,BTCUSDT,1h,2025-09-01T09:00:00Z,,short,T4d_H1_fail_brk_short,,4,,0,,,,,,,,,,,,,,,,0.90250413600424,,,,,57.023392393570965,-1.0421039960553438,0.6623914701352323,,,,bull,bull,,,,,,,sl_hit,,,-0.0109999999999999,,,,binance,1.0,backfilled from tiered_trades.csv; signal-TF rsi=57.023392393570965; atr_rank=0.79; dist_ema200=-1.0421039960553438
ttr-20250903000000-01619,backtest_tiered_raw_all_tf,binance,BTCUSDT,4h,2025-09-03T00:00:00Z,,short,T3a_H4_sweep_hi_short_loose,,3,,0,,,,,,,,,,,,,,,,0.961321227941432,,,,,64.04725782152127,-2.084185253776348,0.5116441400962098,,,,bull,bull,,,,,,,sl_hit,,,-0.0159999999999998,,,,binance,1.0,backfilled from tiered_trades.csv; signal-TF rsi=64.04725782152127; atr_rank=0.91; dist_ema200=-2.084185253776348
ttr-20250903000000-01620,backtest_tiered_raw_all_tf,binance,BTCUSDT,4h,2025-09-03T00:00:00Z,,short,T4b_H4_sstar_short,,4,,0,,,,,,,,,,,,,,,,0.961321227941432,,,,,64.04725782152127,-2.084185253776348,0.5116441400962098,,,,bull,bull,,,,,,,sl_hit,,,-0.0159999999999998,,,,binance,1.0,backfilled from tiered_trades.csv; signal-TF rsi=64.04725782152127; atr_rank=0.91; dist_ema200=-2.084185253776348
ttr-20250913170000-01621,backtest_tiered_raw_all_tf,binance,BTCUSDT,1h,2025-09-13T17:00:00Z,,long,T3b_H1_fail_brkdn_long,,3,,0,,,,,,,,,,,,,,,,1.1738489905177476,,,,,38.916063392682354,1.9458962454301123,0.195460606981602,,,,bull,bull,,,,,,,time,,,-0.0049089123738586,,,,binance,1.0,backfilled from tiered_trades.csv; signal-TF rsi=38.916063392682354; atr_rank=0.07; dist_ema200=1.9458962454301123
ttr-20250915120000-01622,backtest_tiered_raw_all_tf,binance,BTCUSDT,4h,2025-09-15T12:00:00Z,,long,T4a_H4_hammer_long,,4,,0,,,,,,,,,,,,,,,,1.6924527953443542,,,,,37.607890185733936,1.3026396150210786,0.5905401553670941,,,,bull,bull,,,,,,,time,,,0.0089596056874217,,,,binance,1.0,backfilled from tiered_trades.csv; signal-TF rsi=37.607890185733936; atr_rank=0.16; dist_ema200=1.3026396150210786
ttr-20250917000000-01623,backtest_tiered_raw_all_tf,binance,BTCUSDT,1d,2025-09-17T00:00:00Z,,short,T2c_D_fail_brk_short,,2,,0,,,,,,,,,,,,,,,,1.2743846950373543,,,,,71.51371068725832,10.38371712320544,2.451240243932344,,,58.74270207863087,bull,bull,,0.8675828057120479,,,,,sl_hit,,,-0.041,,,,binance,1.0,backfilled from tiered_trades.csv; signal-TF rsi=71.51371068725832; atr_rank=0.05; dist_ema200=10.38371712320544
ttr-20250919100000-01624,backtest_tiered_raw_all_tf,binance,BTCUSDT,1h,2025-09-19T10:00:00Z,,long,T4c_H1_sweep_lo_long,,4,,0,,,,,,,,,,,,,,,,0.7406605017163924,,,,,28.720646866845968,0.8064686562524227,-0.265452548157972,,,,bull,bull,,,,,,,sl_hit,,,-0.0109999999999999,,,,binance,1.0,backfilled from tiered_trades.csv; signal-TF rsi=28.720646866845968; atr_rank=0.01; dist_ema200=0.8064686562524227
ttr-20250923030000-01625,backtest_tiered_raw_all_tf,binance,BTCUSDT,1h,2025-09-23T03:00:00Z,,long,T4c_H1_sweep_lo_long,,4,,0,,,,,,,,,,,,,,,,1.3114872344863344,,,,,39.07189022131563,-2.281669715087201,-1.2241630140687376,,,,bull,bull,,,,,,,sl_hit,,,-0.011,,,,binance,1.0,backfilled from tiered_trades.csv; signal-TF rsi=39.07189022131563; atr_rank=0.87; dist_ema200=-2.281669715087201
ttr-20250923200000-01626,backtest_tiered_raw_all_tf,binance,BTCUSDT,1h,2025-09-23T20:00:00Z,,long,T4c_H1_sweep_lo_long,,4,,0,,,,,,,,,,,,,,,,0.8890861083425422,,,,,30.466926531047392,-2.278542418738747,-1.0372820272963632,,,,bull,bull,,,,,,,sl_hit,,,-0.0109999999999999,,,,binance,1.0,backfilled from tiered_trades.csv; signal-TF rsi=30.466926531047392; atr_rank=0.67; dist_ema200=-2.278542418738747
ttr-20250924150000-01627,backtest_tiered_raw_all_tf,binance,BTCUSDT,1h,2025-09-24T15:00:00Z,,short,T4d_H1_fail_brk_short,,4,,0,,,,,,,,,,,,,,,,1.293545470519173,,,,,61.83844747916392,-0.7929443096835156,0.3930298727563736,,,,bull,bull,,,,,,,tp_hit,,,0.019,,,,binance,1.0,backfilled from tiered_trades.csv; signal-TF rsi=61.83844747916392; atr_rank=0.7; dist_ema200=-0.7929443096835156
ttr-20250925070000-01628,backtest_tiered_raw_all_tf,binance,BTCUSDT,1h,2025-09-25T07:00:00Z,,long,T4c_H1_sweep_lo_long,,4,,0,,,,,,,,,,,,,,,,0.9342843594137884,,,,,18.29269068133435,-1.9966896674007943,-0.9393319906138649,,,,bull,bull,,,,,,,sl_hit,,,-0.011,,,,binance,1.0,backfilled from tiered_trades.csv; signal-TF rsi=18.29269068133435; atr_rank=0.68; dist_ema200=-1.9966896674007943
ttr-20250926180000-01629,backtest_tiered_raw_all_tf,binance,BTCUSDT,1h,2025-09-26T18:00:00Z,,short,T4d_H1_fail_brk_short,,4,,0,,,,,,,,,,,,,,,,0.8259201544787899,,,,,54.87562761297047,-2.7223402857531545,-0.6498372319193247,,,,bull,bull,,,,,,,time,,,-0.0061542910792405,,,,binance,1.0,backfilled from tiered_trades.csv; signal-TF rsi=54.87562761297047; atr_rank=0.86; dist_ema200=-2.7223402857531545
ttr-20250928170000-01630,backtest_tiered_raw_all_tf,binance,BTCUSDT,1h,2025-09-28T17:00:00Z,,short,T4d_H1_fail_brk_short,,4,,0,,,,,,,,,,,,,,,,1.5723696991302172,,,,,77.80909868258983,-1.2206478084730594,0.4668196619431675,,,,bull,bull,,,,,,,sl_hit,,,-0.011,,,,binance,1.0,backfilled from tiered_trades.csv; signal-TF rsi=77.80909868258983; atr_rank=0.31; dist_ema200=-1.2206478084730594
ttr-20250930100000-01631,backtest_tiered_raw_all_tf,binance,BTCUSDT,1h,2025-09-30T10:00:00Z,,long,T4c_H1_sweep_lo_long,,4,,0,,,,,,,,,,,,,,,,1.176714077611758,,,,,21.18705532914312,0.7813173887858484,0.2848259441138744,,,,bull,bull,,,,,,,tp_hit,,,0.019,,,,binance,1.0,backfilled from tiered_trades.csv; signal-TF rsi=21.18705532914312; atr_rank=0.48; dist_ema200=0.7813173887858484
ttr-20251004190000-01632,backtest_tiered_raw_all_tf,binance,BTCUSDT,1h,2025-10-04T19:00:00Z,,long,T3b_H1_fail_brkdn_long,,3,,0,,,,,,,,,,,,,,,,0.5758632910283128,,,,,37.26211845133397,4.251125228249966,0.6955952792500405,,,,bull,bull,,,,,,,tp_hit,,,0.0239999999999998,,,,binance,1.0,backfilled from tiered_trades.csv; signal-TF rsi=37.26211845133397; atr_rank=0.02; dist_ema200=4.251125228249966
ttr-20251007080000-01633,backtest_tiered_raw_all_tf,binance,BTCUSDT,1h,2025-10-07T08:00:00Z,,long,T4c_H1_sweep_lo_long,,4,,0,,,,,,,,,,,,,,,,1.4739815346448684,,,,,19.3107800555694,3.062062870070952,-0.0775362574570073,,,,bull,bull,,,,,,,sl_hit,,,-0.011,,,,binance,1.0,backfilled from tiered_trades.csv; signal-TF rsi=19.3107800555694; atr_rank=0.35; dist_ema200=3.062062870070952
ttr-20251009160000-01634,backtest_tiered_raw_all_tf,binance,BTCUSDT,4h,2025-10-09T16:00:00Z,,long,T4a_H4_hammer_long,,4,,0,,,,,,,,,,,,,,,,1.780884444523924,,,,,33.76988636890337,3.620873335554021,-0.0965509163861146,,,,bull,bull,,,,,,,sl_hit,,,-0.016,,,,binance,1.0,backfilled from tiered_trades.csv; signal-TF rsi=33.76988636890337; atr_rank=1.0; dist_ema200=3.620873335554021
ttr-20251010210000-01635,backtest_tiered_raw_all_tf,binance,BTCUSDT,1h,2025-10-10T21:00:00Z,,long,T4c_H1_sweep_lo_long,,4,,0,,,,,,,,,,,,,,,,9.326338244036211,,,,,11.114033838248815,-6.115670829542217,-5.8374482537148165,,,,bull,bull,,,,,,,sl_hit,,,-0.011,,,,binance,1.0,backfilled from tiered_trades.csv; signal-TF rsi=11.114033838248815; atr_rank=1.0; dist_ema200=-6.115670829542217
ttr-20251012170000-01636,backtest_tiered_raw_all_tf,binance,BTCUSDT,1h,2025-10-12T17:00:00Z,,short,T4d_H1_fail_brk_short,,4,,0,,,,,,,,,,,,,,,,1.2546369252611909,,,,,76.41114953120905,-3.2464165669855696,0.4325089693268453,,,,bull,bull,,,,,,,sl_hit,,,-0.0109999999999999,,,,binance,1.0,backfilled from tiered_trades.csv; signal-TF rsi=76.41114953120905; atr_rank=0.71; dist_ema200=-3.2464165669855696
ttr-20251014130000-01637,backtest_tiered_raw_all_tf,binance,BTCUSDT,1h,2025-10-14T13:00:00Z,,long,T4c_H1_sweep_lo_long,,4,,0,,,,,,,,,,,,,,,,2.234080092877159,,,,,16.039695965290548,-4.568697367296329,-2.1823450124713006,,,,bull,bull,,,,,,,tp_hit,,,0.0189999999999999,,,,binance,1.0,backfilled from tiered_trades.csv; signal-TF rsi=16.039695965290548; atr_rank=0.66; dist_ema200=-4.568697367296329
ttr-20251015170000-01638,backtest_tiered_raw_all_tf,binance,BTCUSDT,1h,2025-10-15T17:00:00Z,,long,T4c_H1_sweep_lo_long,,4,,0,,,,,,,,,,,,,,,,1.3012319347570247,,,,,38.22461679494079,-3.5958545977055945,-1.228949311116854,,,,bull,bull,,,,,,,sl_hit,,,-0.011,,,,binance,1.0,backfilled from tiered_trades.csv; signal-TF rsi=38.22461679494079; atr_rank=0.55; dist_ema200=-3.5958545977055945
ttr-20251016160000-01639,backtest_tiered_raw_all_tf,binance,BTCUSDT,1h,2025-10-16T16:00:00Z,,long,T4c_H1_sweep_lo_long,,4,,0,,,,,,,,,,,,,,,,2.9785292405049466,,,,,33.9019247022775,-4.530410194136159,-2.037246602072706,,,,bull,bull,,,,,,,sl_hit,,,-0.011,,,,binance,1.0,backfilled from tiered_trades.csv; signal-TF rsi=33.9019247022775; atr_rank=0.99; dist_ema200=-4.530410194136159
ttr-20251017100000-01640,backtest_tiered_raw_all_tf,binance,BTCUSDT,1h,2025-10-17T10:00:00Z,,long,T4c_H1_sweep_lo_long,,4,,0,,,,,,,,,,,,,,,,2.062897126345755,,,,,29.4113251655223,-7.532317894382679,-4.234117275002193,,,,bull,bull,,,,,,,tp_hit,,,0.0189999999999999,,,,binance,1.0,backfilled from tiered_trades.csv; signal-TF rsi=29.4113251655223; atr_rank=0.75; dist_ema200=-7.532317894382679
ttr-20251019090000-01641,backtest_tiered_raw_all_tf,binance,BTCUSDT,1h,2025-10-19T09:00:00Z,,long,T3b_H1_fail_brkdn_long,,3,,0,,,,,,,,,,,,,,,,5.422929761177546,,,,,55.26158078302306,-3.11330955669463,0.1333032182740171,,,,bull,bull,,,,,,,tp_hit,,,0.0239999999999998,,,,binance,1.0,backfilled from tiered_trades.csv; signal-TF rsi=55.26158078302306; atr_rank=0.22; dist_ema200=-3.11330955669463
ttr-20251019100000-01642,backtest_tiered_raw_all_tf,binance,BTCUSDT,1h,2025-10-19T10:00:00Z,,short,T4d_H1_fail_brk_short,,4,,0,,,,,,,,,,,,,,,,2.1175657553893323,,,,,62.44111990233693,-2.653232508211285,0.5590261363963533,,,,bull,bull,,,,,,,sl_hit,,,-0.0109999999999999,,,,binance,1.0,backfilled from tiered_trades.csv; signal-TF rsi=62.44111990233693; atr_rank=0.25; dist_ema200=-2.653232508211285
ttr-20251020080000-01643,backtest_tiered_raw_all_tf,binance,BTCUSDT,4h,2025-10-20T08:00:00Z,,short,T3a_H4_sweep_hi_short_loose,,3,,0,,,,,,,,,,,,,,,,0.9432642124307152,,,,,77.81450652307224,-2.603897939806403,0.4297935477151324,,,,bull,bull,,,,,,,tp_hit,,,0.029,,,,binance,1.0,backfilled from tiered_trades.csv; signal-TF rsi=77.81450652307224; atr_rank=0.21; dist_ema200=-2.603897939806403
ttr-20251020080000-01644,backtest_tiered_raw_all_tf,binance,BTCUSDT,4h,2025-10-20T08:00:00Z,,short,T4b_H4_sstar_short,,4,,0,,,,,,,,,,,,,,,,0.9432642124307152,,,,,77.81450652307224,-2.603897939806403,0.4297935477151324,,,,bull,bull,,,,,,,tp_hit,,,0.029,,,,binance,1.0,backfilled from tiered_trades.csv; signal-TF rsi=77.81450652307224; atr_rank=0.21; dist_ema200=-2.603897939806403
ttr-20251022070000-01645,backtest_tiered_raw_all_tf,binance,BTCUSDT,1h,2025-10-22T07:00:00Z,,long,T4c_H1_sweep_lo_long,,4,,0,,,,,,,,,,,,,,,,0.604434602818052,,,,,19.752072002823084,-1.7218411282746533,-0.9446103524206196,,,,bull,bull,,,,,,,sl_hit,,,-0.011,,,,binance,1.0,backfilled from tiered_trades.csv; signal-TF rsi=19.752072002823084; atr_rank=0.83; dist_ema200=-1.7218411282746533
ttr-20251023070000-01646,backtest_tiered_raw_all_tf,binance,BTCUSDT,1h,2025-10-23T07:00:00Z,,short,T4d_H1_fail_brk_short,,4,,0,,,,,,,,,,,,,,,,0.9272762887399886,,,,,64.44304996310439,-0.4782190472266465,0.5220273729923659,,,,bull,bull,,,,,,,sl_hit,,,-0.011,,,,binance,1.0,backfilled from tiered_trades.csv; signal-TF rsi=64.44304996310439; atr_rank=0.58; dist_ema200=-0.4782190472266465
ttr-20251027230000-01647,backtest_tiered_raw_all_tf,binance,BTCUSDT,1h,2025-10-27T23:00:00Z,,long,T3b_H1_fail_brkdn_long,,3,,0,,,,,,,,,,,,,,,,0.7873176882674706,,,,,34.606253323521685,2.0970471208744943,0.1270424188569231,,,,bull,bull,,,,,,,sl_hit,,,-0.013,,,,binance,1.0,backfilled from tiered_trades.csv; signal-TF rsi=34.606253323521685; atr_rank=0.45; dist_ema200=2.0970471208744943
ttr-20251027230000-01648,backtest_tiered_raw_all_tf,binance,BTCUSDT,1h,2025-10-27T23:00:00Z,,long,T4c_H1_sweep_lo_long,,4,,0,,,,,,,,,,,,,,,,0.7873176882674706,,,,,34.606253323521685,2.0970471208744943,0.1270424188569231,,,,bull,bull,,,,,,,sl_hit,,,-0.0109999999999999,,,,binance,1.0,backfilled from tiered_trades.csv; signal-TF rsi=34.606253323521685; atr_rank=0.45; dist_ema200=2.0970471208744943
ttr-20251031150000-01649,backtest_tiered_raw_all_tf,binance,BTCUSDT,1h,2025-10-31T15:00:00Z,,short,T4d_H1_fail_brk_short,,4,,0,,,,,,,,,,,,,,,,1.5968684180069428,,,,,54.44329471144825,-0.9871835668914024,0.0996478228270805,,,,bull,bull,,,,,,,time,,,-0.0002248842816296,,,,binance,1.0,backfilled from tiered_trades.csv; signal-TF rsi=54.44329471144825; atr_rank=0.63; dist_ema200=-0.9871835668914024
ttr-20251102050000-01650,backtest_tiered_raw_all_tf,binance,BTCUSDT,1h,2025-11-02T05:00:00Z,,short,T4d_H1_fail_brk_short,,4,,0,,,,,,,,,,,,,,,,3.314856777750601,,,,,53.80765962982385,-0.3565611906556312,0.3765382206521744,,,,bull,bull,,,,,,,tp_hit,,,0.019,,,,binance,1.0,backfilled from tiered_trades.csv; signal-TF rsi=53.80765962982385; atr_rank=0.12; dist_ema200=-0.3565611906556312
ttr-20251102220000-01651,backtest_tiered_raw_all_tf,binance,BTCUSDT,1h,2025-11-02T22:00:00Z,,long,T4c_H1_sweep_lo_long,,4,,0,,,,,,,,,,,,,,,,0.8546116534234116,,,,,32.980712740195344,-0.8301304141142434,-0.2988863395425569,,,,bull,bull,,,,,,,sl_hit,,,-0.011,,,,binance,1.0,backfilled from tiered_trades.csv; signal-TF rsi=32.980712740195344; atr_rank=0.31; dist_ema200=-0.8301304141142434
ttr-20251103160000-01652,backtest_tiered_raw_all_tf,binance,BTCUSDT,1h,2025-11-03T16:00:00Z,,long,T4c_H1_sweep_lo_long,,4,,0,,,,,,,,,,,,,,,,3.234555743281894,,,,,32.33113840642008,-3.318263678065132,-2.10272197699018,,,,bull,bull,,,,,,,sl_hit,,,-0.0109999999999999,,,,binance,1.0,backfilled from tiered_trades.csv; signal-TF rsi=32.33113840642008; atr_rank=0.94; dist_ema200=-3.318263678065132
ttr-20251104140000-01653,backtest_tiered_raw_all_tf,binance,BTCUSDT,1h,2025-11-04T14:00:00Z,,long,T4c_H1_sweep_lo_long,,4,,0,,,,,,,,,,,,,,,,2.1622796030050413,,,,,38.05182085731318,-4.477328354107216,-2.200399145018844,,,,bull,bull,,,,,,,sl_hit,,,-0.011,,,,binance,1.0,backfilled from tiered_trades.csv; signal-TF rsi=38.05182085731318; atr_rank=0.86; dist_ema200=-4.477328354107216
ttr-20251105140000-01654,backtest_tiered_raw_all_tf,binance,BTCUSDT,1h,2025-11-05T14:00:00Z,,short,T4d_H1_fail_brk_short,,4,,0,,,,,,,,,,,,,,,,0.9537200696338136,,,,,75.0030329683662,-4.235558302740714,-0.5366109481072551,,,,bull,bull,,,,,,,sl_hit,,,-0.011,,,,binance,1.0,backfilled from tiered_trades.csv; signal-TF rsi=75.0030329683662; atr_rank=0.54; dist_ema200=-4.235558302740714
ttr-20251107210000-01655,backtest_tiered_raw_all_tf,binance,BTCUSDT,1h,2025-11-07T21:00:00Z,,short,T4d_H1_fail_brk_short,,4,,0,,,,,,,,,,,,,,,,0.5145197562248863,,,,,64.09903257388443,-1.49603446544982,1.5928714987737358,,,,bull,bull,,,,,,,tp_hit,,,0.019,,,,binance,1.0,backfilled from tiered_trades.csv; signal-TF rsi=64.09903257388443; atr_rank=0.57; dist_ema200=-1.49603446544982
ttr-20251109150000-01656,backtest_tiered_raw_all_tf,binance,BTCUSDT,1h,2025-11-09T15:00:00Z,,short,T4d_H1_fail_brk_short,,4,,0,,,,,,,,,,,,,,,,2.138884448642985,,,,,72.42734069286901,-0.5699962959713345,1.4921566189768023,,,,bull,bull,,,,,,,sl_hit,,,-0.011,,,,binance,1.0,backfilled from tiered_trades.csv; signal-TF rsi=72.42734069286901; atr_rank=0.29; dist_ema200=-0.5699962959713345
ttr-20251109200000-01657,backtest_tiered_raw_all_tf,binance,BTCUSDT,4h,2025-11-09T20:00:00Z,,short,T4b_H4_sstar_short,,4,,0,,,,,,,,,,,,,,,,1.0617095575204094,,,,,72.40402255351552,-4.108922844735083,0.2945987375287503,,,,bull,bull,,,,,,,sl_hit,,,-0.0159999999999999,,,,binance,1.0,backfilled from tiered_trades.csv; signal-TF rsi=72.40402255351552; atr_rank=0.38; dist_ema200=-4.108922844735083
ttr-20251111000000-01658,backtest_tiered_raw_all_tf,binance,BTCUSDT,4h,2025-11-11T00:00:00Z,,short,T4b_H4_sstar_short,,4,,0,,,,,,,,,,,,,,,,1.6641939269156387,,,,,75.67968795817063,-2.32820419889137,1.5765805986107322,,,,bull,bull,,,,,,,tp_hit,,,0.029,,,,binance,1.0,backfilled from tiered_trades.csv; signal-TF rsi=75.67968795817063; atr_rank=0.5; dist_ema200=-2.32820419889137
ttr-20251111140000-01659,backtest_tiered_raw_all_tf,binance,BTCUSDT,1h,2025-11-11T14:00:00Z,,long,T4c_H1_sweep_lo_long,,4,,0,,,,,,,,,,,,,,,,1.2263954795068184,,,,,32.288669780625185,-0.214271759161797,-0.3887473444604943,,,,bull,bull,,,,,,,sl_hit,,,-0.011,,,,binance,1.0,backfilled from tiered_trades.csv; signal-TF rsi=32.288669780625185; atr_rank=0.72; dist_ema200=-0.214271759161797
ttr-20251114060000-01660,backtest_tiered_raw_all_tf,binance,BTCUSDT,1h,2025-11-14T06:00:00Z,,long,T4c_H1_sweep_lo_long,,4,,0,,,,,,,,,,,,,,,,1.4453316433466885,,,,,30.865642337389275,-5.583311615463566,-3.5634879996377054,,,,bull,bull,,,,,,,sl_hit,,,-0.011,,,,binance,1.0,backfilled from tiered_trades.csv; signal-TF rsi=30.865642337389275; atr_rank=0.99; dist_ema200=-5.583311615463566
ttr-20251116100000-01661,backtest_tiered_raw_all_tf,binance,BTCUSDT,1h,2025-11-16T10:00:00Z,,short,T4d_H1_fail_brk_short,,4,,0,,,,,,,,,,,,,,,,1.2825111672792773,,,,,72.07217769843743,-3.879772417538228,-0.1431471696746671,,,,bull,bull,,,,,,,tp_hit,,,0.0189999999999999,,,,binance,1.0,backfilled from tiered_trades.csv; signal-TF rsi=72.07217769843743; atr_rank=0.01; dist_ema200=-3.879772417538228
ttr-20251116170000-01662,backtest_tiered_raw_all_tf,binance,BTCUSDT,1h,2025-11-16T17:00:00Z,,long,T4c_H1_sweep_lo_long,,4,,0,,,,,,,,,,,,,,,,3.2428061601466545,,,,,31.38433510860986,-5.624019044543569,-1.91738405713656,,,,bull,bull,,,,,,,sl_hit,,,-0.011,,,,binance,1.0,backfilled from tiered_trades.csv; signal-TF rsi=31.38433510860986; atr_rank=0.28; dist_ema200=-5.624019044543569
ttr-20251117200000-01663,backtest_tiered_raw_all_tf,binance,BTCUSDT,1h,2025-11-17T20:00:00Z,,long,T4c_H1_sweep_lo_long,,4,,0,,,,,,,,,,,,,,,,1.9873926152792776,,,,,25.897592892386555,-6.829341204719048,-3.160812219213032,,,,bull,bull,,,,,,,sl_hit,,,-0.011,,,,binance,1.0,backfilled from tiered_trades.csv; signal-TF rsi=25.897592892386555; atr_rank=0.72; dist_ema200=-6.829341204719048
ttr-20251118170000-01664,backtest_tiered_raw_all_tf,binance,BTCUSDT,1h,2025-11-18T17:00:00Z,,short,T4d_H1_fail_brk_short,,4,,0,,,,,,,,,,,,,,,,0.6068785514613543,,,,,70.07390309448414,-4.167610336789171,0.2250752755782898,,,,bull,bull,,,,,,,tp_hit,,,0.0189999999999999,,,,binance,1.0,backfilled from tiered_trades.csv; signal-TF rsi=70.07390309448414; atr_rank=0.62; dist_ema200=-4.167610336789171
ttr-20251119200000-01665,backtest_tiered_raw_all_tf,binance,BTCUSDT,1h,2025-11-19T20:00:00Z,,long,T4c_H1_sweep_lo_long,,4,,0,,,,,,,,,,,,,,,,1.069443358568868,,,,,37.95410339811387,-6.661634611464226,-2.4488015474207465,,,,bull,bull,,,,,,,tp_hit,,,0.0189999999999999,,,,binance,1.0,backfilled from tiered_trades.csv; signal-TF rsi=37.95410339811387; atr_rank=0.74; dist_ema200=-6.661634611464226
ttr-20251120020000-01666,backtest_tiered_raw_all_tf,binance,BTCUSDT,1h,2025-11-20T02:00:00Z,,short,T4d_H1_fail_brk_short,,4,,0,,,,,,,,,,,,,,,,0.6446764492105469,,,,,55.44740510401028,-3.203208188557544,0.9243979089586608,,,,bull,bull,,,,,,,tp_hit,,,0.019,,,,binance,1.0,backfilled from tiered_trades.csv; signal-TF rsi=55.44740510401028; atr_rank=0.89; dist_ema200=-3.203208188557544
ttr-20251120190000-01667,backtest_tiered_raw_all_tf,binance,BTCUSDT,1h,2025-11-20T19:00:00Z,,long,T4c_H1_sweep_lo_long,,4,,0,,,,,,,,,,,,,,,,1.5811544682265952,,,,,12.140479077584104,-8.38580184951852,-4.559771911072242,,,,bull,bull,,,,,,,sl_hit,,,-0.011,,,,binance,1.0,backfilled from tiered_trades.csv; signal-TF rsi=12.140479077584104; atr_rank=0.95; dist_ema200=-8.38580184951852
ttr-20251121100000-01668,backtest_tiered_raw_all_tf,binance,BTCUSDT,1h,2025-11-21T10:00:00Z,,long,T4c_H1_sweep_lo_long,,4,,0,,,,,,,,,,,,,,,,1.8814736299563095,,,,,32.51984056868554,-11.623308369474923,-6.550629173671137,,,,bull,bull,,,,,,,sl_hit,,,-0.0109999999999999,,,,binance,1.0,backfilled from tiered_trades.csv; signal-TF rsi=32.51984056868554; atr_rank=1.0; dist_ema200=-11.623308369474923
ttr-20251123020000-01669,backtest_tiered_raw_all_tf,binance,BTCUSDT,1h,2025-11-23T02:00:00Z,,short,T4d_H1_fail_brk_short,,4,,0,,,,,,,,,,,,,,,,2.066751364021572,,,,,76.57850450857762,-5.059931424269745,0.7253919389403586,,,,bull,bull,,,,,,,sl_hit,,,-0.011,,,,binance,1.0,backfilled from tiered_trades.csv; signal-TF rsi=76.57850450857762; atr_rank=0.09; dist_ema200=-5.059931424269745
ttr-20251124100000-01670,backtest_tiered_raw_all_tf,binance,BTCUSDT,1h,2025-11-24T10:00:00Z,,long,T4c_H1_sweep_lo_long,,4,,0,,,,,,,,,,,,,,,,1.1956964352867856,,,,,38.0107647379566,-3.905630248608512,-0.4495927739720988,,,,bull,bull,,,,,,,tp_hit,,,0.019,,,,binance,1.0,backfilled from tiered_trades.csv; signal-TF rsi=38.0107647379566; atr_rank=0.61; dist_ema200=-3.905630248608512
ttr-20251124190000-01671,backtest_tiered_raw_all_tf,binance,BTCUSDT,1h,2025-11-24T19:00:00Z,,short,T4d_H1_fail_brk_short,,4,,0,,,,,,,,,,,,,,,,1.1202885538695535,,,,,57.83121765862092,-1.1309498141664067,1.918428324364308,,,,bull,bull,,,,,,,sl_hit,,,-0.0109999999999999,,,,binance,1.0,backfilled from tiered_trades.csv; signal-TF rsi=57.83121765862092; atr_rank=0.42; dist_ema200=-1.1309498141664067
ttr-20251124200000-01672,backtest_tiered_raw_all_tf,binance,BTCUSDT,4h,2025-11-24T20:00:00Z,,short,T4b_H4_sstar_short,,4,,0,,,,,,,,,,,,,,,,0.8296394971472509,,,,,73.61275088547822,-11.038034885174175,-1.0496841773592822,,,,bull,bull,,,,,,,sl_hit,,,-0.0159999999999999,,,,binance,1.0,backfilled from tiered_trades.csv; signal-TF rsi=73.61275088547822; atr_rank=0.44; dist_ema200=-11.038034885174175
ttr-20251124200000-01673,backtest_tiered_raw_all_tf,binance,BTCUSDT,4h,2025-11-24T20:00:00Z,,short,T3a_H4_sweep_hi_short_loose,,3,,0,,,,,,,,,,,,,,,,0.8296394971472509,,,,,73.61275088547822,-11.038034885174175,-1.0496841773592822,,,,bull,bull,,,,,,,sl_hit,,,-0.0159999999999999,,,,binance,1.0,backfilled from tiered_trades.csv; signal-TF rsi=73.61275088547822; atr_rank=0.44; dist_ema200=-11.038034885174175
ttr-20251201050000-01674,backtest_tiered_raw_all_tf,binance,BTCUSDT,1h,2025-12-01T05:00:00Z,,long,T4c_H1_sweep_lo_long,,4,,0,,,,,,,,,,,,,,,,0.7876433894508161,,,,,11.490988252201376,-4.441862611480792,-4.518109900558346,,,,bull,bull,,,,,,,sl_hit,,,-0.011,,,,binance,1.0,backfilled from tiered_trades.csv; signal-TF rsi=11.490988252201376; atr_rank=1.0; dist_ema200=-4.441862611480792
ttr-20251203040000-01675,backtest_tiered_raw_all_tf,binance,BTCUSDT,4h,2025-12-03T04:00:00Z,,short,T3a_H4_sweep_hi_short_loose,,3,,0,,,,,,,,,,,,,,,,1.1173610809568402,,,,,58.427144189621686,-2.5517157875759438,3.86903732107525,,,,bull,bull,,,,,,,tp_hit,,,0.0289999999999999,,,,binance,1.0,backfilled from tiered_trades.csv; signal-TF rsi=58.427144189621686; atr_rank=0.82; dist_ema200=-2.5517157875759438
ttr-20251204150000-01676,backtest_tiered_raw_all_tf,binance,BTCUSDT,1h,2025-12-04T15:00:00Z,,long,T3b_H1_fail_brkdn_long,,3,,0,,,,,,,,,,,,,,,,1.944184376375307,,,,,47.84339069372635,2.762722345793668,0.8736529139181511,,,,bull,bull,,,,,,,sl_hit,,,-0.0129999999999999,,,,binance,1.0,backfilled from tiered_trades.csv; signal-TF rsi=47.84339069372635; atr_rank=0.22; dist_ema200=2.762722345793668
ttr-20251204170000-01677,backtest_tiered_raw_all_tf,binance,BTCUSDT,1h,2025-12-04T17:00:00Z,,long,T4c_H1_sweep_lo_long,,4,,0,,,,,,,,,,,,,,,,1.3950004548434012,,,,,37.81343068498414,2.116880045902856,0.2606314588070556,,,,bull,bull,,,,,,,sl_hit,,,-0.0109999999999999,,,,binance,1.0,backfilled from tiered_trades.csv; signal-TF rsi=37.81343068498414; atr_rank=0.26; dist_ema200=2.116880045902856
ttr-20251206150000-01678,backtest_tiered_raw_all_tf,binance,BTCUSDT,1h,2025-12-06T15:00:00Z,,short,T4d_H1_fail_brk_short,,4,,0,,,,,,,,,,,,,,,,1.154999013414744,,,,,59.91414306378626,-0.8005434653125209,-0.728045809024583,,,,bull,bull,,,,,,,tp_hit,,,0.019,,,,binance,1.0,backfilled from tiered_trades.csv; signal-TF rsi=59.91414306378626; atr_rank=0.04; dist_ema200=-0.8005434653125209
ttr-20251211030000-01679,backtest_tiered_raw_all_tf,binance,BTCUSDT,1h,2025-12-11T03:00:00Z,,long,T4c_H1_sweep_lo_long,,4,,0,,,,,,,,,,,,,,,,1.1111817351208593,,,,,26.813766462838416,-1.241560278391459,-2.0345930760352795,,,,bull,bull,,,,,,,tp_hit,,,0.019,,,,binance,1.0,backfilled from tiered_trades.csv; signal-TF rsi=26.813766462838416; atr_rank=0.96; dist_ema200=-1.241560278391459
ttr-20251214220000-01680,backtest_tiered_raw_all_tf,binance,BTCUSDT,1h,2025-12-14T22:00:00Z,,long,T4c_H1_sweep_lo_long,,4,,0,,,,,,,,,,,,,,,,1.580856213429183,,,,,13.594901105706567,-2.4113483101569138,-1.60850991198531,,,,bull,bull,,,,,,,sl_hit,,,-0.011,,,,binance,1.0,backfilled from tiered_trades.csv; signal-TF rsi=13.594901105706567; atr_rank=0.48; dist_ema200=-2.4113483101569138
ttr-20251215180000-01681,backtest_tiered_raw_all_tf,binance,BTCUSDT,1h,2025-12-15T18:00:00Z,,long,T4c_H1_sweep_lo_long,,4,,0,,,,,,,,,,,,,,,,1.7296484468643327,,,,,14.725921243762585,-4.510237155835521,-3.315813844830376,,,,bull,bull,,,,,,,sl_hit,,,-0.011,,,,binance,1.0,backfilled from tiered_trades.csv; signal-TF rsi=14.725921243762585; atr_rank=0.88; dist_ema200=-4.510237155835521
ttr-20251216160000-01682,backtest_tiered_raw_all_tf,binance,BTCUSDT,1h,2025-12-16T16:00:00Z,,short,T4d_H1_fail_brk_short,,4,,0,,,,,,,,,,,,,,,,1.5284284769470626,,,,,65.67914513972727,-2.1509183404478884,-0.0702339245319859,,,,bull,bull,,,,,,,sl_hit,,,-0.0109999999999999,,,,binance,1.0,backfilled from tiered_trades.csv; signal-TF rsi=65.67914513972727; atr_rank=0.93; dist_ema200=-2.1509183404478884
ttr-20251218140000-01683,backtest_tiered_raw_all_tf,binance,BTCUSDT,1h,2025-12-18T14:00:00Z,,short,T4d_H1_fail_brk_short,,4,,0,,,,,,,,,,,,,,,,3.716279196108404,,,,,74.43840872841594,-0.2845439121383583,1.3950172865344337,,,,bull,bull,,,,,,,sl_hit,,,-0.011,,,,binance,1.0,backfilled from tiered_trades.csv; signal-TF rsi=74.43840872841594; atr_rank=0.53; dist_ema200=-0.2845439121383583
ttr-20251221140000-01684,backtest_tiered_raw_all_tf,binance,BTCUSDT,1h,2025-12-21T14:00:00Z,,long,T3b_H1_fail_brkdn_long,,3,,0,,,,,,,,,,,,,,,,1.9704150786358907,,,,,44.94134759465563,-0.1712007291742079,0.0035839098922161,,,,bull,bull,,,,,,,tp_hit,,,0.0239999999999999,,,,binance,1.0,backfilled from tiered_trades.csv; signal-TF rsi=44.94134759465563; atr_rank=0.31; dist_ema200=-0.1712007291742079
ttr-20251222000000-01685,backtest_tiered_raw_all_tf,binance,BTCUSDT,4h,2025-12-22T00:00:00Z,,short,T4b_H4_sstar_short,,4,,0,,,,,,,,,,,,,,,,1.3189311505630044,,,,,66.73119768120952,-2.6790081795215976,0.5648374327685896,,,,bull,bull,,,,,,,sl_hit,,,-0.0159999999999999,,,,binance,1.0,backfilled from tiered_trades.csv; signal-TF rsi=66.73119768120952; atr_rank=0.02; dist_ema200=-2.6790081795215976
ttr-20251222120000-01686,backtest_tiered_raw_all_tf,binance,BTCUSDT,4h,2025-12-22T12:00:00Z,,short,T3a_H4_sweep_hi_short_loose,,3,,0,,,,,,,,,,,,,,,,2.133294232266824,,,,,69.43540633979524,-1.583397344326244,1.4692126688554017,,,,bull,bull,,,,,,,tp_hit,,,0.0289999999999999,,,,binance,1.0,backfilled from tiered_trades.csv; signal-TF rsi=69.43540633979524; atr_rank=0.12; dist_ema200=-1.583397344326244
ttr-20251223030000-01687,backtest_tiered_raw_all_tf,binance,BTCUSDT,1h,2025-12-23T03:00:00Z,,long,T4c_H1_sweep_lo_long,,4,,0,,,,,,,,,,,,,,,,0.674677736752256,,,,,27.29556666935997,-0.282941507723029,-0.5898794113212493,,,,bull,bull,,,,,,,sl_hit,,,-0.0109999999999999,,,,binance,1.0,backfilled from tiered_trades.csv; signal-TF rsi=27.29556666935997; atr_rank=0.69; dist_ema200=-0.282941507723029
ttr-20251224230000-01688,backtest_tiered_raw_all_tf,binance,BTCUSDT,1h,2025-12-24T23:00:00Z,,short,T4d_H1_fail_brk_short,,4,,0,,,,,,,,,,,,,,,,0.6934432594297572,,,,,67.66499911329596,-0.449401332879213,0.0496232759098862,,,,bull,bull,,,,,,,sl_hit,,,-0.011,,,,binance,1.0,backfilled from tiered_trades.csv; signal-TF rsi=67.66499911329596; atr_rank=0.33; dist_ema200=-0.449401332879213
ttr-20251226040000-01689,backtest_tiered_raw_all_tf,binance,BTCUSDT,4h,2025-12-26T04:00:00Z,,short,T3a_H4_sweep_hi_short_loose,,3,,0,,,,,,,,,,,,,,,,1.6486727014651297,,,,,58.04036389229549,-2.2423977211346084,0.4669764820290829,,,,bull,bull,,,,,,,sl_hit,,,-0.0159999999999998,,,,binance,1.0,backfilled from tiered_trades.csv; signal-TF rsi=58.04036389229549; atr_rank=0.25; dist_ema200=-2.2423977211346084
ttr-20251229040000-01690,backtest_tiered_raw_all_tf,binance,BTCUSDT,4h,2025-12-29T04:00:00Z,,short,T1d_H4_sweep_hi_short_strict,,1,,0,,,,,,,,,,,,,,,,1.9722635436969624,,,,,75.52563633845122,-0.5109658728201458,1.799059099142354,,53.9601802778546,35.33714541695812,bear,bull,-0.1362804436475255,0.3653347254542901,,,,,time,,,-0.0223352918747866,,,,binance,1.0,backfilled from tiered_trades.csv; signal-TF rsi=75.52563633845122; atr_rank=0.05; dist_ema200=-0.5109658728201458
ttr-20251229040000-01691,backtest_tiered_raw_all_tf,binance,BTCUSDT,4h,2025-12-29T04:00:00Z,,short,T3a_H4_sweep_hi_short_loose,,3,,0,,,,,,,,,,,,,,,,1.9722635436969624,,,,,75.52563633845122,-0.5109658728201458,1.799059099142354,,,,bull,bull,,,,,,,tp_hit,,,0.029,,,,binance,1.0,backfilled from tiered_trades.csv; signal-TF rsi=75.52563633845122; atr_rank=0.05; dist_ema200=-0.5109658728201458
ttr-20251231200000-01692,backtest_tiered_raw_all_tf,binance,BTCUSDT,1h,2025-12-31T20:00:00Z,,long,T4c_H1_sweep_lo_long,,4,,0,,,,,,,,,,,,,,,,1.4668098899761626,,,,,35.835683205102924,-0.4169279299641487,-0.5679895442944614,,,,bull,bull,,,,,,,tp_hit,,,0.019,,,,binance,1.0,backfilled from tiered_trades.csv; signal-TF rsi=35.835683205102924; atr_rank=0.62; dist_ema200=-0.4169279299641487
ttr-20260106180000-01693,backtest_tiered_raw_all_tf,binance,BTCUSDT,1h,2026-01-06T18:00:00Z,,long,T4c_H1_sweep_lo_long,,4,,0,,,,,,,,,,,,,,,,1.970481488990608,,,,,30.45920827379957,1.4736869948212616,-0.9249110942000236,,,,bull,bull,,,,,,,sl_hit,,,-0.0109999999999999,,,,binance,1.0,backfilled from tiered_trades.csv; signal-TF rsi=30.45920827379957; atr_rank=0.88; dist_ema200=1.4736869948212616
ttr-20260107160000-01694,backtest_tiered_raw_all_tf,binance,BTCUSDT,4h,2026-01-07T16:00:00Z,,long,T4a_H4_hammer_long,,4,,0,,,,,,,,,,,,,,,,0.963394081275782,,,,,39.017908983804745,1.0004420773327831,0.1253288983804195,,,,bull,bull,,,,,,,sl_hit,,,-0.0159999999999999,,,,binance,1.0,backfilled from tiered_trades.csv; signal-TF rsi=39.017908983804745; atr_rank=1.0; dist_ema200=1.0004420773327831
ttr-20260107190000-01695,backtest_tiered_raw_all_tf,binance,BTCUSDT,1h,2026-01-07T19:00:00Z,,long,T4c_H1_sweep_lo_long,,4,,0,,,,,,,,,,,,,,,,0.9713497092405526,,,,,30.51682681849465,0.1622010569631946,-1.309702647375154,,,,bull,bull,,,,,,,sl_hit,,,-0.011,,,,binance,1.0,backfilled from tiered_trades.csv; signal-TF rsi=30.51682681849465; atr_rank=0.75; dist_ema200=0.1622010569631946
ttr-20260108140000-01696,backtest_tiered_raw_all_tf,binance,BTCUSDT,1h,2026-01-08T14:00:00Z,,long,T4c_H1_sweep_lo_long,,4,,0,,,,,,,,,,,,,,,,2.4188403166609582,,,,,33.205251988609845,-1.0371678863049878,-1.5218003918515983,,,,bull,bull,,,,,,,tp_hit,,,0.0189999999999999,,,,binance,1.0,backfilled from tiered_trades.csv; signal-TF rsi=33.205251988609845; atr_rank=0.86; dist_ema200=-1.0371678863049878
ttr-20260111130000-01697,backtest_tiered_raw_all_tf,binance,BTCUSDT,1h,2026-01-11T13:00:00Z,,short,T4d_H1_fail_brk_short,,4,,0,,,,,,,,,,,,,,,,1.101431178540874,,,,,71.47734210493459,-0.0015167628176921,0.1071080903997084,,,,bull,bull,,,,,,,sl_hit,,,-0.011,,,,binance,1.0,backfilled from tiered_trades.csv; signal-TF rsi=71.47734210493459; atr_rank=0.2; dist_ema200=-0.0015167628176921
ttr-20260119230000-01698,backtest_tiered_raw_all_tf,binance,BTCUSDT,1h,2026-01-19T23:00:00Z,,long,T4c_H1_sweep_lo_long,,4,,0,,,,,,,,,,,,,,,,1.931873291235816,,,,,39.02300497349547,-1.4192910704438415,-1.2536176018556835,,,,bull,bull,,,,,,,sl_hit,,,-0.011,,,,binance,1.0,backfilled from tiered_trades.csv; signal-TF rsi=39.02300497349547; atr_rank=0.54; dist_ema200=-1.4192910704438415
ttr-20260120150000-01699,backtest_tiered_raw_all_tf,binance,BTCUSDT,1h,2026-01-20T15:00:00Z,,long,T4c_H1_sweep_lo_long,,4,,0,,,,,,,,,,,,,,,,2.675691317873856,,,,,20.33769123620569,-3.1131040031671207,-2.1437087410563507,,,,bull,bull,,,,,,,sl_hit,,,-0.0109999999999999,,,,binance,1.0,backfilled from tiered_trades.csv; signal-TF rsi=20.33769123620569; atr_rank=0.99; dist_ema200=-3.1131040031671207
ttr-20260121160000-01700,backtest_tiered_raw_all_tf,binance,BTCUSDT,1h,2026-01-21T16:00:00Z,,short,T4d_H1_fail_brk_short,,4,,0,,,,,,,,,,,,,,,,2.3380081588459625,,,,,39.29284837464393,-5.43359579441633,-3.182682250544031,,,,bull,bull,,,,,,,sl_hit,,,-0.011,,,,binance,1.0,backfilled from tiered_trades.csv; signal-TF rsi=39.29284837464393; atr_rank=1.0; dist_ema200=-5.43359579441633
ttr-20260121170000-01701,backtest_tiered_raw_all_tf,binance,BTCUSDT,1h,2026-01-21T17:00:00Z,,long,T4c_H1_sweep_lo_long,,4,,0,,,,,,,,,,,,,,,,1.9007014685597103,,,,,38.80552458314117,-5.029403525027275,-2.710477434983082,,,,bull,bull,,,,,,,tp_hit,,,0.019,,,,binance,1.0,backfilled from tiered_trades.csv; signal-TF rsi=38.80552458314117; atr_rank=1.0; dist_ema200=-5.029403525027275
ttr-20260123180000-01702,backtest_tiered_raw_all_tf,binance,BTCUSDT,1h,2026-01-23T18:00:00Z,,short,T4d_H1_fail_brk_short,,4,,0,,,,,,,,,,,,,,,,1.245446796357464,,,,,58.24820373879256,-1.0127884773821505,0.8677435044490115,,,,bull,bull,,,,,,,tp_hit,,,0.019,,,,binance,1.0,backfilled from tiered_trades.csv; signal-TF rsi=58.24820373879256; atr_rank=0.71; dist_ema200=-1.0127884773821505
ttr-20260124160000-01703,backtest_tiered_raw_all_tf,binance,BTCUSDT,1h,2026-01-24T16:00:00Z,,long,T4c_H1_sweep_lo_long,,4,,0,,,,,,,,,,,,,,,,1.081233756387177,,,,,29.21458060618191,-1.971325114699348,-0.3904648826089615,,,,bull,bull,,,,,,,sl_hit,,,-0.0109999999999999,,,,binance,1.0,backfilled from tiered_trades.csv; signal-TF rsi=29.21458060618191; atr_rank=0.05; dist_ema200=-1.971325114699348
ttr-20260125230000-01704,backtest_tiered_raw_all_tf,binance,BTCUSDT,1h,2026-01-25T23:00:00Z,,long,T4c_H1_sweep_lo_long,,4,,0,,,,,,,,,,,,,,,,1.675911348816398,,,,,25.78976569023573,-4.093222331142619,-2.166750529594447,,,,bull,bull,,,,,,,tp_hit,,,0.019,,,,binance,1.0,backfilled from tiered_trades.csv; signal-TF rsi=25.78976569023573; atr_rank=0.77; dist_ema200=-4.093222331142619
ttr-20260127180000-01705,backtest_tiered_raw_all_tf,binance,BTCUSDT,1h,2026-01-27T18:00:00Z,,long,T3b_H1_fail_brkdn_long,,3,,0,,,,,,,,,,,,,,,,1.6176660540004733,,,,,46.29683181910768,-1.4121147866334285,0.1351495883469818,,,,bull,bull,,,,,,,tp_hit,,,0.0239999999999998,,,,binance,1.0,backfilled from tiered_trades.csv; signal-TF rsi=46.29683181910768; atr_rank=0.57; dist_ema200=-1.4121147866334285
ttr-20260127210000-01706,backtest_tiered_raw_all_tf,binance,BTCUSDT,1h,2026-01-27T21:00:00Z,,short,T4d_H1_fail_brk_short,,4,,0,,,,,,,,,,,,,,,,1.171332126952498,,,,,57.39835944137794,-0.5035465610349275,0.934221557485674,,,,bull,bull,,,,,,,sl_hit,,,-0.011,,,,binance,1.0,backfilled from tiered_trades.csv; signal-TF rsi=57.39835944137794; atr_rank=0.76; dist_ema200=-0.5035465610349275
ttr-20260128120000-01707,backtest_tiered_raw_all_tf,binance,BTCUSDT,4h,2026-01-28T12:00:00Z,,short,T3a_H4_sweep_hi_short_loose,,3,,0,,,,,,,,,,,,,,,,1.6819554717463283,,,,,64.12534811492672,-1.4360274600963314,-0.0308396417036479,,,,bull,bull,,,,,,,tp_hit,,,0.029,,,,binance,1.0,backfilled from tiered_trades.csv; signal-TF rsi=64.12534811492672; atr_rank=0.6; dist_ema200=-1.4360274600963314
ttr-20260128160000-01708,backtest_tiered_raw_all_tf,binance,BTCUSDT,4h,2026-01-28T16:00:00Z,,short,T4b_H4_sstar_short,,4,,0,,,,,,,,,,,,,,,,1.210337777697883,,,,,64.97625213382423,-1.506027168613666,-0.1123742192384259,,,,bull,bull,,,,,,,tp_hit,,,0.0290000000000001,,,,binance,1.0,backfilled from tiered_trades.csv; signal-TF rsi=64.97625213382423; atr_rank=0.65; dist_ema200=-1.506027168613666
ttr-20260129160000-01709,backtest_tiered_raw_all_tf,binance,BTCUSDT,1h,2026-01-29T16:00:00Z,,long,T4c_H1_sweep_lo_long,,4,,0,,,,,,,,,,,,,,,,3.765318172927405,,,,,24.229743886422128,-4.443355945653095,-3.4690993762251097,,,,bull,bull,,,,,,,sl_hit,,,-0.011,,,,binance,1.0,backfilled from tiered_trades.csv; signal-TF rsi=24.229743886422128; atr_rank=0.71; dist_ema200=-4.443355945653095
ttr-20260201230000-01710,backtest_tiered_raw_all_tf,binance,BTCUSDT,1h,2026-02-01T23:00:00Z,,long,T4c_H1_sweep_lo_long,,4,,0,,,,,,,,,,,,,,,,4.589104926137304,,,,,31.248321075673218,-9.023329080720217,-3.4238595664344627,,,,bull,bull,,,,,,,sl_hit,,,-0.0109999999999999,,,,binance,1.0,backfilled from tiered_trades.csv; signal-TF rsi=31.248321075673218; atr_rank=0.84; dist_ema200=-9.023329080720217
ttr-20260203190000-01711,backtest_tiered_raw_all_tf,binance,BTCUSDT,1h,2026-02-03T19:00:00Z,,long,T4c_H1_sweep_lo_long,,4,,0,,,,,,,,,,,,,,,,2.052857056696666,,,,,34.06147142979755,-8.765750191411291,-3.842753544000296,,,,bull,bull,,,,,,,tp_hit,,,0.0189999999999999,,,,binance,1.0,backfilled from tiered_trades.csv; signal-TF rsi=34.06147142979755; atr_rank=0.77; dist_ema200=-8.765750191411291
ttr-20260205180000-01712,backtest_tiered_raw_all_tf,binance,BTCUSDT,1h,2026-02-05T18:00:00Z,,long,T4c_H1_sweep_lo_long,,4,,0,,,,,,,,,,,,,,,,1.5175216712713449,,,,,24.076095395547892,-15.60573795244382,-8.590256666613442,,,,bull,bull,,,,,,,sl_hit,,,-0.011,,,,binance,1.0,backfilled from tiered_trades.csv; signal-TF rsi=24.076095395547892; atr_rank=1.0; dist_ema200=-15.60573795244382
ttr-20260206150000-01713,backtest_tiered_raw_all_tf,binance,BTCUSDT,1h,2026-02-06T15:00:00Z,,short,T4d_H1_fail_brk_short,,4,,0,,,,,,,,,,,,,,,,1.2319613077229958,,,,,65.72634058323331,-9.844667817884556,-0.0459736251873702,,,,bull,bull,,,,,,,sl_hit,,,-0.011,,,,binance,1.0,backfilled from tiered_trades.csv; signal-TF rsi=65.72634058323331; atr_rank=0.78; dist_ema200=-9.844667817884556
ttr-20260208090000-01714,backtest_tiered_raw_all_tf,binance,BTCUSDT,1h,2026-02-08T09:00:00Z,,short,T4d_H1_fail_brk_short,,4,,0,,,,,,,,,,,,,,,,0.999842699657338,,,,,60.06669228235815,-5.082716764235191,1.1241599087100995,,,,bull,bull,,,,,,,sl_hit,,,-0.011,,,,binance,1.0,backfilled from tiered_trades.csv; signal-TF rsi=60.06669228235815; atr_rank=0.04; dist_ema200=-5.082716764235191
ttr-20260208200000-01715,backtest_tiered_raw_all_tf,binance,BTCUSDT,4h,2026-02-08T20:00:00Z,,short,T3a_H4_sweep_hi_short_loose,,3,,0,,,,,,,,,,,,,,,,0.463420627338414,,,,,58.015421543508765,-15.303338751489706,-4.192244028749967,,,,bull,bull,,,,,,,sl_hit,,,-0.0159999999999998,,,,binance,1.0,backfilled from tiered_trades.csv; signal-TF rsi=58.015421543508765; atr_rank=0.65; dist_ema200=-15.303338751489706
ttr-20260209140000-01716,backtest_tiered_raw_all_tf,binance,BTCUSDT,1h,2026-02-09T14:00:00Z,,long,T4c_H1_sweep_lo_long,,4,,0,,,,,,,,,,,,,,,,2.196612644841517,,,,,38.56218021180379,-5.096072457218421,-0.9762430558882994,,,,bull,bull,,,,,,,tp_hit,,,0.0190000000000001,,,,binance,1.0,backfilled from tiered_trades.csv; signal-TF rsi=38.56218021180379; atr_rank=0.35; dist_ema200=-5.096072457218421
ttr-20260210130000-01717,backtest_tiered_raw_all_tf,binance,BTCUSDT,1h,2026-02-10T13:00:00Z,,long,T4c_H1_sweep_lo_long,,4,,0,,,,,,,,,,,,,,,,1.2182092690331328,,,,,37.7157123348612,-4.542711760833163,-0.9958888459344326,,,,bull,bull,,,,,,,sl_hit,,,-0.0109999999999999,,,,binance,1.0,backfilled from tiered_trades.csv; signal-TF rsi=37.7157123348612; atr_rank=0.14; dist_ema200=-4.542711760833163
ttr-20260211150000-01718,backtest_tiered_raw_all_tf,binance,BTCUSDT,1h,2026-02-11T15:00:00Z,,long,T4c_H1_sweep_lo_long,,4,,0,,,,,,,,,,,,,,,,2.6016548684367056,,,,,23.983161703017828,-6.72992416927698,-2.8321694354472635,,,,bull,bull,,,,,,,tp_hit,,,0.019,,,,binance,1.0,backfilled from tiered_trades.csv; signal-TF rsi=23.983161703017828; atr_rank=0.76; dist_ema200=-6.72992416927698
ttr-20260212140000-01719,backtest_tiered_raw_all_tf,binance,BTCUSDT,1h,2026-02-12T14:00:00Z,,short,T4d_H1_fail_brk_short,,4,,0,,,,,,,,,,,,,,,,1.7384743198187205,,,,,51.46525455127451,-4.175185892608784,-0.4404581362632451,,,,bull,bull,,,,,,,tp_hit,,,0.0189999999999999,,,,binance,1.0,backfilled from tiered_trades.csv; signal-TF rsi=51.46525455127451; atr_rank=0.04; dist_ema200=-4.175185892608784
ttr-20260212180000-01720,backtest_tiered_raw_all_tf,binance,BTCUSDT,1h,2026-02-12T18:00:00Z,,long,T4c_H1_sweep_lo_long,,4,,0,,,,,,,,,,,,,,,,1.543654271707482,,,,,36.0190715358894,-6.756751075388164,-2.9647548309752207,,,,bull,bull,,,,,,,tp_hit,,,0.019,,,,binance,1.0,backfilled from tiered_trades.csv; signal-TF rsi=36.0190715358894; atr_rank=0.51; dist_ema200=-6.756751075388164
ttr-20260213160000-01721,backtest_tiered_raw_all_tf,binance,BTCUSDT,1h,2026-02-13T16:00:00Z,,short,T4d_H1_fail_brk_short,,4,,0,,,,,,,,,,,,,,,,1.9712488368247736,,,,,80.62282349859825,-0.9806690354608728,2.6169910780064325,,,,bull,bull,,,,,,,sl_hit,,,-0.011,,,,binance,1.0,backfilled from tiered_trades.csv; signal-TF rsi=80.62282349859825; atr_rank=0.28; dist_ema200=-0.9806690354608728
ttr-20260215080000-01722,backtest_tiered_raw_all_tf,binance,BTCUSDT,4h,2026-02-15T08:00:00Z,,short,T3a_H4_sweep_hi_short_loose,,3,,0,,,,,,,,,,,,,,,,0.599939466989424,,,,,75.90189487906437,-10.32268270111219,0.8428182471512693,,,,bull,bull,,,,,,,tp_hit,,,0.0289999999999999,,,,binance,1.0,backfilled from tiered_trades.csv; signal-TF rsi=75.90189487906437; atr_rank=0.01; dist_ema200=-10.32268270111219
ttr-20260216130000-01723,backtest_tiered_raw_all_tf,binance,BTCUSDT,1h,2026-02-16T13:00:00Z,,short,T4d_H1_fail_brk_short,,4,,0,,,,,,,,,,,,,,,,2.245317729014002,,,,,45.35386576040791,-1.5192347929546668,-0.8510611048583478,,,,bull,bull,,,,,,,sl_hit,,,-0.011,,,,binance,1.0,backfilled from tiered_trades.csv; signal-TF rsi=45.35386576040791; atr_rank=0.66; dist_ema200=-1.5192347929546668
ttr-20260217150000-01724,backtest_tiered_raw_all_tf,binance,BTCUSDT,1h,2026-02-17T15:00:00Z,,long,T4c_H1_sweep_lo_long,,4,,0,,,,,,,,,,,,,,,,3.5413942570264165,,,,,32.994912593135,-2.55681116300482,-1.5254462785437433,,,,bull,bull,,,,,,,sl_hit,,,-0.0109999999999999,,,,binance,1.0,backfilled from tiered_trades.csv; signal-TF rsi=32.994912593135; atr_rank=0.74; dist_ema200=-2.55681116300482
ttr-20260220060000-01725,backtest_tiered_raw_all_tf,binance,BTCUSDT,1h,2026-02-20T06:00:00Z,,short,T4d_H1_fail_brk_short,,4,,0,,,,,,,,,,,,,,,,0.7074131566021944,,,,,83.77454943793867,-0.5128050063864783,1.0261161105493724,,,,bull,bull,,,,,,,tp_hit,,,0.0189999999999999,,,,binance,1.0,backfilled from tiered_trades.csv; signal-TF rsi=83.77454943793867; atr_rank=0.18; dist_ema200=-0.5128050063864783
ttr-20260222150000-01726,backtest_tiered_raw_all_tf,binance,BTCUSDT,1h,2026-02-22T15:00:00Z,,long,T4c_H1_sweep_lo_long,,4,,0,,,,,,,,,,,,,,,,2.0349310818549635,,,,,37.36337380925786,-0.6075150081084724,-0.3293505176782419,,,,bull,bull,,,,,,,sl_hit,,,-0.0109999999999999,,,,binance,1.0,backfilled from tiered_trades.csv; signal-TF rsi=37.36337380925786; atr_rank=0.11; dist_ema200=-0.6075150081084724
ttr-20260223200000-01727,backtest_tiered_raw_all_tf,binance,BTCUSDT,1h,2026-02-23T20:00:00Z,,long,T4c_H1_sweep_lo_long,,4,,0,,,,,,,,,,,,,,,,0.8795584946851209,,,,,32.39296036503424,-4.570296824480267,-2.97006809173946,,,,bull,bull,,,,,,,sl_hit,,,-0.0109999999999999,,,,binance,1.0,backfilled from tiered_trades.csv; signal-TF rsi=32.39296036503424; atr_rank=0.95; dist_ema200=-4.570296824480267
ttr-20260224130000-01728,backtest_tiered_raw_all_tf,binance,BTCUSDT,1h,2026-02-24T13:00:00Z,,long,T4c_H1_sweep_lo_long,,4,,0,,,,,,,,,,,,,,,,2.162450916549535,,,,,20.87454968851397,-6.048661787993905,-3.269023174966717,,,,bull,bull,,,,,,,tp_hit,,,0.019,,,,binance,1.0,backfilled from tiered_trades.csv; signal-TF rsi=20.87454968851397; atr_rank=0.78; dist_ema200=-6.048661787993905
ttr-20260225020000-01729,backtest_tiered_raw_all_tf,binance,BTCUSDT,1h,2026-02-25T02:00:00Z,,short,T4d_H1_fail_brk_short,,4,,0,,,,,,,,,,,,,,,,1.3409837319743334,,,,,85.0835523212723,-1.1384539197089578,1.6589843533470925,,,,bull,bull,,,,,,,sl_hit,,,-0.011,,,,binance,1.0,backfilled from tiered_trades.csv; signal-TF rsi=85.0835523212723; atr_rank=0.94; dist_ema200=-1.1384539197089578
ttr-20260225200000-01730,backtest_tiered_raw_all_tf,binance,BTCUSDT,4h,2026-02-25T20:00:00Z,,short,T3a_H4_sweep_hi_short_loose,,3,,0,,,,,,,,,,,,,,,,1.0583712646221064,,,,,60.06448700921386,-6.880009644897868,1.9263436432068843,,,,bull,bull,,,,,,,tp_hit,,,0.0289999999999999,,,,binance,1.0,backfilled from tiered_trades.csv; signal-TF rsi=60.06448700921386; atr_rank=0.8; dist_ema200=-6.880009644897868
ttr-20260226150000-01731,backtest_tiered_raw_all_tf,binance,BTCUSDT,1h,2026-02-26T15:00:00Z,,long,T4c_H1_sweep_lo_long,,4,,0,,,,,,,,,,,,,,,,2.2349404031974807,,,,,37.11951802643004,0.702605454404563,0.4471813093869175,,,,bull,bull,,,,,,,sl_hit,,,-0.0110000000000001,,,,binance,1.0,backfilled from tiered_trades.csv; signal-TF rsi=37.11951802643004; atr_rank=0.27; dist_ema200=0.702605454404563
ttr-20260227130000-01732,backtest_tiered_raw_all_tf,binance,BTCUSDT,1h,2026-02-27T13:00:00Z,,long,T4c_H1_sweep_lo_long,,4,,0,,,,,,,,,,,,,,,,1.502262673924594,,,,,33.357813249298005,-1.0442393701992223,-1.2779381151751468,,,,bull,bull,,,,,,,sl_hit,,,-0.0109999999999999,,,,binance,1.0,backfilled from tiered_trades.csv; signal-TF rsi=33.357813249298005; atr_rank=0.18; dist_ema200=-1.0442393701992223
ttr-20260302160000-01733,backtest_tiered_raw_all_tf,binance,BTCUSDT,4h,2026-03-02T16:00:00Z,,short,T4b_H4_sstar_short,,4,,0,,,,,,,,,,,,,,,,1.5979302751932998,,,,,72.71573457740017,-3.4320047659624544,3.404788644143032,,,,bull,bull,,,,,,,tp_hit,,,0.0289999999999999,,,,binance,1.0,backfilled from tiered_trades.csv; signal-TF rsi=72.71573457740017; atr_rank=1.0; dist_ema200=-3.4320047659624544
ttr-20260302160000-01734,backtest_tiered_raw_all_tf,binance,BTCUSDT,4h,2026-03-02T16:00:00Z,,short,T3a_H4_sweep_hi_short_loose,,3,,0,,,,,,,,,,,,,,,,1.5979302751932998,,,,,72.71573457740017,-3.4320047659624544,3.404788644143032,,,,bull,bull,,,,,,,tp_hit,,,0.0289999999999999,,,,binance,1.0,backfilled from tiered_trades.csv; signal-TF rsi=72.71573457740017; atr_rank=1.0; dist_ema200=-3.4320047659624544
ttr-20260305160000-01735,backtest_tiered_raw_all_tf,binance,BTCUSDT,1h,2026-03-05T16:00:00Z,,long,T3b_H1_fail_brkdn_long,,3,,0,,,,,,,,,,,,,,,,1.4470762887126674,,,,,38.15991177172705,3.961278241933599,0.1030085728960358,,,,bull,bull,,,,,,,sl_hit,,,-0.013,,,,binance,1.0,backfilled from tiered_trades.csv; signal-TF rsi=38.15991177172705; atr_rank=0.38; dist_ema200=3.961278241933599
ttr-20260306010000-01736,backtest_tiered_raw_all_tf,binance,BTCUSDT,1h,2026-03-06T01:00:00Z,,long,T4c_H1_sweep_lo_long,,4,,0,,,,,,,,,,,,,,,,0.90561488678164,,,,,29.356032789578407,3.571724139887896,0.1136807390944293,,,,bull,bull,,,,,,,sl_hit,,,-0.011,,,,binance,1.0,backfilled from tiered_trades.csv; signal-TF rsi=29.356032789578407; atr_rank=0.22; dist_ema200=3.571724139887896
ttr-20260314010000-01737,backtest_tiered_raw_all_tf,binance,BTCUSDT,1h,2026-03-14T01:00:00Z,,long,T4c_H1_sweep_lo_long,,4,,0,,,,,,,,,,,,,,,,0.5305988604080868,,,,,36.18174049618804,1.5357864417939748,-0.1989864625493144,,,,bull,bull,,,,,,,tp_hit,,,0.019,,,,binance,1.0,backfilled from tiered_trades.csv; signal-TF rsi=36.18174049618804; atr_rank=0.71; dist_ema200=1.5357864417939748
ttr-20260318150000-01738,backtest_tiered_raw_all_tf,binance,BTCUSDT,1h,2026-03-18T15:00:00Z,,long,T4c_H1_sweep_lo_long,,4,,0,,,,,,,,,,,,,,,,2.779510281574236,,,,,21.08677696960017,-0.7313895160707063,-2.8088118735742853,,,,bull,bull,,,,,,,sl_hit,,,-0.0109999999999999,,,,binance,1.0,backfilled from tiered_trades.csv; signal-TF rsi=21.08677696960017; atr_rank=0.54; dist_ema200=-0.7313895160707063
ttr-20260318200000-01739,backtest_tiered_raw_all_tf,binance,BTCUSDT,4h,2026-03-18T20:00:00Z,,long,T4a_H4_hammer_long,,4,,0,,,,,,,,,,,,,,,,0.6732968836826061,,,,,37.10682628396483,0.2046018452975996,-0.8941338039571781,,,,bull,bull,,,,,,,sl_hit,,,-0.016,,,,binance,1.0,backfilled from tiered_trades.csv; signal-TF rsi=37.10682628396483; atr_rank=0.5; dist_ema200=0.2046018452975996
ttr-20260319130000-01740,backtest_tiered_raw_all_tf,binance,BTCUSDT,1h,2026-03-19T13:00:00Z,,long,T4c_H1_sweep_lo_long,,4,,0,,,,,,,,,,,,,,,,1.849500625721676,,,,,33.96919825069378,-2.560354547627922,-2.674548529041219,,,,bull,bull,,,,,,,sl_hit,,,-0.011,,,,binance,1.0,backfilled from tiered_trades.csv; signal-TF rsi=33.96919825069378; atr_rank=0.43; dist_ema200=-2.560354547627922
ttr-20260320040000-01741,backtest_tiered_raw_all_tf,binance,BTCUSDT,1h,2026-03-20T04:00:00Z,,short,T4d_H1_fail_brk_short,,4,,0,,,,,,,,,,,,,,,,0.6282772920966403,,,,,74.90432013716665,-1.028059118800294,-0.4249858728661809,,,,bull,bull,,,,,,,tp_hit,,,0.0189999999999999,,,,binance,1.0,backfilled from tiered_trades.csv; signal-TF rsi=74.90432013716665; atr_rank=0.29; dist_ema200=-1.028059118800294
ttr-20260320150000-01742,backtest_tiered_raw_all_tf,binance,BTCUSDT,1h,2026-03-20T15:00:00Z,,long,T4c_H1_sweep_lo_long,,4,,0,,,,,,,,,,,,,,,,1.605250668735383,,,,,39.91534603513768,-2.159548018193037,-1.3682183386965612,,,,bull,bull,,,,,,,sl_hit,,,-0.011,,,,binance,1.0,backfilled from tiered_trades.csv; signal-TF rsi=39.91534603513768; atr_rank=0.31; dist_ema200=-2.159548018193037
ttr-20260322000000-01743,backtest_tiered_raw_all_tf,binance,BTCUSDT,1h,2026-03-22T00:00:00Z,,long,T4c_H1_sweep_lo_long,,4,,0,,,,,,,,,,,,,,,,3.114764579628177,,,,,14.362315274126075,-3.034847529101368,-2.139671781104702,,,,bull,bull,,,,,,,sl_hit,,,-0.011,,,,binance,1.0,backfilled from tiered_trades.csv; signal-TF rsi=14.362315274126075; atr_rank=0.18; dist_ema200=-3.034847529101368
ttr-20260326060000-01744,backtest_tiered_raw_all_tf,binance,BTCUSDT,1h,2026-03-26T06:00:00Z,,long,T4c_H1_sweep_lo_long,,4,,0,,,,,,,,,,,,,,,,1.356780715438596,,,,,26.625665413003887,-0.6727592805763696,-0.8840755250634451,,,,bull,bull,,,,,,,sl_hit,,,-0.011,,,,binance,1.0,backfilled from tiered_trades.csv; signal-TF rsi=26.625665413003887; atr_rank=0.11; dist_ema200=-0.6727592805763696
ttr-20260326180000-01745,backtest_tiered_raw_all_tf,binance,BTCUSDT,1h,2026-03-26T18:00:00Z,,long,T4c_H1_sweep_lo_long,,4,,0,,,,,,,,,,,,,,,,1.6048896110893656,,,,,14.42463482531042,-2.7448094929362314,-2.383972211083075,,,,bull,bull,,,,,,,sl_hit,,,-0.011,,,,binance,1.0,backfilled from tiered_trades.csv; signal-TF rsi=14.42463482531042; atr_rank=0.55; dist_ema200=-2.7448094929362314
ttr-20260327110000-01746,backtest_tiered_raw_all_tf,binance,BTCUSDT,1h,2026-03-27T11:00:00Z,,long,T4c_H1_sweep_lo_long,,4,,0,,,,,,,,,,,,,,,,1.5892194211999675,,,,,16.469158494262132,-4.859273807929769,-3.667175570196441,,,,bull,bull,,,,,,,sl_hit,,,-0.0109999999999999,,,,binance,1.0,backfilled from tiered_trades.csv; signal-TF rsi=16.469158494262132; atr_rank=0.69; dist_ema200=-4.859273807929769
ttr-20260328140000-01747,backtest_tiered_raw_all_tf,binance,BTCUSDT,1h,2026-03-28T14:00:00Z,,short,T4d_H1_fail_brk_short,,4,,0,,,,,,,,,,,,,,,,0.9752652605370972,,,,,58.03098088908437,-3.552930616646327,-0.8341888696388029,,,,bull,bull,,,,,,,tp_hit,,,0.019,,,,binance,1.0,backfilled from tiered_trades.csv; signal-TF rsi=58.03098088908437; atr_rank=0.07; dist_ema200=-3.552930616646327
ttf-20170830110000-0000,backtest_tiered_final,binance,BTCUSDT,4h,2017-08-30T11:00:00Z,,long,T3a_H1_fail_brkdn_long,,3,,0,,,,,,,,,,,,,,,,,,,,,,,,,,,,,,,,,,,sl_hit,,,-0.013,,,,binance,1.0,backfilled; direction inferred from strat label; entry_price unknown
ttf-20170902200000-0001,backtest_tiered_final,binance,BTCUSDT,4h,2017-09-02T20:00:00Z,,long,T4a_H4_hammer_long,,4,,0,,,,,,,,,,,,,,,,,,,,,,,,,,,,,,,,,,,tp_hit,,,0.029,,,,binance,1.0,backfilled; direction inferred from strat label; entry_price unknown
ttf-20171001140000-0002,backtest_tiered_final,binance,BTCUSDT,4h,2017-10-01T14:00:00Z,,long,T3a_H1_fail_brkdn_long,,3,,0,,,,,,,,,,,,,,,,,,,,,,,,,,,,,,,,,,,tp_hit,,,0.024,,,,binance,1.0,backfilled; direction inferred from strat label; entry_price unknown
ttf-20171004120000-0003,backtest_tiered_final,binance,BTCUSDT,4h,2017-10-04T12:00:00Z,,long,T4a_H4_hammer_long,,4,,0,,,,,,,,,,,,,,,,,,,,,,,,,,,,,,,,,,,sl_hit,,,-0.0159999999999999,,,,binance,1.0,backfilled; direction inferred from strat label; entry_price unknown
ttf-20171018080000-0004,backtest_tiered_final,binance,BTCUSDT,4h,2017-10-18T08:00:00Z,,long,T4a_H4_hammer_long,,4,,0,,,,,,,,,,,,,,,,,,,,,,,,,,,,,,,,,,,sl_hit,,,-0.0159999999999999,,,,binance,1.0,backfilled; direction inferred from strat label; entry_price unknown
ttf-20171025000000-0005,backtest_tiered_final,binance,BTCUSDT,4h,2017-10-25T00:00:00Z,,long,T4a_H4_hammer_long,,4,,0,,,,,,,,,,,,,,,,,,,,,,,,,,,,,,,,,,,sl_hit,,,-0.0159999999999999,,,,binance,1.0,backfilled; direction inferred from strat label; entry_price unknown
ttf-20171104020000-0006,backtest_tiered_final,binance,BTCUSDT,4h,2017-11-04T02:00:00Z,,long,T3a_H1_fail_brkdn_long,,3,,0,,,,,,,,,,,,,,,,,,,,,,,,,,,,,,,,,,,tp_hit,,,0.0239999999999999,,,,binance,1.0,backfilled; direction inferred from strat label; entry_price unknown
ttf-20171110120000-0007,backtest_tiered_final,binance,BTCUSDT,4h,2017-11-10T12:00:00Z,,long,T4a_H4_hammer_long,,4,,0,,,,,,,,,,,,,,,,,,,,,,,,,,,,,,,,,,,sl_hit,,,-0.016,,,,binance,1.0,backfilled; direction inferred from strat label; entry_price unknown
ttf-20171111160000-0008,backtest_tiered_final,binance,BTCUSDT,4h,2017-11-11T16:00:00Z,,long,T4a_H4_hammer_long,,4,,0,,,,,,,,,,,,,,,,,,,,,,,,,,,,,,,,,,,sl_hit,,,-0.016,,,,binance,1.0,backfilled; direction inferred from strat label; entry_price unknown
ttf-20171118030000-0009,backtest_tiered_final,binance,BTCUSDT,4h,2017-11-18T03:00:00Z,,long,T3a_H1_fail_brkdn_long,,3,,0,,,,,,,,,,,,,,,,,,,,,,,,,,,,,,,,,,,tp_hit,,,0.0239999999999998,,,,binance,1.0,backfilled; direction inferred from strat label; entry_price unknown
ttf-20171217190000-0010,backtest_tiered_final,binance,BTCUSDT,4h,2017-12-17T19:00:00Z,,long,T3a_H1_fail_brkdn_long,,3,,0,,,,,,,,,,,,,,,,,,,,,,,,,,,,,,,,,,,tp_hit,,,0.024,,,,binance,1.0,backfilled; direction inferred from strat label; entry_price unknown
ttf-20171220000000-0011,backtest_tiered_final,binance,BTCUSDT,4h,2017-12-20T00:00:00Z,,long,T4a_H4_hammer_long,,4,,0,,,,,,,,,,,,,,,,,,,,,,,,,,,,,,,,,,,sl_hit,,,-0.0159999999999999,,,,binance,1.0,backfilled; direction inferred from strat label; entry_price unknown
ttf-20180107140000-0012,backtest_tiered_final,binance,BTCUSDT,4h,2018-01-07T14:00:00Z,,long,T3a_H1_fail_brkdn_long,,3,,0,,,,,,,,,,,,,,,,,,,,,,,,,,,,,,,,,,,sl_hit,,,-0.013,,,,binance,1.0,backfilled; direction inferred from strat label; entry_price unknown
ttf-20180202000000-0013,backtest_tiered_final,binance,BTCUSDT,4h,2018-02-02T00:00:00Z,,long,T2a_D_hammer_long,,2,,0,,,,,,,,,,,,,,,,,,,,,,,,,,,,,,,,,,,sl_hit,,,-0.0509999999999999,,,,binance,1.0,backfilled; direction inferred from strat label; entry_price unknown
ttf-20180209120000-0014,backtest_tiered_final,binance,BTCUSDT,4h,2018-02-09T12:00:00Z,,short,T3b_H4_sweep_hi_short_loose,,3,,0,,,,,,,,,,,,,,,,,,,,,,,,,,,,,,,,,,,sl_hit,,,-0.0159999999999998,,,,binance,1.0,backfilled; direction inferred from strat label; entry_price unknown
ttf-20180214160000-0015,backtest_tiered_final,binance,BTCUSDT,4h,2018-02-14T16:00:00Z,,short,T3b_H4_sweep_hi_short_loose,,3,,0,,,,,,,,,,,,,,,,,,,,,,,,,,,,,,,,,,,sl_hit,,,-0.0159999999999998,,,,binance,1.0,backfilled; direction inferred from strat label; entry_price unknown
ttf-20180218100000-0016,backtest_tiered_final,binance,BTCUSDT,4h,2018-02-18T10:00:00Z,,long,T3a_H1_fail_brkdn_long,,3,,0,,,,,,,,,,,,,,,,,,,,,,,,,,,,,,,,,,,tp_hit,,,0.0239999999999999,,,,binance,1.0,backfilled; direction inferred from strat label; entry_price unknown
ttf-20180221200000-0017,backtest_tiered_final,binance,BTCUSDT,4h,2018-02-21T20:00:00Z,,long,T4a_H4_hammer_long,,4,,0,,,,,,,,,,,,,,,,,,,,,,,,,,,,,,,,,,,tp_hit,,,0.0289999999999999,,,,binance,1.0,backfilled; direction inferred from strat label; entry_price unknown
ttf-20180302150000-0018,backtest_tiered_final,binance,BTCUSDT,4h,2018-03-02T15:00:00Z,,long,T3a_H1_fail_brkdn_long,,3,,0,,,,,,,,,,,,,,,,,,,,,,,,,,,,,,,,,,,tp_hit,,,0.0239999999999998,,,,binance,1.0,backfilled; direction inferred from strat label; entry_price unknown
ttf-20180304040000-0019,backtest_tiered_final,binance,BTCUSDT,4h,2018-03-04T04:00:00Z,,long,T3a_H1_fail_brkdn_long,,3,,0,,,,,,,,,,,,,,,,,,,,,,,,,,,,,,,,,,,sl_hit,,,-0.013,,,,binance,1.0,backfilled; direction inferred from strat label; entry_price unknown
ttf-20180321040000-0020,backtest_tiered_final,binance,BTCUSDT,4h,2018-03-21T04:00:00Z,,short,T3b_H4_sweep_hi_short_loose,,3,,0,,,,,,,,,,,,,,,,,,,,,,,,,,,,,,,,,,,sl_hit,,,-0.0159999999999998,,,,binance,1.0,backfilled; direction inferred from strat label; entry_price unknown
ttf-20180408120000-0021,backtest_tiered_final,binance,BTCUSDT,4h,2018-04-08T12:00:00Z,,short,T3b_H4_sweep_hi_short_loose,,3,,0,,,,,,,,,,,,,,,,,,,,,,,,,,,,,,,,,,,sl_hit,,,-0.0159999999999998,,,,binance,1.0,backfilled; direction inferred from strat label; entry_price unknown
ttf-20180426080000-0022,backtest_tiered_final,binance,BTCUSDT,4h,2018-04-26T08:00:00Z,,long,T4a_H4_hammer_long,,4,,0,,,,,,,,,,,,,,,,,,,,,,,,,,,,,,,,,,,tp_hit,,,0.029,,,,binance,1.0,backfilled; direction inferred from strat label; entry_price unknown
ttf-20180507120000-0023,backtest_tiered_final,binance,BTCUSDT,4h,2018-05-07T12:00:00Z,,long,T4a_H4_hammer_long,,4,,0,,,,,,,,,,,,,,,,,,,,,,,,,,,,,,,,,,,sl_hit,,,-0.016,,,,binance,1.0,backfilled; direction inferred from strat label; entry_price unknown
ttf-20180508120000-0024,backtest_tiered_final,binance,BTCUSDT,4h,2018-05-08T12:00:00Z,,long,T4a_H4_hammer_long,,4,,0,,,,,,,,,,,,,,,,,,,,,,,,,,,,,,,,,,,sl_hit,,,-0.016,,,,binance,1.0,backfilled; direction inferred from strat label; entry_price unknown
ttf-20180514200000-0025,backtest_tiered_final,binance,BTCUSDT,4h,2018-05-14T20:00:00Z,,short,T3b_H4_sweep_hi_short_loose,,3,,0,,,,,,,,,,,,,,,,,,,,,,,,,,,,,,,,,,,sl_hit,,,-0.0159999999999999,,,,binance,1.0,backfilled; direction inferred from strat label; entry_price unknown
ttf-20180520200000-0026,backtest_tiered_final,binance,BTCUSDT,4h,2018-05-20T20:00:00Z,,short,T3b_H4_sweep_hi_short_loose,,3,,0,,,,,,,,,,,,,,,,,,,,,,,,,,,,,,,,,,,tp_hit,,,0.029,,,,binance,1.0,backfilled; direction inferred from strat label; entry_price unknown
ttf-20180531160000-0027,backtest_tiered_final,binance,BTCUSDT,4h,2018-05-31T16:00:00Z,,short,T3b_H4_sweep_hi_short_loose,,3,,0,,,,,,,,,,,,,,,,,,,,,,,,,,,,,,,,,,,sl_hit,,,-0.0159999999999998,,,,binance,1.0,backfilled; direction inferred from strat label; entry_price unknown
ttf-20180616160000-0028,backtest_tiered_final,binance,BTCUSDT,4h,2018-06-16T16:00:00Z,,long,T3a_H1_fail_brkdn_long,,3,,0,,,,,,,,,,,,,,,,,,,,,,,,,,,,,,,,,,,sl_hit,,,-0.0129999999999999,,,,binance,1.0,backfilled; direction inferred from strat label; entry_price unknown
ttf-20180619120000-0029,backtest_tiered_final,binance,BTCUSDT,4h,2018-06-19T12:00:00Z,,short,T3b_H4_sweep_hi_short_loose,,3,,0,,,,,,,,,,,,,,,,,,,,,,,,,,,,,,,,,,,tp_hit,,,0.0289999999999999,,,,binance,1.0,backfilled; direction inferred from strat label; entry_price unknown
ttf-20180624160000-0030,backtest_tiered_final,binance,BTCUSDT,4h,2018-06-24T16:00:00Z,,long,T3a_H1_fail_brkdn_long,,3,,0,,,,,,,,,,,,,,,,,,,,,,,,,,,,,,,,,,,sl_hit,,,-0.0129999999999999,,,,binance,1.0,backfilled; direction inferred from strat label; entry_price unknown
ttf-20180701150000-0031,backtest_tiered_final,binance,BTCUSDT,4h,2018-07-01T15:00:00Z,,long,T3a_H1_fail_brkdn_long,,3,,0,,,,,,,,,,,,,,,,,,,,,,,,,,,,,,,,,,,tp_hit,,,0.0239999999999999,,,,binance,1.0,backfilled; direction inferred from strat label; entry_price unknown
ttf-20180703110000-0032,backtest_tiered_final,binance,BTCUSDT,4h,2018-07-03T11:00:00Z,,long,T3a_H1_fail_brkdn_long,,3,,0,,,,,,,,,,,,,,,,,,,,,,,,,,,,,,,,,,,sl_hit,,,-0.013,,,,binance,1.0,backfilled; direction inferred from strat label; entry_price unknown
ttf-20180725160000-0033,backtest_tiered_final,binance,BTCUSDT,4h,2018-07-25T16:00:00Z,,long,T3a_H1_fail_brkdn_long,,3,,0,,,,,,,,,,,,,,,,,,,,,,,,,,,,,,,,,,,sl_hit,,,-0.013,,,,binance,1.0,backfilled; direction inferred from strat label; entry_price unknown
ttf-20180731200000-0034,backtest_tiered_final,binance,BTCUSDT,4h,2018-07-31T20:00:00Z,,long,T4a_H4_hammer_long,,4,,0,,,,,,,,,,,,,,,,,,,,,,,,,,,,,,,,,,,sl_hit,,,-0.016,,,,binance,1.0,backfilled; direction inferred from strat label; entry_price unknown
ttf-20180801200000-0035,backtest_tiered_final,binance,BTCUSDT,4h,2018-08-01T20:00:00Z,,long,T4a_H4_hammer_long,,4,,0,,,,,,,,,,,,,,,,,,,,,,,,,,,,,,,,,,,sl_hit,,,-0.0159999999999999,,,,binance,1.0,backfilled; direction inferred from strat label; entry_price unknown
ttf-20180829160000-0036,backtest_tiered_final,binance,BTCUSDT,4h,2018-08-29T16:00:00Z,,long,T3a_H1_fail_brkdn_long,,3,,0,,,,,,,,,,,,,,,,,,,,,,,,,,,,,,,,,,,sl_hit,,,-0.0129999999999999,,,,binance,1.0,backfilled; direction inferred from strat label; entry_price unknown
ttf-20180919190000-0037,backtest_tiered_final,binance,BTCUSDT,4h,2018-09-19T19:00:00Z,,long,T3a_H1_fail_brkdn_long,,3,,0,,,,,,,,,,,,,,,,,,,,,,,,,,,,,,,,,,,sl_hit,,,-0.0129999999999999,,,,binance,1.0,backfilled; direction inferred from strat label; entry_price unknown
ttf-20180922090000-0038,backtest_tiered_final,binance,BTCUSDT,4h,2018-09-22T09:00:00Z,,long,T3a_H1_fail_brkdn_long,,3,,0,,,,,,,,,,,,,,,,,,,,,,,,,,,,,,,,,,,sl_hit,,,-0.013,,,,binance,1.0,backfilled; direction inferred from strat label; entry_price unknown
ttf-20181018200000-0039,backtest_tiered_final,binance,BTCUSDT,4h,2018-10-18T20:00:00Z,,long,T4a_H4_hammer_long,,4,,0,,,,,,,,,,,,,,,,,,,,,,,,,,,,,,,,,,,sl_hit,,,-0.016,,,,binance,1.0,backfilled; direction inferred from strat label; entry_price unknown
ttf-20181031150000-0040,backtest_tiered_final,binance,BTCUSDT,4h,2018-10-31T15:00:00Z,,long,T3a_H1_fail_brkdn_long,,3,,0,,,,,,,,,,,,,,,,,,,,,,,,,,,,,,,,,,,time,,,0.0039144583929001,,,,binance,1.0,backfilled; direction inferred from strat label; entry_price unknown
ttf-20181113160000-0041,backtest_tiered_final,binance,BTCUSDT,4h,2018-11-13T16:00:00Z,,short,T3b_H4_sweep_hi_short_loose,,3,,0,,,,,,,,,,,,,,,,,,,,,,,,,,,,,,,,,,,tp_hit,,,0.0289999999999999,,,,binance,1.0,backfilled; direction inferred from strat label; entry_price unknown
ttf-20181126000000-0042,backtest_tiered_final,binance,BTCUSDT,4h,2018-11-26T00:00:00Z,,long,T1a_W_fail_brkdn_long,,1,,0,,,,,,,,,,,,,,,,,,,,,,,,,,,,,,,,,,,sl_hit,,,-0.081,,,,binance,1.0,backfilled; direction inferred from strat label; entry_price unknown
ttf-20181128200000-0043,backtest_tiered_final,binance,BTCUSDT,4h,2018-11-28T20:00:00Z,,short,T3b_H4_sweep_hi_short_loose,,3,,0,,,,,,,,,,,,,,,,,,,,,,,,,,,,,,,,,,,tp_hit,,,0.0289999999999999,,,,binance,1.0,backfilled; direction inferred from strat label; entry_price unknown
ttf-20181217200000-0044,backtest_tiered_final,binance,BTCUSDT,4h,2018-12-17T20:00:00Z,,short,T3b_H4_sweep_hi_short_loose,,3,,0,,,,,,,,,,,,,,,,,,,,,,,,,,,,,,,,,,,sl_hit,,,-0.0159999999999999,,,,binance,1.0,backfilled; direction inferred from strat label; entry_price unknown
ttf-20181220160000-0045,backtest_tiered_final,binance,BTCUSDT,4h,2018-12-20T16:00:00Z,,short,T3b_H4_sweep_hi_short_loose,,3,,0,,,,,,,,,,,,,,,,,,,,,,,,,,,,,,,,,,,sl_hit,,,-0.0159999999999999,,,,binance,1.0,backfilled; direction inferred from strat label; entry_price unknown
ttf-20181228160000-0046,backtest_tiered_final,binance,BTCUSDT,4h,2018-12-28T16:00:00Z,,short,T3b_H4_sweep_hi_short_loose,,3,,0,,,,,,,,,,,,,,,,,,,,,,,,,,,,,,,,,,,sl_hit,,,-0.0159999999999998,,,,binance,1.0,backfilled; direction inferred from strat label; entry_price unknown
ttf-20181229080000-0047,backtest_tiered_final,binance,BTCUSDT,4h,2018-12-29T08:00:00Z,,short,T1d_H4_sweep_hi_short,,1,,0,,,,,,,,,,,,,,,,,,,,,,,,,,,,,,,,,,,time,,,-0.0036755536398567,,,,binance,1.0,backfilled; direction inferred from strat label; entry_price unknown
ttf-20190221100000-0048,backtest_tiered_final,binance,BTCUSDT,4h,2019-02-21T10:00:00Z,,long,T3a_H1_fail_brkdn_long,,3,,0,,,,,,,,,,,,,,,,,,,,,,,,,,,,,,,,,,,time,,,0.0061351895849126,,,,binance,1.0,backfilled; direction inferred from strat label; entry_price unknown
ttf-20190224160000-0049,backtest_tiered_final,binance,BTCUSDT,4h,2019-02-24T16:00:00Z,,long,T4a_H4_hammer_long,,4,,0,,,,,,,,,,,,,,,,,,,,,,,,,,,,,,,,,,,sl_hit,,,-0.016,,,,binance,1.0,backfilled; direction inferred from strat label; entry_price unknown
ttf-20190225000000-0050,backtest_tiered_final,binance,BTCUSDT,4h,2019-02-25T00:00:00Z,,long,T1b_W_rsi_os_long,,1,,0,,,,,,,,,,,,,,,,,,,,,,,,,,,,,,,,,,,tp_hit,,,0.2490000000000001,,,,binance,1.0,backfilled; direction inferred from strat label; entry_price unknown
ttf-20190408120000-0051,backtest_tiered_final,binance,BTCUSDT,4h,2019-04-08T12:00:00Z,,long,T3a_H1_fail_brkdn_long,,3,,0,,,,,,,,,,,,,,,,,,,,,,,,,,,,,,,,,,,tp_hit,,,0.0239999999999998,,,,binance,1.0,backfilled; direction inferred from strat label; entry_price unknown
ttf-20190412000000-0052,backtest_tiered_final,binance,BTCUSDT,4h,2019-04-12T00:00:00Z,,long,T4a_H4_hammer_long,,4,,0,,,,,,,,,,,,,,,,,,,,,,,,,,,,,,,,,,,tp_hit,,,0.029,,,,binance,1.0,backfilled; direction inferred from strat label; entry_price unknown
ttf-20190516210000-0053,backtest_tiered_final,binance,BTCUSDT,4h,2019-05-16T21:00:00Z,,long,T3a_H1_fail_brkdn_long,,3,,0,,,,,,,,,,,,,,,,,,,,,,,,,,,,,,,,,,,sl_hit,,,-0.013,,,,binance,1.0,backfilled; direction inferred from strat label; entry_price unknown
ttf-20190517120000-0054,backtest_tiered_final,binance,BTCUSDT,4h,2019-05-17T12:00:00Z,,long,T4a_H4_hammer_long,,4,,0,,,,,,,,,,,,,,,,,,,,,,,,,,,,,,,,,,,sl_hit,,,-0.016,,,,binance,1.0,backfilled; direction inferred from strat label; entry_price unknown
ttf-20190523080000-0055,backtest_tiered_final,binance,BTCUSDT,4h,2019-05-23T08:00:00Z,,long,T4a_H4_hammer_long,,4,,0,,,,,,,,,,,,,,,,,,,,,,,,,,,,,,,,,,,tp_hit,,,0.029,,,,binance,1.0,backfilled; direction inferred from strat label; entry_price unknown
ttf-20190604200000-0056,backtest_tiered_final,binance,BTCUSDT,4h,2019-06-04T20:00:00Z,,long,T4a_H4_hammer_long,,4,,0,,,,,,,,,,,,,,,,,,,,,,,,,,,,,,,,,,,sl_hit,,,-0.0159999999999999,,,,binance,1.0,backfilled; direction inferred from strat label; entry_price unknown
ttf-20190711040000-0057,backtest_tiered_final,binance,BTCUSDT,4h,2019-07-11T04:00:00Z,,long,T4a_H4_hammer_long,,4,,0,,,,,,,,,,,,,,,,,,,,,,,,,,,,,,,,,,,sl_hit,,,-0.0159999999999999,,,,binance,1.0,backfilled; direction inferred from strat label; entry_price unknown
ttf-20190731160000-0058,backtest_tiered_final,binance,BTCUSDT,4h,2019-07-31T16:00:00Z,,short,T3b_H4_sweep_hi_short_loose,,3,,0,,,,,,,,,,,,,,,,,,,,,,,,,,,,,,,,,,,sl_hit,,,-0.0159999999999998,,,,binance,1.0,backfilled; direction inferred from strat label; entry_price unknown
ttf-20190810120000-0059,backtest_tiered_final,binance,BTCUSDT,4h,2019-08-10T12:00:00Z,,long,T4a_H4_hammer_long,,4,,0,,,,,,,,,,,,,,,,,,,,,,,,,,,,,,,,,,,sl_hit,,,-0.0159999999999999,,,,binance,1.0,backfilled; direction inferred from strat label; entry_price unknown
ttf-20190813160000-0060,backtest_tiered_final,binance,BTCUSDT,4h,2019-08-13T16:00:00Z,,long,T4a_H4_hammer_long,,4,,0,,,,,,,,,,,,,,,,,,,,,,,,,,,,,,,,,,,sl_hit,,,-0.016,,,,binance,1.0,backfilled; direction inferred from strat label; entry_price unknown
ttf-20190819080000-0061,backtest_tiered_final,binance,BTCUSDT,4h,2019-08-19T08:00:00Z,,short,T3b_H4_sweep_hi_short_loose,,3,,0,,,,,,,,,,,,,,,,,,,,,,,,,,,,,,,,,,,sl_hit,,,-0.0159999999999998,,,,binance,1.0,backfilled; direction inferred from strat label; entry_price unknown
ttf-20190831210000-0062,backtest_tiered_final,binance,BTCUSDT,4h,2019-08-31T21:00:00Z,,long,T3a_H1_fail_brkdn_long,,3,,0,,,,,,,,,,,,,,,,,,,,,,,,,,,,,,,,,,,sl_hit,,,-0.013,,,,binance,1.0,backfilled; direction inferred from strat label; entry_price unknown
ttf-20191010130000-0063,backtest_tiered_final,binance,BTCUSDT,4h,2019-10-10T13:00:00Z,,long,T3a_H1_fail_brkdn_long,,3,,0,,,,,,,,,,,,,,,,,,,,,,,,,,,,,,,,,,,tp_hit,,,0.0239999999999998,,,,binance,1.0,backfilled; direction inferred from strat label; entry_price unknown
ttf-20191011040000-0064,backtest_tiered_final,binance,BTCUSDT,4h,2019-10-11T04:00:00Z,,short,T1d_H4_sweep_hi_short,,1,,0,,,,,,,,,,,,,,,,,,,,,,,,,,,,,,,,,,,time,,,0.0368065951412129,,,,binance,1.0,backfilled; direction inferred from strat label; entry_price unknown
ttf-20191011040000-0065,backtest_tiered_final,binance,BTCUSDT,4h,2019-10-11T04:00:00Z,,short,T3b_H4_sweep_hi_short_loose,,3,,0,,,,,,,,,,,,,,,,,,,,,,,,,,,,,,,,,,,tp_hit,,,0.029,,,,binance,1.0,backfilled; direction inferred from strat label; entry_price unknown
ttf-20191021120000-0066,backtest_tiered_final,binance,BTCUSDT,4h,2019-10-21T12:00:00Z,,short,T3b_H4_sweep_hi_short_loose,,3,,0,,,,,,,,,,,,,,,,,,,,,,,,,,,,,,,,,,,tp_hit,,,0.029,,,,binance,1.0,backfilled; direction inferred from strat label; entry_price unknown
ttf-20191021120000-0067,backtest_tiered_final,binance,BTCUSDT,4h,2019-10-21T12:00:00Z,,short,T1d_H4_sweep_hi_short,,1,,0,,,,,,,,,,,,,,,,,,,,,,,,,,,,,,,,,,,tp_hit,,,0.069,,,,binance,1.0,backfilled; direction inferred from strat label; entry_price unknown
ttf-20191030120000-0068,backtest_tiered_final,binance,BTCUSDT,4h,2019-10-30T12:00:00Z,,long,T4a_H4_hammer_long,,4,,0,,,,,,,,,,,,,,,,,,,,,,,,,,,,,,,,,,,sl_hit,,,-0.016,,,,binance,1.0,backfilled; direction inferred from strat label; entry_price unknown
ttf-20191107200000-0069,backtest_tiered_final,binance,BTCUSDT,4h,2019-11-07T20:00:00Z,,long,T4a_H4_hammer_long,,4,,0,,,,,,,,,,,,,,,,,,,,,,,,,,,,,,,,,,,sl_hit,,,-0.0160000000000001,,,,binance,1.0,backfilled; direction inferred from strat label; entry_price unknown
ttf-20191117080000-0070,backtest_tiered_final,binance,BTCUSDT,4h,2019-11-17T08:00:00Z,,long,T3a_H1_fail_brkdn_long,,3,,0,,,,,,,,,,,,,,,,,,,,,,,,,,,,,,,,,,,sl_hit,,,-0.0129999999999999,,,,binance,1.0,backfilled; direction inferred from strat label; entry_price unknown
ttf-20191127200000-0071,backtest_tiered_final,binance,BTCUSDT,4h,2019-11-27T20:00:00Z,,short,T3b_H4_sweep_hi_short_loose,,3,,0,,,,,,,,,,,,,,,,,,,,,,,,,,,,,,,,,,,sl_hit,,,-0.0159999999999999,,,,binance,1.0,backfilled; direction inferred from strat label; entry_price unknown
ttf-20191128230000-0072,backtest_tiered_final,binance,BTCUSDT,4h,2019-11-28T23:00:00Z,,long,T3a_H1_fail_brkdn_long,,3,,0,,,,,,,,,,,,,,,,,,,,,,,,,,,,,,,,,,,tp_hit,,,0.0239999999999999,,,,binance,1.0,backfilled; direction inferred from strat label; entry_price unknown
ttf-20191221080000-0073,backtest_tiered_final,binance,BTCUSDT,4h,2019-12-21T08:00:00Z,,long,T3a_H1_fail_brkdn_long,,3,,0,,,,,,,,,,,,,,,,,,,,,,,,,,,,,,,,,,,tp_hit,,,0.0239999999999999,,,,binance,1.0,backfilled; direction inferred from strat label; entry_price unknown
ttf-20191224080000-0074,backtest_tiered_final,binance,BTCUSDT,4h,2019-12-24T08:00:00Z,,long,T3a_H1_fail_brkdn_long,,3,,0,,,,,,,,,,,,,,,,,,,,,,,,,,,,,,,,,,,sl_hit,,,-0.013,,,,binance,1.0,backfilled; direction inferred from strat label; entry_price unknown
ttf-20191227120000-0075,backtest_tiered_final,binance,BTCUSDT,4h,2019-12-27T12:00:00Z,,long,T3a_H1_fail_brkdn_long,,3,,0,,,,,,,,,,,,,,,,,,,,,,,,,,,,,,,,,,,time,,,0.0178185321240548,,,,binance,1.0,backfilled; direction inferred from strat label; entry_price unknown
ttf-20200108200000-0076,backtest_tiered_final,binance,BTCUSDT,4h,2020-01-08T20:00:00Z,,long,T3a_H1_fail_brkdn_long,,3,,0,,,,,,,,,,,,,,,,,,,,,,,,,,,,,,,,,,,sl_hit,,,-0.0129999999999999,,,,binance,1.0,backfilled; direction inferred from strat label; entry_price unknown
ttf-20200121200000-0077,backtest_tiered_final,binance,BTCUSDT,4h,2020-01-21T20:00:00Z,,long,T3a_H1_fail_brkdn_long,,3,,0,,,,,,,,,,,,,,,,,,,,,,,,,,,,,,,,,,,sl_hit,,,-0.013,,,,binance,1.0,backfilled; direction inferred from strat label; entry_price unknown
ttf-20200123160000-0078,backtest_tiered_final,binance,BTCUSDT,4h,2020-01-23T16:00:00Z,,long,T4a_H4_hammer_long,,4,,0,,,,,,,,,,,,,,,,,,,,,,,,,,,,,,,,,,,sl_hit,,,-0.016,,,,binance,1.0,backfilled; direction inferred from strat label; entry_price unknown
ttf-20200204120000-0079,backtest_tiered_final,binance,BTCUSDT,4h,2020-02-04T12:00:00Z,,long,T4a_H4_hammer_long,,4,,0,,,,,,,,,,,,,,,,,,,,,,,,,,,,,,,,,,,tp_hit,,,0.029,,,,binance,1.0,backfilled; direction inferred from strat label; entry_price unknown
ttf-20200210000000-0080,backtest_tiered_final,binance,BTCUSDT,4h,2020-02-10T00:00:00Z,,short,T2b_W_sweep_hi_short,,2,,0,,,,,,,,,,,,,,,,,,,,,,,,,,,,,,,,,,,tp_hit,,,0.1989999999999999,,,,binance,1.0,backfilled; direction inferred from strat label; entry_price unknown
ttf-20200217120000-0081,backtest_tiered_final,binance,BTCUSDT,4h,2020-02-17T12:00:00Z,,long,T4a_H4_hammer_long,,4,,0,,,,,,,,,,,,,,,,,,,,,,,,,,,,,,,,,,,tp_hit,,,0.029,,,,binance,1.0,backfilled; direction inferred from strat label; entry_price unknown
ttf-20200227000000-0082,backtest_tiered_final,binance,BTCUSDT,4h,2020-02-27T00:00:00Z,,long,T2a_D_hammer_long,,2,,0,,,,,,,,,,,,,,,,,,,,,,,,,,,,,,,,,,,sl_hit,,,-0.051,,,,binance,1.0,backfilled; direction inferred from strat label; entry_price unknown
ttf-20200305200000-0083,backtest_tiered_final,binance,BTCUSDT,4h,2020-03-05T20:00:00Z,,short,T3b_H4_sweep_hi_short_loose,,3,,0,,,,,,,,,,,,,,,,,,,,,,,,,,,,,,,,,,,tp_hit,,,0.0289999999999999,,,,binance,1.0,backfilled; direction inferred from strat label; entry_price unknown
ttf-20200309000000-0084,backtest_tiered_final,binance,BTCUSDT,4h,2020-03-09T00:00:00Z,,long,T2a_D_hammer_long,,2,,0,,,,,,,,,,,,,,,,,,,,,,,,,,,,,,,,,,,sl_hit,,,-0.051,,,,binance,1.0,backfilled; direction inferred from strat label; entry_price unknown
ttf-20200316000000-0085,backtest_tiered_final,binance,BTCUSDT,4h,2020-03-16T00:00:00Z,,long,T1a_W_fail_brkdn_long,,1,,0,,,,,,,,,,,,,,,,,,,,,,,,,,,,,,,,,,,tp_hit,,,0.2489999999999999,,,,binance,1.0,backfilled; direction inferred from strat label; entry_price unknown
ttf-20200319200000-0086,backtest_tiered_final,binance,BTCUSDT,4h,2020-03-19T20:00:00Z,,short,T3b_H4_sweep_hi_short_loose,,3,,0,,,,,,,,,,,,,,,,,,,,,,,,,,,,,,,,,,,sl_hit,,,-0.0159999999999999,,,,binance,1.0,backfilled; direction inferred from strat label; entry_price unknown
ttf-20200320210000-0087,backtest_tiered_final,binance,BTCUSDT,4h,2020-03-20T21:00:00Z,,long,T3a_H1_fail_brkdn_long,,3,,0,,,,,,,,,,,,,,,,,,,,,,,,,,,,,,,,,,,sl_hit,,,-0.013,,,,binance,1.0,backfilled; direction inferred from strat label; entry_price unknown
ttf-20200324000000-0088,backtest_tiered_final,binance,BTCUSDT,4h,2020-03-24T00:00:00Z,,short,T3b_H4_sweep_hi_short_loose,,3,,0,,,,,,,,,,,,,,,,,,,,,,,,,,,,,,,,,,,sl_hit,,,-0.0159999999999999,,,,binance,1.0,backfilled; direction inferred from strat label; entry_price unknown
ttf-20200402000000-0089,backtest_tiered_final,binance,BTCUSDT,4h,2020-04-02T00:00:00Z,,short,T3b_H4_sweep_hi_short_loose,,3,,0,,,,,,,,,,,,,,,,,,,,,,,,,,,,,,,,,,,sl_hit,,,-0.0159999999999999,,,,binance,1.0,backfilled; direction inferred from strat label; entry_price unknown
ttf-20200409120000-0090,backtest_tiered_final,binance,BTCUSDT,4h,2020-04-09T12:00:00Z,,long,T3a_H1_fail_brkdn_long,,3,,0,,,,,,,,,,,,,,,,,,,,,,,,,,,,,,,,,,,sl_hit,,,-0.013,,,,binance,1.0,backfilled; direction inferred from strat label; entry_price unknown
ttf-20200521160000-0091,backtest_tiered_final,binance,BTCUSDT,4h,2020-05-21T16:00:00Z,,long,T4a_H4_hammer_long,,4,,0,,,,,,,,,,,,,,,,,,,,,,,,,,,,,,,,,,,sl_hit,,,-0.016,,,,binance,1.0,backfilled; direction inferred from strat label; entry_price unknown
ttf-20200529110000-0092,backtest_tiered_final,binance,BTCUSDT,4h,2020-05-29T11:00:00Z,,long,T3a_H1_fail_brkdn_long,,3,,0,,,,,,,,,,,,,,,,,,,,,,,,,,,,,,,,,,,tp_hit,,,0.0239999999999998,,,,binance,1.0,backfilled; direction inferred from strat label; entry_price unknown
ttf-20200621190000-0093,backtest_tiered_final,binance,BTCUSDT,4h,2020-06-21T19:00:00Z,,long,T3a_H1_fail_brkdn_long,,3,,0,,,,,,,,,,,,,,,,,,,,,,,,,,,,,,,,,,,tp_hit,,,0.0239999999999998,,,,binance,1.0,backfilled; direction inferred from strat label; entry_price unknown
ttf-20200701160000-0094,backtest_tiered_final,binance,BTCUSDT,4h,2020-07-01T16:00:00Z,,short,T3b_H4_sweep_hi_short_loose,,3,,0,,,,,,,,,,,,,,,,,,,,,,,,,,,,,,,,,,,tp_hit,,,0.029,,,,binance,1.0,backfilled; direction inferred from strat label; entry_price unknown
ttf-20200722080000-0095,backtest_tiered_final,binance,BTCUSDT,4h,2020-07-22T08:00:00Z,,long,T3a_H1_fail_brkdn_long,,3,,0,,,,,,,,,,,,,,,,,,,,,,,,,,,,,,,,,,,tp_hit,,,0.0239999999999999,,,,binance,1.0,backfilled; direction inferred from strat label; entry_price unknown
ttf-20200913040000-0096,backtest_tiered_final,binance,BTCUSDT,4h,2020-09-13T04:00:00Z,,short,T3b_H4_sweep_hi_short_loose,,3,,0,,,,,,,,,,,,,,,,,,,,,,,,,,,,,,,,,,,tp_hit,,,0.0290000000000001,,,,binance,1.0,backfilled; direction inferred from strat label; entry_price unknown
ttf-20200915120000-0097,backtest_tiered_final,binance,BTCUSDT,4h,2020-09-15T12:00:00Z,,short,T3b_H4_sweep_hi_short_loose,,3,,0,,,,,,,,,,,,,,,,,,,,,,,,,,,,,,,,,,,sl_hit,,,-0.0159999999999999,,,,binance,1.0,backfilled; direction inferred from strat label; entry_price unknown
ttf-20200917110000-0098,backtest_tiered_final,binance,BTCUSDT,4h,2020-09-17T11:00:00Z,,long,T3a_H1_fail_brkdn_long,,3,,0,,,,,,,,,,,,,,,,,,,,,,,,,,,,,,,,,,,sl_hit,,,-0.013,,,,binance,1.0,backfilled; direction inferred from strat label; entry_price unknown
ttf-20200926040000-0099,backtest_tiered_final,binance,BTCUSDT,4h,2020-09-26T04:00:00Z,,short,T3b_H4_sweep_hi_short_loose,,3,,0,,,,,,,,,,,,,,,,,,,,,,,,,,,,,,,,,,,sl_hit,,,-0.0159999999999999,,,,binance,1.0,backfilled; direction inferred from strat label; entry_price unknown
ttf-20201005000000-0100,backtest_tiered_final,binance,BTCUSDT,4h,2020-10-05T00:00:00Z,,short,T3b_H4_sweep_hi_short_loose,,3,,0,,,,,,,,,,,,,,,,,,,,,,,,,,,,,,,,,,,sl_hit,,,-0.0159999999999999,,,,binance,1.0,backfilled; direction inferred from strat label; entry_price unknown
ttf-20201208120000-0101,backtest_tiered_final,binance,BTCUSDT,4h,2020-12-08T12:00:00Z,,long,T4a_H4_hammer_long,,4,,0,,,,,,,,,,,,,,,,,,,,,,,,,,,,,,,,,,,sl_hit,,,-0.0159999999999999,,,,binance,1.0,backfilled; direction inferred from strat label; entry_price unknown
ttf-20201223120000-0102,backtest_tiered_final,binance,BTCUSDT,4h,2020-12-23T12:00:00Z,,long,T3a_H1_fail_brkdn_long,,3,,0,,,,,,,,,,,,,,,,,,,,,,,,,,,,,,,,,,,sl_hit,,,-0.0129999999999999,,,,binance,1.0,backfilled; direction inferred from strat label; entry_price unknown
ttf-20201227210000-0103,backtest_tiered_final,binance,BTCUSDT,4h,2020-12-27T21:00:00Z,,long,T3a_H1_fail_brkdn_long,,3,,0,,,,,,,,,,,,,,,,,,,,,,,,,,,,,,,,,,,tp_hit,,,0.0239999999999999,,,,binance,1.0,backfilled; direction inferred from strat label; entry_price unknown
ttf-20210110200000-0104,backtest_tiered_final,binance,BTCUSDT,4h,2021-01-10T20:00:00Z,,long,T4a_H4_hammer_long,,4,,0,,,,,,,,,,,,,,,,,,,,,,,,,,,,,,,,,,,sl_hit,,,-0.0159999999999999,,,,binance,1.0,backfilled; direction inferred from strat label; entry_price unknown
ttf-20210204160000-0105,backtest_tiered_final,binance,BTCUSDT,4h,2021-02-04T16:00:00Z,,long,T3a_H1_fail_brkdn_long,,3,,0,,,,,,,,,,,,,,,,,,,,,,,,,,,,,,,,,,,tp_hit,,,0.0239999999999998,,,,binance,1.0,backfilled; direction inferred from strat label; entry_price unknown
ttf-20210308080000-0106,backtest_tiered_final,binance,BTCUSDT,4h,2021-03-08T08:00:00Z,,long,T3a_H1_fail_brkdn_long,,3,,0,,,,,,,,,,,,,,,,,,,,,,,,,,,,,,,,,,,tp_hit,,,0.0239999999999998,,,,binance,1.0,backfilled; direction inferred from strat label; entry_price unknown
ttf-20210312140000-0107,backtest_tiered_final,binance,BTCUSDT,4h,2021-03-12T14:00:00Z,,long,T3a_H1_fail_brkdn_long,,3,,0,,,,,,,,,,,,,,,,,,,,,,,,,,,,,,,,,,,tp_hit,,,0.0239999999999999,,,,binance,1.0,backfilled; direction inferred from strat label; entry_price unknown
ttf-20210323040000-0108,backtest_tiered_final,binance,BTCUSDT,4h,2021-03-23T04:00:00Z,,long,T4a_H4_hammer_long,,4,,0,,,,,,,,,,,,,,,,,,,,,,,,,,,,,,,,,,,tp_hit,,,0.0289999999999999,,,,binance,1.0,backfilled; direction inferred from strat label; entry_price unknown
ttf-20210407160000-0109,backtest_tiered_final,binance,BTCUSDT,4h,2021-04-07T16:00:00Z,,long,T4a_H4_hammer_long,,4,,0,,,,,,,,,,,,,,,,,,,,,,,,,,,,,,,,,,,tp_hit,,,0.029,,,,binance,1.0,backfilled; direction inferred from strat label; entry_price unknown
ttf-20210412000000-0110,backtest_tiered_final,binance,BTCUSDT,4h,2021-04-12T00:00:00Z,,short,T2b_W_sweep_hi_short,,2,,0,,,,,,,,,,,,,,,,,,,,,,,,,,,,,,,,,,,tp_hit,,,0.199,,,,binance,1.0,backfilled; direction inferred from strat label; entry_price unknown
ttf-20210414000000-0111,backtest_tiered_final,binance,BTCUSDT,4h,2021-04-14T00:00:00Z,,short,T1c_D_sstar_short,,1,,0,,,,,,,,,,,,,,,,,,,,,,,,,,,,,,,,,,,tp_hit,,,0.099,,,,binance,1.0,backfilled; direction inferred from strat label; entry_price unknown
ttf-20210423000000-0112,backtest_tiered_final,binance,BTCUSDT,4h,2021-04-23T00:00:00Z,,long,T2a_D_hammer_long,,2,,0,,,,,,,,,,,,,,,,,,,,,,,,,,,,,,,,,,,sl_hit,,,-0.0510000000000001,,,,binance,1.0,backfilled; direction inferred from strat label; entry_price unknown
ttf-20210427200000-0113,backtest_tiered_final,binance,BTCUSDT,4h,2021-04-27T20:00:00Z,,short,T3b_H4_sweep_hi_short_loose,,3,,0,,,,,,,,,,,,,,,,,,,,,,,,,,,,,,,,,,,sl_hit,,,-0.0159999999999998,,,,binance,1.0,backfilled; direction inferred from strat label; entry_price unknown
ttf-20210428070000-0114,backtest_tiered_final,binance,BTCUSDT,4h,2021-04-28T07:00:00Z,,long,T3a_H1_fail_brkdn_long,,3,,0,,,,,,,,,,,,,,,,,,,,,,,,,,,,,,,,,,,tp_hit,,,0.0239999999999998,,,,binance,1.0,backfilled; direction inferred from strat label; entry_price unknown
ttf-20210502040000-0115,backtest_tiered_final,binance,BTCUSDT,4h,2021-05-02T04:00:00Z,,long,T3a_H1_fail_brkdn_long,,3,,0,,,,,,,,,,,,,,,,,,,,,,,,,,,,,,,,,,,sl_hit,,,-0.0129999999999999,,,,binance,1.0,backfilled; direction inferred from strat label; entry_price unknown
ttf-20210510150000-0116,backtest_tiered_final,binance,BTCUSDT,4h,2021-05-10T15:00:00Z,,long,T3a_H1_fail_brkdn_long,,3,,0,,,,,,,,,,,,,,,,,,,,,,,,,,,,,,,,,,,sl_hit,,,-0.0129999999999999,,,,binance,1.0,backfilled; direction inferred from strat label; entry_price unknown
ttf-20210516000000-0117,backtest_tiered_final,binance,BTCUSDT,4h,2021-05-16T00:00:00Z,,long,T2a_D_hammer_long,,2,,0,,,,,,,,,,,,,,,,,,,,,,,,,,,,,,,,,,,sl_hit,,,-0.051,,,,binance,1.0,backfilled; direction inferred from strat label; entry_price unknown
ttf-20210526080000-0118,backtest_tiered_final,binance,BTCUSDT,4h,2021-05-26T08:00:00Z,,short,T3b_H4_sweep_hi_short_loose,,3,,0,,,,,,,,,,,,,,,,,,,,,,,,,,,,,,,,,,,tp_hit,,,0.029,,,,binance,1.0,backfilled; direction inferred from strat label; entry_price unknown
ttf-20210531160000-0119,backtest_tiered_final,binance,BTCUSDT,4h,2021-05-31T16:00:00Z,,short,T3b_H4_sweep_hi_short_loose,,3,,0,,,,,,,,,,,,,,,,,,,,,,,,,,,,,,,,,,,sl_hit,,,-0.0159999999999998,,,,binance,1.0,backfilled; direction inferred from strat label; entry_price unknown
ttf-20210603080000-0120,backtest_tiered_final,binance,BTCUSDT,4h,2021-06-03T08:00:00Z,,short,T3b_H4_sweep_hi_short_loose,,3,,0,,,,,,,,,,,,,,,,,,,,,,,,,,,,,,,,,,,sl_hit,,,-0.0159999999999999,,,,binance,1.0,backfilled; direction inferred from strat label; entry_price unknown
ttf-20210610000000-0121,backtest_tiered_final,binance,BTCUSDT,4h,2021-06-10T00:00:00Z,,short,T3b_H4_sweep_hi_short_loose,,3,,0,,,,,,,,,,,,,,,,,,,,,,,,,,,,,,,,,,,sl_hit,,,-0.0159999999999999,,,,binance,1.0,backfilled; direction inferred from strat label; entry_price unknown
ttf-20210614000000-0122,backtest_tiered_final,binance,BTCUSDT,4h,2021-06-14T00:00:00Z,,short,T3b_H4_sweep_hi_short_loose,,3,,0,,,,,,,,,,,,,,,,,,,,,,,,,,,,,,,,,,,sl_hit,,,-0.0159999999999999,,,,binance,1.0,backfilled; direction inferred from strat label; entry_price unknown
ttf-20210615160000-0123,backtest_tiered_final,binance,BTCUSDT,4h,2021-06-15T16:00:00Z,,short,T1d_H4_sweep_hi_short,,1,,0,,,,,,,,,,,,,,,,,,,,,,,,,,,,,,,,,,,tp_hit,,,0.0689999999999999,,,,binance,1.0,backfilled; direction inferred from strat label; entry_price unknown
ttf-20210629040000-0124,backtest_tiered_final,binance,BTCUSDT,4h,2021-06-29T04:00:00Z,,short,T3b_H4_sweep_hi_short_loose,,3,,0,,,,,,,,,,,,,,,,,,,,,,,,,,,,,,,,,,,sl_hit,,,-0.0159999999999999,,,,binance,1.0,backfilled; direction inferred from strat label; entry_price unknown
ttf-20210704200000-0125,backtest_tiered_final,binance,BTCUSDT,4h,2021-07-04T20:00:00Z,,short,T3b_H4_sweep_hi_short_loose,,3,,0,,,,,,,,,,,,,,,,,,,,,,,,,,,,,,,,,,,tp_hit,,,0.029,,,,binance,1.0,backfilled; direction inferred from strat label; entry_price unknown
ttf-20210712040000-0126,backtest_tiered_final,binance,BTCUSDT,4h,2021-07-12T04:00:00Z,,short,T3b_H4_sweep_hi_short_loose,,3,,0,,,,,,,,,,,,,,,,,,,,,,,,,,,,,,,,,,,tp_hit,,,0.0289999999999999,,,,binance,1.0,backfilled; direction inferred from strat label; entry_price unknown
ttf-20210723040000-0127,backtest_tiered_final,binance,BTCUSDT,4h,2021-07-23T04:00:00Z,,short,T3b_H4_sweep_hi_short_loose,,3,,0,,,,,,,,,,,,,,,,,,,,,,,,,,,,,,,,,,,sl_hit,,,-0.0159999999999998,,,,binance,1.0,backfilled; direction inferred from strat label; entry_price unknown
ttf-20210726000000-0128,backtest_tiered_final,binance,BTCUSDT,4h,2021-07-26T00:00:00Z,,long,T1b_W_rsi_os_long,,1,,0,,,,,,,,,,,,,,,,,,,,,,,,,,,,,,,,,,,tp_hit,,,0.2489999999999999,,,,binance,1.0,backfilled; direction inferred from strat label; entry_price unknown
ttf-20210727030000-0129,backtest_tiered_final,binance,BTCUSDT,4h,2021-07-27T03:00:00Z,,long,T3a_H1_fail_brkdn_long,,3,,0,,,,,,,,,,,,,,,,,,,,,,,,,,,,,,,,,,,tp_hit,,,0.0239999999999999,,,,binance,1.0,backfilled; direction inferred from strat label; entry_price unknown
ttf-20210802200000-0130,backtest_tiered_final,binance,BTCUSDT,4h,2021-08-02T20:00:00Z,,long,T4a_H4_hammer_long,,4,,0,,,,,,,,,,,,,,,,,,,,,,,,,,,,,,,,,,,sl_hit,,,-0.016,,,,binance,1.0,backfilled; direction inferred from strat label; entry_price unknown
ttf-20210810170000-0131,backtest_tiered_final,binance,BTCUSDT,4h,2021-08-10T17:00:00Z,,long,T3a_H1_fail_brkdn_long,,3,,0,,,,,,,,,,,,,,,,,,,,,,,,,,,,,,,,,,,tp_hit,,,0.0239999999999999,,,,binance,1.0,backfilled; direction inferred from strat label; entry_price unknown
ttf-20210826120000-0132,backtest_tiered_final,binance,BTCUSDT,4h,2021-08-26T12:00:00Z,,long,T4a_H4_hammer_long,,4,,0,,,,,,,,,,,,,,,,,,,,,,,,,,,,,,,,,,,tp_hit,,,0.0289999999999999,,,,binance,1.0,backfilled; direction inferred from strat label; entry_price unknown
ttf-20210901000000-0133,backtest_tiered_final,binance,BTCUSDT,4h,2021-09-01T00:00:00Z,,long,T4a_H4_hammer_long,,4,,0,,,,,,,,,,,,,,,,,,,,,,,,,,,,,,,,,,,tp_hit,,,0.029,,,,binance,1.0,backfilled; direction inferred from strat label; entry_price unknown
ttf-20210916210000-0134,backtest_tiered_final,binance,BTCUSDT,4h,2021-09-16T21:00:00Z,,long,T3a_H1_fail_brkdn_long,,3,,0,,,,,,,,,,,,,,,,,,,,,,,,,,,,,,,,,,,sl_hit,,,-0.013,,,,binance,1.0,backfilled; direction inferred from strat label; entry_price unknown
ttf-20210924000000-0135,backtest_tiered_final,binance,BTCUSDT,4h,2021-09-24T00:00:00Z,,short,T3b_H4_sweep_hi_short_loose,,3,,0,,,,,,,,,,,,,,,,,,,,,,,,,,,,,,,,,,,sl_hit,,,-0.0159999999999998,,,,binance,1.0,backfilled; direction inferred from strat label; entry_price unknown
ttf-20211003010000-0136,backtest_tiered_final,binance,BTCUSDT,4h,2021-10-03T01:00:00Z,,long,T3a_H1_fail_brkdn_long,,3,,0,,,,,,,,,,,,,,,,,,,,,,,,,,,,,,,,,,,tp_hit,,,0.0239999999999998,,,,binance,1.0,backfilled; direction inferred from strat label; entry_price unknown
ttf-20211004040000-0137,backtest_tiered_final,binance,BTCUSDT,4h,2021-10-04T04:00:00Z,,long,T3a_H1_fail_brkdn_long,,3,,0,,,,,,,,,,,,,,,,,,,,,,,,,,,,,,,,,,,sl_hit,,,-0.013,,,,binance,1.0,backfilled; direction inferred from strat label; entry_price unknown
ttf-20211017210000-0138,backtest_tiered_final,binance,BTCUSDT,4h,2021-10-17T21:00:00Z,,long,T3a_H1_fail_brkdn_long,,3,,0,,,,,,,,,,,,,,,,,,,,,,,,,,,,,,,,,,,tp_hit,,,0.0239999999999999,,,,binance,1.0,backfilled; direction inferred from strat label; entry_price unknown
ttf-20211022160000-0139,backtest_tiered_final,binance,BTCUSDT,4h,2021-10-22T16:00:00Z,,long,T4a_H4_hammer_long,,4,,0,,,,,,,,,,,,,,,,,,,,,,,,,,,,,,,,,,,sl_hit,,,-0.0159999999999999,,,,binance,1.0,backfilled; direction inferred from strat label; entry_price unknown
ttf-20211026150000-0140,backtest_tiered_final,binance,BTCUSDT,4h,2021-10-26T15:00:00Z,,long,T3a_H1_fail_brkdn_long,,3,,0,,,,,,,,,,,,,,,,,,,,,,,,,,,,,,,,,,,sl_hit,,,-0.013,,,,binance,1.0,backfilled; direction inferred from strat label; entry_price unknown
ttf-20211121160000-0141,backtest_tiered_final,binance,BTCUSDT,4h,2021-11-21T16:00:00Z,,short,T3b_H4_sweep_hi_short_loose,,3,,0,,,,,,,,,,,,,,,,,,,,,,,,,,,,,,,,,,,tp_hit,,,0.029,,,,binance,1.0,backfilled; direction inferred from strat label; entry_price unknown
ttf-20211130120000-0142,backtest_tiered_final,binance,BTCUSDT,4h,2021-11-30T12:00:00Z,,short,T3b_H4_sweep_hi_short_loose,,3,,0,,,,,,,,,,,,,,,,,,,,,,,,,,,,,,,,,,,sl_hit,,,-0.0159999999999999,,,,binance,1.0,backfilled; direction inferred from strat label; entry_price unknown
ttf-20211221120000-0143,backtest_tiered_final,binance,BTCUSDT,4h,2021-12-21T12:00:00Z,,short,T3b_H4_sweep_hi_short_loose,,3,,0,,,,,,,,,,,,,,,,,,,,,,,,,,,,,,,,,,,sl_hit,,,-0.0159999999999999,,,,binance,1.0,backfilled; direction inferred from strat label; entry_price unknown
ttf-20211224080000-0144,backtest_tiered_final,binance,BTCUSDT,4h,2021-12-24T08:00:00Z,,short,T3b_H4_sweep_hi_short_loose,,3,,0,,,,,,,,,,,,,,,,,,,,,,,,,,,,,,,,,,,sl_hit,,,-0.0159999999999999,,,,binance,1.0,backfilled; direction inferred from strat label; entry_price unknown
ttf-20211224080000-0145,backtest_tiered_final,binance,BTCUSDT,4h,2021-12-24T08:00:00Z,,short,T1d_H4_sweep_hi_short,,1,,0,,,,,,,,,,,,,,,,,,,,,,,,,,,,,,,,,,,tp_hit,,,0.0689999999999999,,,,binance,1.0,backfilled; direction inferred from strat label; entry_price unknown
ttf-20211227160000-0146,backtest_tiered_final,binance,BTCUSDT,4h,2021-12-27T16:00:00Z,,short,T1d_H4_sweep_hi_short,,1,,0,,,,,,,,,,,,,,,,,,,,,,,,,,,,,,,,,,,tp_hit,,,0.0690000000000001,,,,binance,1.0,backfilled; direction inferred from strat label; entry_price unknown
ttf-20211227160000-0147,backtest_tiered_final,binance,BTCUSDT,4h,2021-12-27T16:00:00Z,,short,T3b_H4_sweep_hi_short_loose,,3,,0,,,,,,,,,,,,,,,,,,,,,,,,,,,,,,,,,,,tp_hit,,,0.029,,,,binance,1.0,backfilled; direction inferred from strat label; entry_price unknown
ttf-20220112200000-0148,backtest_tiered_final,binance,BTCUSDT,4h,2022-01-12T20:00:00Z,,short,T3b_H4_sweep_hi_short_loose,,3,,0,,,,,,,,,,,,,,,,,,,,,,,,,,,,,,,,,,,tp_hit,,,0.0289999999999999,,,,binance,1.0,backfilled; direction inferred from strat label; entry_price unknown
ttf-20220120160000-0149,backtest_tiered_final,binance,BTCUSDT,4h,2022-01-20T16:00:00Z,,short,T3b_H4_sweep_hi_short_loose,,3,,0,,,,,,,,,,,,,,,,,,,,,,,,,,,,,,,,,,,tp_hit,,,0.0289999999999999,,,,binance,1.0,backfilled; direction inferred from strat label; entry_price unknown
ttf-20220126040000-0150,backtest_tiered_final,binance,BTCUSDT,4h,2022-01-26T04:00:00Z,,short,T3b_H4_sweep_hi_short_loose,,3,,0,,,,,,,,,,,,,,,,,,,,,,,,,,,,,,,,,,,sl_hit,,,-0.0159999999999999,,,,binance,1.0,backfilled; direction inferred from strat label; entry_price unknown
ttf-20220201080000-0151,backtest_tiered_final,binance,BTCUSDT,4h,2022-02-01T08:00:00Z,,short,T3b_H4_sweep_hi_short_loose,,3,,0,,,,,,,,,,,,,,,,,,,,,,,,,,,,,,,,,,,sl_hit,,,-0.0159999999999999,,,,binance,1.0,backfilled; direction inferred from strat label; entry_price unknown
ttf-20220208000000-0152,backtest_tiered_final,binance,BTCUSDT,4h,2022-02-08T00:00:00Z,,short,T1c_D_sstar_short,,1,,0,,,,,,,,,,,,,,,,,,,,,,,,,,,,,,,,,,,tp_hit,,,0.0989999999999999,,,,binance,1.0,backfilled; direction inferred from strat label; entry_price unknown
ttf-20220208130000-0153,backtest_tiered_final,binance,BTCUSDT,4h,2022-02-08T13:00:00Z,,long,T3a_H1_fail_brkdn_long,,3,,0,,,,,,,,,,,,,,,,,,,,,,,,,,,,,,,,,,,sl_hit,,,-0.013,,,,binance,1.0,backfilled; direction inferred from strat label; entry_price unknown
ttf-20220212040000-0154,backtest_tiered_final,binance,BTCUSDT,4h,2022-02-12T04:00:00Z,,long,T4a_H4_hammer_long,,4,,0,,,,,,,,,,,,,,,,,,,,,,,,,,,,,,,,,,,tp_hit,,,0.0290000000000001,,,,binance,1.0,backfilled; direction inferred from strat label; entry_price unknown
ttf-20220214000000-0155,backtest_tiered_final,binance,BTCUSDT,4h,2022-02-14T00:00:00Z,,long,T4a_H4_hammer_long,,4,,0,,,,,,,,,,,,,,,,,,,,,,,,,,,,,,,,,,,tp_hit,,,0.0289999999999999,,,,binance,1.0,backfilled; direction inferred from strat label; entry_price unknown
ttf-20220226000000-0156,backtest_tiered_final,binance,BTCUSDT,4h,2022-02-26T00:00:00Z,,short,T3b_H4_sweep_hi_short_loose,,3,,0,,,,,,,,,,,,,,,,,,,,,,,,,,,,,,,,,,,tp_hit,,,0.029,,,,binance,1.0,backfilled; direction inferred from strat label; entry_price unknown
ttf-20220303040000-0157,backtest_tiered_final,binance,BTCUSDT,4h,2022-03-03T04:00:00Z,,long,T3a_H1_fail_brkdn_long,,3,,0,,,,,,,,,,,,,,,,,,,,,,,,,,,,,,,,,,,sl_hit,,,-0.0129999999999999,,,,binance,1.0,backfilled; direction inferred from strat label; entry_price unknown
ttf-20220304080000-0158,backtest_tiered_final,binance,BTCUSDT,4h,2022-03-04T08:00:00Z,,long,T4a_H4_hammer_long,,4,,0,,,,,,,,,,,,,,,,,,,,,,,,,,,,,,,,,,,sl_hit,,,-0.0159999999999999,,,,binance,1.0,backfilled; direction inferred from strat label; entry_price unknown
ttf-20220310030000-0159,backtest_tiered_final,binance,BTCUSDT,4h,2022-03-10T03:00:00Z,,long,T3a_H1_fail_brkdn_long,,3,,0,,,,,,,,,,,,,,,,,,,,,,,,,,,,,,,,,,,sl_hit,,,-0.013,,,,binance,1.0,backfilled; direction inferred from strat label; entry_price unknown
ttf-20220314000000-0160,backtest_tiered_final,binance,BTCUSDT,4h,2022-03-14T00:00:00Z,,long,T1b_W_rsi_os_long,,1,,0,,,,,,,,,,,,,,,,,,,,,,,,,,,,,,,,,,,sl_hit,,,-0.1009999999999999,,,,binance,1.0,backfilled; direction inferred from strat label; entry_price unknown
ttf-20220318010000-0161,backtest_tiered_final,binance,BTCUSDT,4h,2022-03-18T01:00:00Z,,long,T3a_H1_fail_brkdn_long,,3,,0,,,,,,,,,,,,,,,,,,,,,,,,,,,,,,,,,,,tp_hit,,,0.0239999999999998,,,,binance,1.0,backfilled; direction inferred from strat label; entry_price unknown
ttf-20220330020000-0162,backtest_tiered_final,binance,BTCUSDT,4h,2022-03-30T02:00:00Z,,long,T3a_H1_fail_brkdn_long,,3,,0,,,,,,,,,,,,,,,,,,,,,,,,,,,,,,,,,,,sl_hit,,,-0.0129999999999999,,,,binance,1.0,backfilled; direction inferred from strat label; entry_price unknown
ttf-20220331200000-0163,backtest_tiered_final,binance,BTCUSDT,4h,2022-03-31T20:00:00Z,,long,T4a_H4_hammer_long,,4,,0,,,,,,,,,,,,,,,,,,,,,,,,,,,,,,,,,,,sl_hit,,,-0.016,,,,binance,1.0,backfilled; direction inferred from strat label; entry_price unknown
ttf-20220406000000-0164,backtest_tiered_final,binance,BTCUSDT,4h,2022-04-06T00:00:00Z,,long,T4a_H4_hammer_long,,4,,0,,,,,,,,,,,,,,,,,,,,,,,,,,,,,,,,,,,sl_hit,,,-0.0159999999999999,,,,binance,1.0,backfilled; direction inferred from strat label; entry_price unknown
ttf-20220419000000-0165,backtest_tiered_final,binance,BTCUSDT,4h,2022-04-19T00:00:00Z,,short,T3b_H4_sweep_hi_short_loose,,3,,0,,,,,,,,,,,,,,,,,,,,,,,,,,,,,,,,,,,sl_hit,,,-0.0159999999999999,,,,binance,1.0,backfilled; direction inferred from strat label; entry_price unknown
ttf-20220420190000-0166,backtest_tiered_final,binance,BTCUSDT,4h,2022-04-20T19:00:00Z,,long,T3a_H1_fail_brkdn_long,,3,,0,,,,,,,,,,,,,,,,,,,,,,,,,,,,,,,,,,,tp_hit,,,0.0239999999999999,,,,binance,1.0,backfilled; direction inferred from strat label; entry_price unknown
ttf-20220531160000-0167,backtest_tiered_final,binance,BTCUSDT,4h,2022-05-31T16:00:00Z,,short,T3b_H4_sweep_hi_short_loose,,3,,0,,,,,,,,,,,,,,,,,,,,,,,,,,,,,,,,,,,tp_hit,,,0.029,,,,binance,1.0,backfilled; direction inferred from strat label; entry_price unknown
ttf-20220606080000-0168,backtest_tiered_final,binance,BTCUSDT,4h,2022-06-06T08:00:00Z,,short,T3b_H4_sweep_hi_short_loose,,3,,0,,,,,,,,,,,,,,,,,,,,,,,,,,,,,,,,,,,tp_hit,,,0.029,,,,binance,1.0,backfilled; direction inferred from strat label; entry_price unknown
ttf-20220620000000-0169,backtest_tiered_final,binance,BTCUSDT,4h,2022-06-20T00:00:00Z,,long,T1a_W_fail_brkdn_long,,1,,0,,,,,,,,,,,,,,,,,,,,,,,,,,,,,,,,,,,tp_hit,,,0.249,,,,binance,1.0,backfilled; direction inferred from strat label; entry_price unknown
ttf-20220621080000-0170,backtest_tiered_final,binance,BTCUSDT,4h,2022-06-21T08:00:00Z,,short,T3b_H4_sweep_hi_short_loose,,3,,0,,,,,,,,,,,,,,,,,,,,,,,,,,,,,,,,,,,sl_hit,,,-0.0159999999999998,,,,binance,1.0,backfilled; direction inferred from strat label; entry_price unknown
ttf-20220626120000-0171,backtest_tiered_final,binance,BTCUSDT,4h,2022-06-26T12:00:00Z,,short,T3b_H4_sweep_hi_short_loose,,3,,0,,,,,,,,,,,,,,,,,,,,,,,,,,,,,,,,,,,tp_hit,,,0.0289999999999999,,,,binance,1.0,backfilled; direction inferred from strat label; entry_price unknown
ttf-20220705200000-0172,backtest_tiered_final,binance,BTCUSDT,4h,2022-07-05T20:00:00Z,,short,T3b_H4_sweep_hi_short_loose,,3,,0,,,,,,,,,,,,,,,,,,,,,,,,,,,,,,,,,,,sl_hit,,,-0.0159999999999999,,,,binance,1.0,backfilled; direction inferred from strat label; entry_price unknown
ttf-20220707200000-0173,backtest_tiered_final,binance,BTCUSDT,4h,2022-07-07T20:00:00Z,,short,T3b_H4_sweep_hi_short_loose,,3,,0,,,,,,,,,,,,,,,,,,,,,,,,,,,,,,,,,,,sl_hit,,,-0.0159999999999998,,,,binance,1.0,backfilled; direction inferred from strat label; entry_price unknown
ttf-20220715080000-0174,backtest_tiered_final,binance,BTCUSDT,4h,2022-07-15T08:00:00Z,,short,T3b_H4_sweep_hi_short_loose,,3,,0,,,,,,,,,,,,,,,,,,,,,,,,,,,,,,,,,,,sl_hit,,,-0.0159999999999999,,,,binance,1.0,backfilled; direction inferred from strat label; entry_price unknown
ttf-20220729130000-0175,backtest_tiered_final,binance,BTCUSDT,4h,2022-07-29T13:00:00Z,,long,T3a_H1_fail_brkdn_long,,3,,0,,,,,,,,,,,,,,,,,,,,,,,,,,,,,,,,,,,tp_hit,,,0.0239999999999999,,,,binance,1.0,backfilled; direction inferred from strat label; entry_price unknown
ttf-20220801080000-0176,backtest_tiered_final,binance,BTCUSDT,4h,2022-08-01T08:00:00Z,,long,T4a_H4_hammer_long,,4,,0,,,,,,,,,,,,,,,,,,,,,,,,,,,,,,,,,,,sl_hit,,,-0.016,,,,binance,1.0,backfilled; direction inferred from strat label; entry_price unknown
ttf-20220802080000-0177,backtest_tiered_final,binance,BTCUSDT,4h,2022-08-02T08:00:00Z,,long,T4a_H4_hammer_long,,4,,0,,,,,,,,,,,,,,,,,,,,,,,,,,,,,,,,,,,tp_hit,,,0.0289999999999999,,,,binance,1.0,backfilled; direction inferred from strat label; entry_price unknown
ttf-20220824160000-0178,backtest_tiered_final,binance,BTCUSDT,4h,2022-08-24T16:00:00Z,,short,T3b_H4_sweep_hi_short_loose,,3,,0,,,,,,,,,,,,,,,,,,,,,,,,,,,,,,,,,,,tp_hit,,,0.029,,,,binance,1.0,backfilled; direction inferred from strat label; entry_price unknown
ttf-20220826120000-0179,backtest_tiered_final,binance,BTCUSDT,4h,2022-08-26T12:00:00Z,,long,T3a_H1_fail_brkdn_long,,3,,0,,,,,,,,,,,,,,,,,,,,,,,,,,,,,,,,,,,sl_hit,,,-0.013,,,,binance,1.0,backfilled; direction inferred from strat label; entry_price unknown
ttf-20220927120000-0180,backtest_tiered_final,binance,BTCUSDT,4h,2022-09-27T12:00:00Z,,short,T3b_H4_sweep_hi_short_loose,,3,,0,,,,,,,,,,,,,,,,,,,,,,,,,,,,,,,,,,,tp_hit,,,0.0289999999999999,,,,binance,1.0,backfilled; direction inferred from strat label; entry_price unknown
ttf-20221106020000-0181,backtest_tiered_final,binance,BTCUSDT,4h,2022-11-06T02:00:00Z,,long,T3a_H1_fail_brkdn_long,,3,,0,,,,,,,,,,,,,,,,,,,,,,,,,,,,,,,,,,,sl_hit,,,-0.0129999999999999,,,,binance,1.0,backfilled; direction inferred from strat label; entry_price unknown
ttf-20221114000000-0182,backtest_tiered_final,binance,BTCUSDT,4h,2022-11-14T00:00:00Z,,long,T1a_W_fail_brkdn_long,,1,,0,,,,,,,,,,,,,,,,,,,,,,,,,,,,,,,,,,,tp_hit,,,0.249,,,,binance,1.0,backfilled; direction inferred from strat label; entry_price unknown
ttf-20221201120000-0183,backtest_tiered_final,binance,BTCUSDT,4h,2022-12-01T12:00:00Z,,short,T1d_H4_sweep_hi_short,,1,,0,,,,,,,,,,,,,,,,,,,,,,,,,,,,,,,,,,,time,,,0.0079559183865799,,,,binance,1.0,backfilled; direction inferred from strat label; entry_price unknown
ttf-20221201120000-0184,backtest_tiered_final,binance,BTCUSDT,4h,2022-12-01T12:00:00Z,,short,T3b_H4_sweep_hi_short_loose,,3,,0,,,,,,,,,,,,,,,,,,,,,,,,,,,,,,,,,,,sl_hit,,,-0.0159999999999998,,,,binance,1.0,backfilled; direction inferred from strat label; entry_price unknown
ttf-20221209000000-0185,backtest_tiered_final,binance,BTCUSDT,4h,2022-12-09T00:00:00Z,,short,T3b_H4_sweep_hi_short_loose,,3,,0,,,,,,,,,,,,,,,,,,,,,,,,,,,,,,,,,,,sl_hit,,,-0.0159999999999999,,,,binance,1.0,backfilled; direction inferred from strat label; entry_price unknown
ttf-20221215020000-0186,backtest_tiered_final,binance,BTCUSDT,4h,2022-12-15T02:00:00Z,,long,T3a_H1_fail_brkdn_long,,3,,0,,,,,,,,,,,,,,,,,,,,,,,,,,,,,,,,,,,sl_hit,,,-0.0129999999999999,,,,binance,1.0,backfilled; direction inferred from strat label; entry_price unknown
ttf-20230102200000-0187,backtest_tiered_final,binance,BTCUSDT,4h,2023-01-02T20:00:00Z,,short,T3b_H4_sweep_hi_short_loose,,3,,0,,,,,,,,,,,,,,,,,,,,,,,,,,,,,,,,,,,sl_hit,,,-0.0159999999999998,,,,binance,1.0,backfilled; direction inferred from strat label; entry_price unknown
ttf-20230109000000-0188,backtest_tiered_final,binance,BTCUSDT,4h,2023-01-09T00:00:00Z,,long,T1b_W_rsi_os_long,,1,,0,,,,,,,,,,,,,,,,,,,,,,,,,,,,,,,,,,,tp_hit,,,0.249,,,,binance,1.0,backfilled; direction inferred from strat label; entry_price unknown
ttf-20230111160000-0189,backtest_tiered_final,binance,BTCUSDT,4h,2023-01-11T16:00:00Z,,long,T3a_H1_fail_brkdn_long,,3,,0,,,,,,,,,,,,,,,,,,,,,,,,,,,,,,,,,,,tp_hit,,,0.0239999999999999,,,,binance,1.0,backfilled; direction inferred from strat label; entry_price unknown
ttf-20230202220000-0190,backtest_tiered_final,binance,BTCUSDT,4h,2023-02-02T22:00:00Z,,long,T3a_H1_fail_brkdn_long,,3,,0,,,,,,,,,,,,,,,,,,,,,,,,,,,,,,,,,,,sl_hit,,,-0.013,,,,binance,1.0,backfilled; direction inferred from strat label; entry_price unknown
ttf-20230206040000-0191,backtest_tiered_final,binance,BTCUSDT,4h,2023-02-06T04:00:00Z,,long,T4a_H4_hammer_long,,4,,0,,,,,,,,,,,,,,,,,,,,,,,,,,,,,,,,,,,sl_hit,,,-0.016,,,,binance,1.0,backfilled; direction inferred from strat label; entry_price unknown
ttf-20230210040000-0192,backtest_tiered_final,binance,BTCUSDT,4h,2023-02-10T04:00:00Z,,long,T4a_H4_hammer_long,,4,,0,,,,,,,,,,,,,,,,,,,,,,,,,,,,,,,,,,,sl_hit,,,-0.0159999999999999,,,,binance,1.0,backfilled; direction inferred from strat label; entry_price unknown
ttf-20230224160000-0193,backtest_tiered_final,binance,BTCUSDT,4h,2023-02-24T16:00:00Z,,long,T4a_H4_hammer_long,,4,,0,,,,,,,,,,,,,,,,,,,,,,,,,,,,,,,,,,,sl_hit,,,-0.0159999999999999,,,,binance,1.0,backfilled; direction inferred from strat label; entry_price unknown
ttf-20230310000000-0194,backtest_tiered_final,binance,BTCUSDT,4h,2023-03-10T00:00:00Z,,long,T2a_D_hammer_long,,2,,0,,,,,,,,,,,,,,,,,,,,,,,,,,,,,,,,,,,tp_hit,,,0.1190000000000001,,,,binance,1.0,backfilled; direction inferred from strat label; entry_price unknown
ttf-20230403200000-0195,backtest_tiered_final,binance,BTCUSDT,4h,2023-04-03T20:00:00Z,,long,T4a_H4_hammer_long,,4,,0,,,,,,,,,,,,,,,,,,,,,,,,,,,,,,,,,,,tp_hit,,,0.0289999999999999,,,,binance,1.0,backfilled; direction inferred from strat label; entry_price unknown
ttf-20230418000000-0196,backtest_tiered_final,binance,BTCUSDT,4h,2023-04-18T00:00:00Z,,long,T4a_H4_hammer_long,,4,,0,,,,,,,,,,,,,,,,,,,,,,,,,,,,,,,,,,,tp_hit,,,0.0289999999999999,,,,binance,1.0,backfilled; direction inferred from strat label; entry_price unknown
ttf-20230426200000-0197,backtest_tiered_final,binance,BTCUSDT,4h,2023-04-26T20:00:00Z,,long,T3a_H1_fail_brkdn_long,,3,,0,,,,,,,,,,,,,,,,,,,,,,,,,,,,,,,,,,,tp_hit,,,0.0239999999999999,,,,binance,1.0,backfilled; direction inferred from strat label; entry_price unknown
ttf-20230428140000-0198,backtest_tiered_final,binance,BTCUSDT,4h,2023-04-28T14:00:00Z,,long,T3a_H1_fail_brkdn_long,,3,,0,,,,,,,,,,,,,,,,,,,,,,,,,,,,,,,,,,,time,,,0.0092527125937692,,,,binance,1.0,backfilled; direction inferred from strat label; entry_price unknown
ttf-20230501040000-0199,backtest_tiered_final,binance,BTCUSDT,4h,2023-05-01T04:00:00Z,,long,T4a_H4_hammer_long,,4,,0,,,,,,,,,,,,,,,,,,,,,,,,,,,,,,,,,,,sl_hit,,,-0.016,,,,binance,1.0,backfilled; direction inferred from strat label; entry_price unknown
ttf-20230515160000-0200,backtest_tiered_final,binance,BTCUSDT,4h,2023-05-15T16:00:00Z,,short,T3b_H4_sweep_hi_short_loose,,3,,0,,,,,,,,,,,,,,,,,,,,,,,,,,,,,,,,,,,tp_hit,,,0.029,,,,binance,1.0,backfilled; direction inferred from strat label; entry_price unknown
ttf-20230523040000-0201,backtest_tiered_final,binance,BTCUSDT,4h,2023-05-23T04:00:00Z,,short,T3b_H4_sweep_hi_short_loose,,3,,0,,,,,,,,,,,,,,,,,,,,,,,,,,,,,,,,,,,tp_hit,,,0.029,,,,binance,1.0,backfilled; direction inferred from strat label; entry_price unknown
ttf-20230528080000-0202,backtest_tiered_final,binance,BTCUSDT,4h,2023-05-28T08:00:00Z,,short,T3b_H4_sweep_hi_short_loose,,3,,0,,,,,,,,,,,,,,,,,,,,,,,,,,,,,,,,,,,sl_hit,,,-0.0159999999999999,,,,binance,1.0,backfilled; direction inferred from strat label; entry_price unknown
ttf-20230622150000-0203,backtest_tiered_final,binance,BTCUSDT,4h,2023-06-22T15:00:00Z,,long,T3a_H1_fail_brkdn_long,,3,,0,,,,,,,,,,,,,,,,,,,,,,,,,,,,,,,,,,,tp_hit,,,0.0239999999999998,,,,binance,1.0,backfilled; direction inferred from strat label; entry_price unknown
ttf-20230624160000-0204,backtest_tiered_final,binance,BTCUSDT,4h,2023-06-24T16:00:00Z,,long,T3a_H1_fail_brkdn_long,,3,,0,,,,,,,,,,,,,,,,,,,,,,,,,,,,,,,,,,,sl_hit,,,-0.0129999999999999,,,,binance,1.0,backfilled; direction inferred from strat label; entry_price unknown
ttf-20230808040000-0205,backtest_tiered_final,binance,BTCUSDT,4h,2023-08-08T04:00:00Z,,short,T3b_H4_sweep_hi_short_loose,,3,,0,,,,,,,,,,,,,,,,,,,,,,,,,,,,,,,,,,,sl_hit,,,-0.0159999999999999,,,,binance,1.0,backfilled; direction inferred from strat label; entry_price unknown
ttf-20230830150000-0206,backtest_tiered_final,binance,BTCUSDT,4h,2023-08-30T15:00:00Z,,long,T3a_H1_fail_brkdn_long,,3,,0,,,,,,,,,,,,,,,,,,,,,,,,,,,,,,,,,,,sl_hit,,,-0.013,,,,binance,1.0,backfilled; direction inferred from strat label; entry_price unknown
ttf-20230908000000-0207,backtest_tiered_final,binance,BTCUSDT,4h,2023-09-08T00:00:00Z,,short,T3b_H4_sweep_hi_short_loose,,3,,0,,,,,,,,,,,,,,,,,,,,,,,,,,,,,,,,,,,tp_hit,,,0.029,,,,binance,1.0,backfilled; direction inferred from strat label; entry_price unknown
ttf-20230912160000-0208,backtest_tiered_final,binance,BTCUSDT,4h,2023-09-12T16:00:00Z,,short,T3b_H4_sweep_hi_short_loose,,3,,0,,,,,,,,,,,,,,,,,,,,,,,,,,,,,,,,,,,sl_hit,,,-0.0159999999999998,,,,binance,1.0,backfilled; direction inferred from strat label; entry_price unknown
ttf-20230920200000-0209,backtest_tiered_final,binance,BTCUSDT,4h,2023-09-20T20:00:00Z,,long,T3a_H1_fail_brkdn_long,,3,,0,,,,,,,,,,,,,,,,,,,,,,,,,,,,,,,,,,,sl_hit,,,-0.013,,,,binance,1.0,backfilled; direction inferred from strat label; entry_price unknown
ttf-20231016000000-0210,backtest_tiered_final,binance,BTCUSDT,4h,2023-10-16T00:00:00Z,,long,T1b_W_rsi_os_long,,1,,0,,,,,,,,,,,,,,,,,,,,,,,,,,,,,,,,,,,tp_hit,,,0.2489999999999999,,,,binance,1.0,backfilled; direction inferred from strat label; entry_price unknown
ttf-20231105220000-0211,backtest_tiered_final,binance,BTCUSDT,4h,2023-11-05T22:00:00Z,,long,T3a_H1_fail_brkdn_long,,3,,0,,,,,,,,,,,,,,,,,,,,,,,,,,,,,,,,,,,sl_hit,,,-0.013,,,,binance,1.0,backfilled; direction inferred from strat label; entry_price unknown
ttf-20231111230000-0212,backtest_tiered_final,binance,BTCUSDT,4h,2023-11-11T23:00:00Z,,long,T3a_H1_fail_brkdn_long,,3,,0,,,,,,,,,,,,,,,,,,,,,,,,,,,,,,,,,,,sl_hit,,,-0.013,,,,binance,1.0,backfilled; direction inferred from strat label; entry_price unknown
ttf-20231114000000-0213,backtest_tiered_final,binance,BTCUSDT,4h,2023-11-14T00:00:00Z,,long,T4a_H4_hammer_long,,4,,0,,,,,,,,,,,,,,,,,,,,,,,,,,,,,,,,,,,sl_hit,,,-0.0159999999999999,,,,binance,1.0,backfilled; direction inferred from strat label; entry_price unknown
ttf-20231127040000-0214,backtest_tiered_final,binance,BTCUSDT,4h,2023-11-27T04:00:00Z,,long,T4a_H4_hammer_long,,4,,0,,,,,,,,,,,,,,,,,,,,,,,,,,,,,,,,,,,sl_hit,,,-0.0159999999999999,,,,binance,1.0,backfilled; direction inferred from strat label; entry_price unknown
ttf-20231218080000-0215,backtest_tiered_final,binance,BTCUSDT,4h,2023-12-18T08:00:00Z,,long,T4a_H4_hammer_long,,4,,0,,,,,,,,,,,,,,,,,,,,,,,,,,,,,,,,,,,tp_hit,,,0.0289999999999999,,,,binance,1.0,backfilled; direction inferred from strat label; entry_price unknown
ttf-20231226080000-0216,backtest_tiered_final,binance,BTCUSDT,4h,2023-12-26T08:00:00Z,,long,T4a_H4_hammer_long,,4,,0,,,,,,,,,,,,,,,,,,,,,,,,,,,,,,,,,,,sl_hit,,,-0.016,,,,binance,1.0,backfilled; direction inferred from strat label; entry_price unknown
ttf-20231229200000-0217,backtest_tiered_final,binance,BTCUSDT,4h,2023-12-29T20:00:00Z,,long,T4a_H4_hammer_long,,4,,0,,,,,,,,,,,,,,,,,,,,,,,,,,,,,,,,,,,tp_hit,,,0.029,,,,binance,1.0,backfilled; direction inferred from strat label; entry_price unknown
ttf-20240109220000-0218,backtest_tiered_final,binance,BTCUSDT,4h,2024-01-09T22:00:00Z,,long,T3a_H1_fail_brkdn_long,,3,,0,,,,,,,,,,,,,,,,,,,,,,,,,,,,,,,,,,,sl_hit,,,-0.013,,,,binance,1.0,backfilled; direction inferred from strat label; entry_price unknown
ttf-20240111000000-0219,backtest_tiered_final,binance,BTCUSDT,4h,2024-01-11T00:00:00Z,,short,T1c_D_sstar_short,,1,,0,,,,,,,,,,,,,,,,,,,,,,,,,,,,,,,,,,,tp_hit,,,0.0989999999999999,,,,binance,1.0,backfilled; direction inferred from strat label; entry_price unknown
ttf-20240123000000-0220,backtest_tiered_final,binance,BTCUSDT,4h,2024-01-23T00:00:00Z,,long,T2a_D_hammer_long,,2,,0,,,,,,,,,,,,,,,,,,,,,,,,,,,,,,,,,,,tp_hit,,,0.119,,,,binance,1.0,backfilled; direction inferred from strat label; entry_price unknown
ttf-20240126200000-0221,backtest_tiered_final,binance,BTCUSDT,4h,2024-01-26T20:00:00Z,,short,T3b_H4_sweep_hi_short_loose,,3,,0,,,,,,,,,,,,,,,,,,,,,,,,,,,,,,,,,,,sl_hit,,,-0.0159999999999998,,,,binance,1.0,backfilled; direction inferred from strat label; entry_price unknown
ttf-20240128200000-0222,backtest_tiered_final,binance,BTCUSDT,4h,2024-01-28T20:00:00Z,,long,T3a_H1_fail_brkdn_long,,3,,0,,,,,,,,,,,,,,,,,,,,,,,,,,,,,,,,,,,tp_hit,,,0.0239999999999999,,,,binance,1.0,backfilled; direction inferred from strat label; entry_price unknown
ttf-20240204200000-0223,backtest_tiered_final,binance,BTCUSDT,4h,2024-02-04T20:00:00Z,,long,T4a_H4_hammer_long,,4,,0,,,,,,,,,,,,,,,,,,,,,,,,,,,,,,,,,,,tp_hit,,,0.029,,,,binance,1.0,backfilled; direction inferred from strat label; entry_price unknown
ttf-20240215220000-0224,backtest_tiered_final,binance,BTCUSDT,4h,2024-02-15T22:00:00Z,,long,T3a_H1_fail_brkdn_long,,3,,0,,,,,,,,,,,,,,,,,,,,,,,,,,,,,,,,,,,sl_hit,,,-0.013,,,,binance,1.0,backfilled; direction inferred from strat label; entry_price unknown
ttf-20240225170000-0225,backtest_tiered_final,binance,BTCUSDT,4h,2024-02-25T17:00:00Z,,long,T3a_H1_fail_brkdn_long,,3,,0,,,,,,,,,,,,,,,,,,,,,,,,,,,,,,,,,,,sl_hit,,,-0.013,,,,binance,1.0,backfilled; direction inferred from strat label; entry_price unknown
ttf-20240310230000-0226,backtest_tiered_final,binance,BTCUSDT,4h,2024-03-10T23:00:00Z,,long,T3a_H1_fail_brkdn_long,,3,,0,,,,,,,,,,,,,,,,,,,,,,,,,,,,,,,,,,,sl_hit,,,-0.013,,,,binance,1.0,backfilled; direction inferred from strat label; entry_price unknown
ttf-20240312170000-0227,backtest_tiered_final,binance,BTCUSDT,4h,2024-03-12T17:00:00Z,,long,T3a_H1_fail_brkdn_long,,3,,0,,,,,,,,,,,,,,,,,,,,,,,,,,,,,,,,,,,tp_hit,,,0.0239999999999998,,,,binance,1.0,backfilled; direction inferred from strat label; entry_price unknown
ttf-20240315080000-0228,backtest_tiered_final,binance,BTCUSDT,4h,2024-03-15T08:00:00Z,,long,T4a_H4_hammer_long,,4,,0,,,,,,,,,,,,,,,,,,,,,,,,,,,,,,,,,,,tp_hit,,,0.0289999999999999,,,,binance,1.0,backfilled; direction inferred from strat label; entry_price unknown
ttf-20240329060000-0229,backtest_tiered_final,binance,BTCUSDT,4h,2024-03-29T06:00:00Z,,long,T3a_H1_fail_brkdn_long,,3,,0,,,,,,,,,,,,,,,,,,,,,,,,,,,,,,,,,,,sl_hit,,,-0.013,,,,binance,1.0,backfilled; direction inferred from strat label; entry_price unknown
ttf-20240410120000-0230,backtest_tiered_final,binance,BTCUSDT,4h,2024-04-10T12:00:00Z,,long,T4a_H4_hammer_long,,4,,0,,,,,,,,,,,,,,,,,,,,,,,,,,,,,,,,,,,tp_hit,,,0.0289999999999999,,,,binance,1.0,backfilled; direction inferred from strat label; entry_price unknown
ttf-20240504000000-0231,backtest_tiered_final,binance,BTCUSDT,4h,2024-05-04T00:00:00Z,,short,T3b_H4_sweep_hi_short_loose,,3,,0,,,,,,,,,,,,,,,,,,,,,,,,,,,,,,,,,,,sl_hit,,,-0.0159999999999998,,,,binance,1.0,backfilled; direction inferred from strat label; entry_price unknown
ttf-20240516180000-0232,backtest_tiered_final,binance,BTCUSDT,4h,2024-05-16T18:00:00Z,,long,T3a_H1_fail_brkdn_long,,3,,0,,,,,,,,,,,,,,,,,,,,,,,,,,,,,,,,,,,tp_hit,,,0.0239999999999999,,,,binance,1.0,backfilled; direction inferred from strat label; entry_price unknown
ttf-20240521200000-0233,backtest_tiered_final,binance,BTCUSDT,4h,2024-05-21T20:00:00Z,,long,T3a_H1_fail_brkdn_long,,3,,0,,,,,,,,,,,,,,,,,,,,,,,,,,,,,,,,,,,sl_hit,,,-0.013,,,,binance,1.0,backfilled; direction inferred from strat label; entry_price unknown
ttf-20240531100000-0234,backtest_tiered_final,binance,BTCUSDT,4h,2024-05-31T10:00:00Z,,long,T3a_H1_fail_brkdn_long,,3,,0,,,,,,,,,,,,,,,,,,,,,,,,,,,,,,,,,,,sl_hit,,,-0.013,,,,binance,1.0,backfilled; direction inferred from strat label; entry_price unknown
ttf-20240701160000-0235,backtest_tiered_final,binance,BTCUSDT,4h,2024-07-01T16:00:00Z,,short,T3b_H4_sweep_hi_short_loose,,3,,0,,,,,,,,,,,,,,,,,,,,,,,,,,,,,,,,,,,tp_hit,,,0.029,,,,binance,1.0,backfilled; direction inferred from strat label; entry_price unknown
ttf-20240708000000-0236,backtest_tiered_final,binance,BTCUSDT,4h,2024-07-08T00:00:00Z,,long,T1b_W_rsi_os_long,,1,,0,,,,,,,,,,,,,,,,,,,,,,,,,,,,,,,,,,,sl_hit,,,-0.1009999999999999,,,,binance,1.0,backfilled; direction inferred from strat label; entry_price unknown
ttf-20240714080000-0237,backtest_tiered_final,binance,BTCUSDT,4h,2024-07-14T08:00:00Z,,short,T3b_H4_sweep_hi_short_loose,,3,,0,,,,,,,,,,,,,,,,,,,,,,,,,,,,,,,,,,,sl_hit,,,-0.0159999999999998,,,,binance,1.0,backfilled; direction inferred from strat label; entry_price unknown
ttf-20240723140000-0238,backtest_tiered_final,binance,BTCUSDT,4h,2024-07-23T14:00:00Z,,long,T3a_H1_fail_brkdn_long,,3,,0,,,,,,,,,,,,,,,,,,,,,,,,,,,,,,,,,,,sl_hit,,,-0.013,,,,binance,1.0,backfilled; direction inferred from strat label; entry_price unknown
ttf-20240725040000-0239,backtest_tiered_final,binance,BTCUSDT,4h,2024-07-25T04:00:00Z,,long,T4a_H4_hammer_long,,4,,0,,,,,,,,,,,,,,,,,,,,,,,,,,,,,,,,,,,tp_hit,,,0.029,,,,binance,1.0,backfilled; direction inferred from strat label; entry_price unknown
ttf-20240730000000-0240,backtest_tiered_final,binance,BTCUSDT,4h,2024-07-30T00:00:00Z,,long,T4a_H4_hammer_long,,4,,0,,,,,,,,,,,,,,,,,,,,,,,,,,,,,,,,,,,sl_hit,,,-0.0159999999999999,,,,binance,1.0,backfilled; direction inferred from strat label; entry_price unknown
ttf-20240808160000-0241,backtest_tiered_final,binance,BTCUSDT,4h,2024-08-08T16:00:00Z,,short,T3b_H4_sweep_hi_short_loose,,3,,0,,,,,,,,,,,,,,,,,,,,,,,,,,,,,,,,,,,sl_hit,,,-0.0159999999999998,,,,binance,1.0,backfilled; direction inferred from strat label; entry_price unknown
ttf-20240818000000-0242,backtest_tiered_final,binance,BTCUSDT,4h,2024-08-18T00:00:00Z,,short,T3b_H4_sweep_hi_short_loose,,3,,0,,,,,,,,,,,,,,,,,,,,,,,,,,,,,,,,,,,sl_hit,,,-0.0159999999999999,,,,binance,1.0,backfilled; direction inferred from strat label; entry_price unknown
ttf-20240818120000-0243,backtest_tiered_final,binance,BTCUSDT,4h,2024-08-18T12:00:00Z,,short,T1d_H4_sweep_hi_short,,1,,0,,,,,,,,,,,,,,,,,,,,,,,,,,,,,,,,,,,sl_hit,,,-0.0309999999999999,,,,binance,1.0,backfilled; direction inferred from strat label; entry_price unknown
ttf-20240824220000-0244,backtest_tiered_final,binance,BTCUSDT,4h,2024-08-24T22:00:00Z,,long,T3a_H1_fail_brkdn_long,,3,,0,,,,,,,,,,,,,,,,,,,,,,,,,,,,,,,,,,,sl_hit,,,-0.013,,,,binance,1.0,backfilled; direction inferred from strat label; entry_price unknown
ttf-20240909200000-0245,backtest_tiered_final,binance,BTCUSDT,4h,2024-09-09T20:00:00Z,,short,T3b_H4_sweep_hi_short_loose,,3,,0,,,,,,,,,,,,,,,,,,,,,,,,,,,,,,,,,,,sl_hit,,,-0.0159999999999999,,,,binance,1.0,backfilled; direction inferred from strat label; entry_price unknown
ttf-20240915180000-0246,backtest_tiered_final,binance,BTCUSDT,4h,2024-09-15T18:00:00Z,,long,T3a_H1_fail_brkdn_long,,3,,0,,,,,,,,,,,,,,,,,,,,,,,,,,,,,,,,,,,sl_hit,,,-0.013,,,,binance,1.0,backfilled; direction inferred from strat label; entry_price unknown
ttf-20240930160000-0247,backtest_tiered_final,binance,BTCUSDT,4h,2024-09-30T16:00:00Z,,long,T4a_H4_hammer_long,,4,,0,,,,,,,,,,,,,,,,,,,,,,,,,,,,,,,,,,,sl_hit,,,-0.0159999999999999,,,,binance,1.0,backfilled; direction inferred from strat label; entry_price unknown
ttf-20241009120000-0248,backtest_tiered_final,binance,BTCUSDT,4h,2024-10-09T12:00:00Z,,long,T4a_H4_hammer_long,,4,,0,,,,,,,,,,,,,,,,,,,,,,,,,,,,,,,,,,,sl_hit,,,-0.0159999999999999,,,,binance,1.0,backfilled; direction inferred from strat label; entry_price unknown
ttf-20241013120000-0249,backtest_tiered_final,binance,BTCUSDT,4h,2024-10-13T12:00:00Z,,long,T3a_H1_fail_brkdn_long,,3,,0,,,,,,,,,,,,,,,,,,,,,,,,,,,,,,,,,,,tp_hit,,,0.0239999999999999,,,,binance,1.0,backfilled; direction inferred from strat label; entry_price unknown
ttf-20241019120000-0250,backtest_tiered_final,binance,BTCUSDT,4h,2024-10-19T12:00:00Z,,long,T3a_H1_fail_brkdn_long,,3,,0,,,,,,,,,,,,,,,,,,,,,,,,,,,,,,,,,,,time,,,-0.001215912755416,,,,binance,1.0,backfilled; direction inferred from strat label; entry_price unknown
ttf-20241023160000-0251,backtest_tiered_final,binance,BTCUSDT,4h,2024-10-23T16:00:00Z,,long,T4a_H4_hammer_long,,4,,0,,,,,,,,,,,,,,,,,,,,,,,,,,,,,,,,,,,tp_hit,,,0.029,,,,binance,1.0,backfilled; direction inferred from strat label; entry_price unknown
ttf-20241030130000-0252,backtest_tiered_final,binance,BTCUSDT,4h,2024-10-30T13:00:00Z,,long,T3a_H1_fail_brkdn_long,,3,,0,,,,,,,,,,,,,,,,,,,,,,,,,,,,,,,,,,,sl_hit,,,-0.013,,,,binance,1.0,backfilled; direction inferred from strat label; entry_price unknown
ttf-20241101160000-0253,backtest_tiered_final,binance,BTCUSDT,4h,2024-11-01T16:00:00Z,,long,T4a_H4_hammer_long,,4,,0,,,,,,,,,,,,,,,,,,,,,,,,,,,,,,,,,,,sl_hit,,,-0.016,,,,binance,1.0,backfilled; direction inferred from strat label; entry_price unknown
ttf-20241103120000-0254,backtest_tiered_final,binance,BTCUSDT,4h,2024-11-03T12:00:00Z,,long,T4a_H4_hammer_long,,4,,0,,,,,,,,,,,,,,,,,,,,,,,,,,,,,,,,,,,sl_hit,,,-0.0159999999999999,,,,binance,1.0,backfilled; direction inferred from strat label; entry_price unknown
ttf-20241104200000-0255,backtest_tiered_final,binance,BTCUSDT,4h,2024-11-04T20:00:00Z,,long,T4a_H4_hammer_long,,4,,0,,,,,,,,,,,,,,,,,,,,,,,,,,,,,,,,,,,tp_hit,,,0.0289999999999999,,,,binance,1.0,backfilled; direction inferred from strat label; entry_price unknown
ttf-20241109170000-0256,backtest_tiered_final,binance,BTCUSDT,4h,2024-11-09T17:00:00Z,,long,T3a_H1_fail_brkdn_long,,3,,0,,,,,,,,,,,,,,,,,,,,,,,,,,,,,,,,,,,tp_hit,,,0.0239999999999999,,,,binance,1.0,backfilled; direction inferred from strat label; entry_price unknown
ttf-20241114160000-0257,backtest_tiered_final,binance,BTCUSDT,4h,2024-11-14T16:00:00Z,,long,T3a_H1_fail_brkdn_long,,3,,0,,,,,,,,,,,,,,,,,,,,,,,,,,,,,,,,,,,sl_hit,,,-0.0129999999999999,,,,binance,1.0,backfilled; direction inferred from strat label; entry_price unknown
ttf-20241122150000-0258,backtest_tiered_final,binance,BTCUSDT,4h,2024-11-22T15:00:00Z,,long,T3a_H1_fail_brkdn_long,,3,,0,,,,,,,,,,,,,,,,,,,,,,,,,,,,,,,,,,,sl_hit,,,-0.0129999999999999,,,,binance,1.0,backfilled; direction inferred from strat label; entry_price unknown
ttf-20241126200000-0259,backtest_tiered_final,binance,BTCUSDT,4h,2024-11-26T20:00:00Z,,long,T4a_H4_hammer_long,,4,,0,,,,,,,,,,,,,,,,,,,,,,,,,,,,,,,,,,,tp_hit,,,0.029,,,,binance,1.0,backfilled; direction inferred from strat label; entry_price unknown
ttf-20241209200000-0260,backtest_tiered_final,binance,BTCUSDT,4h,2024-12-09T20:00:00Z,,long,T4a_H4_hammer_long,,4,,0,,,,,,,,,,,,,,,,,,,,,,,,,,,,,,,,,,,sl_hit,,,-0.016,,,,binance,1.0,backfilled; direction inferred from strat label; entry_price unknown
ttf-20241212200000-0261,backtest_tiered_final,binance,BTCUSDT,4h,2024-12-12T20:00:00Z,,long,T3a_H1_fail_brkdn_long,,3,,0,,,,,,,,,,,,,,,,,,,,,,,,,,,,,,,,,,,tp_hit,,,0.0239999999999999,,,,binance,1.0,backfilled; direction inferred from strat label; entry_price unknown
ttf-20241214210000-0262,backtest_tiered_final,binance,BTCUSDT,4h,2024-12-14T21:00:00Z,,long,T3a_H1_fail_brkdn_long,,3,,0,,,,,,,,,,,,,,,,,,,,,,,,,,,,,,,,,,,tp_hit,,,0.0239999999999998,,,,binance,1.0,backfilled; direction inferred from strat label; entry_price unknown
ttf-20241219200000-0263,backtest_tiered_final,binance,BTCUSDT,4h,2024-12-19T20:00:00Z,,long,T4a_H4_hammer_long,,4,,0,,,,,,,,,,,,,,,,,,,,,,,,,,,,,,,,,,,sl_hit,,,-0.0159999999999999,,,,binance,1.0,backfilled; direction inferred from strat label; entry_price unknown
ttf-20250116150000-0264,backtest_tiered_final,binance,BTCUSDT,4h,2025-01-16T15:00:00Z,,long,T3a_H1_fail_brkdn_long,,3,,0,,,,,,,,,,,,,,,,,,,,,,,,,,,,,,,,,,,tp_hit,,,0.0239999999999999,,,,binance,1.0,backfilled; direction inferred from strat label; entry_price unknown
ttf-20250131030000-0265,backtest_tiered_final,binance,BTCUSDT,4h,2025-01-31T03:00:00Z,,long,T3a_H1_fail_brkdn_long,,3,,0,,,,,,,,,,,,,,,,,,,,,,,,,,,,,,,,,,,sl_hit,,,-0.013,,,,binance,1.0,backfilled; direction inferred from strat label; entry_price unknown
ttf-20250220120000-0266,backtest_tiered_final,binance,BTCUSDT,4h,2025-02-20T12:00:00Z,,short,T3b_H4_sweep_hi_short_loose,,3,,0,,,,,,,,,,,,,,,,,,,,,,,,,,,,,,,,,,,sl_hit,,,-0.0159999999999998,,,,binance,1.0,backfilled; direction inferred from strat label; entry_price unknown
ttf-20250228000000-0267,backtest_tiered_final,binance,BTCUSDT,4h,2025-02-28T00:00:00Z,,long,T2a_D_hammer_long,,2,,0,,,,,,,,,,,,,,,,,,,,,,,,,,,,,,,,,,,tp_hit,,,0.119,,,,binance,1.0,backfilled; direction inferred from strat label; entry_price unknown
ttf-20250303150000-0268,backtest_tiered_final,binance,BTCUSDT,4h,2025-03-03T15:00:00Z,,long,T3a_H1_fail_brkdn_long,,3,,0,,,,,,,,,,,,,,,,,,,,,,,,,,,,,,,,,,,sl_hit,,,-0.0129999999999999,,,,binance,1.0,backfilled; direction inferred from strat label; entry_price unknown
ttf-20250320000000-0269,backtest_tiered_final,binance,BTCUSDT,4h,2025-03-20T00:00:00Z,,short,T3b_H4_sweep_hi_short_loose,,3,,0,,,,,,,,,,,,,,,,,,,,,,,,,,,,,,,,,,,tp_hit,,,0.0289999999999999,,,,binance,1.0,backfilled; direction inferred from strat label; entry_price unknown
ttf-20250325040000-0270,backtest_tiered_final,binance,BTCUSDT,4h,2025-03-25T04:00:00Z,,long,T3a_H1_fail_brkdn_long,,3,,0,,,,,,,,,,,,,,,,,,,,,,,,,,,,,,,,,,,time,,,0.0102591793884397,,,,binance,1.0,backfilled; direction inferred from strat label; entry_price unknown
ttf-20250407000000-0271,backtest_tiered_final,binance,BTCUSDT,4h,2025-04-07T00:00:00Z,,long,T1b_W_rsi_os_long,,1,,0,,,,,,,,,,,,,,,,,,,,,,,,,,,,,,,,,,,tp_hit,,,0.249,,,,binance,1.0,backfilled; direction inferred from strat label; entry_price unknown
ttf-20250409200000-0272,backtest_tiered_final,binance,BTCUSDT,4h,2025-04-09T20:00:00Z,,short,T3b_H4_sweep_hi_short_loose,,3,,0,,,,,,,,,,,,,,,,,,,,,,,,,,,,,,,,,,,tp_hit,,,0.029,,,,binance,1.0,backfilled; direction inferred from strat label; entry_price unknown
ttf-20250411200000-0273,backtest_tiered_final,binance,BTCUSDT,4h,2025-04-11T20:00:00Z,,short,T3b_H4_sweep_hi_short_loose,,3,,0,,,,,,,,,,,,,,,,,,,,,,,,,,,,,,,,,,,sl_hit,,,-0.0159999999999999,,,,binance,1.0,backfilled; direction inferred from strat label; entry_price unknown
ttf-20250413140000-0274,backtest_tiered_final,binance,BTCUSDT,4h,2025-04-13T14:00:00Z,,long,T3a_H1_fail_brkdn_long,,3,,0,,,,,,,,,,,,,,,,,,,,,,,,,,,,,,,,,,,sl_hit,,,-0.013,,,,binance,1.0,backfilled; direction inferred from strat label; entry_price unknown
ttf-20250428000000-0275,backtest_tiered_final,binance,BTCUSDT,4h,2025-04-28T00:00:00Z,,long,T4a_H4_hammer_long,,4,,0,,,,,,,,,,,,,,,,,,,,,,,,,,,,,,,,,,,tp_hit,,,0.029,,,,binance,1.0,backfilled; direction inferred from strat label; entry_price unknown
ttf-20250503040000-0276,backtest_tiered_final,binance,BTCUSDT,4h,2025-05-03T04:00:00Z,,long,T3a_H1_fail_brkdn_long,,3,,0,,,,,,,,,,,,,,,,,,,,,,,,,,,,,,,,,,,sl_hit,,,-0.013,,,,binance,1.0,backfilled; direction inferred from strat label; entry_price unknown
ttf-20250505000000-0277,backtest_tiered_final,binance,BTCUSDT,4h,2025-05-05T00:00:00Z,,long,T4a_H4_hammer_long,,4,,0,,,,,,,,,,,,,,,,,,,,,,,,,,,,,,,,,,,tp_hit,,,0.029,,,,binance,1.0,backfilled; direction inferred from strat label; entry_price unknown
ttf-20250530000000-0278,backtest_tiered_final,binance,BTCUSDT,4h,2025-05-30T00:00:00Z,,long,T4a_H4_hammer_long,,4,,0,,,,,,,,,,,,,,,,,,,,,,,,,,,,,,,,,,,sl_hit,,,-0.016,,,,binance,1.0,backfilled; direction inferred from strat label; entry_price unknown
ttf-20250531000000-0279,backtest_tiered_final,binance,BTCUSDT,4h,2025-05-31T00:00:00Z,,long,T4a_H4_hammer_long,,4,,0,,,,,,,,,,,,,,,,,,,,,,,,,,,,,,,,,,,tp_hit,,,0.029,,,,binance,1.0,backfilled; direction inferred from strat label; entry_price unknown
ttf-20250608100000-0280,backtest_tiered_final,binance,BTCUSDT,4h,2025-06-08T10:00:00Z,,long,T3a_H1_fail_brkdn_long,,3,,0,,,,,,,,,,,,,,,,,,,,,,,,,,,,,,,,,,,tp_hit,,,0.0239999999999999,,,,binance,1.0,backfilled; direction inferred from strat label; entry_price unknown
ttf-20250622000000-0281,backtest_tiered_final,binance,BTCUSDT,4h,2025-06-22T00:00:00Z,,long,T2a_D_hammer_long,,2,,0,,,,,,,,,,,,,,,,,,,,,,,,,,,,,,,,,,,tp_hit,,,0.119,,,,binance,1.0,backfilled; direction inferred from strat label; entry_price unknown
ttf-20250712160000-0282,backtest_tiered_final,binance,BTCUSDT,4h,2025-07-12T16:00:00Z,,long,T3a_H1_fail_brkdn_long,,3,,0,,,,,,,,,,,,,,,,,,,,,,,,,,,,,,,,,,,tp_hit,,,0.0239999999999998,,,,binance,1.0,backfilled; direction inferred from strat label; entry_price unknown
ttf-20250725040000-0283,backtest_tiered_final,binance,BTCUSDT,4h,2025-07-25T04:00:00Z,,long,T4a_H4_hammer_long,,4,,0,,,,,,,,,,,,,,,,,,,,,,,,,,,,,,,,,,,tp_hit,,,0.029,,,,binance,1.0,backfilled; direction inferred from strat label; entry_price unknown
ttf-20250801000000-0284,backtest_tiered_final,binance,BTCUSDT,4h,2025-08-01T00:00:00Z,,long,T4a_H4_hammer_long,,4,,0,,,,,,,,,,,,,,,,,,,,,,,,,,,,,,,,,,,sl_hit,,,-0.016,,,,binance,1.0,backfilled; direction inferred from strat label; entry_price unknown
ttf-20250808160000-0285,backtest_tiered_final,binance,BTCUSDT,4h,2025-08-08T16:00:00Z,,long,T3a_H1_fail_brkdn_long,,3,,0,,,,,,,,,,,,,,,,,,,,,,,,,,,,,,,,,,,tp_hit,,,0.0239999999999999,,,,binance,1.0,backfilled; direction inferred from strat label; entry_price unknown
ttf-20250811000000-0286,backtest_tiered_final,binance,BTCUSDT,4h,2025-08-11T00:00:00Z,,short,T2b_W_sweep_hi_short,,2,,0,,,,,,,,,,,,,,,,,,,,,,,,,,,,,,,,,,,time,,,0.0232375517024358,,,,binance,1.0,backfilled; direction inferred from strat label; entry_price unknown
ttf-20250828120000-0287,backtest_tiered_final,binance,BTCUSDT,4h,2025-08-28T12:00:00Z,,short,T3b_H4_sweep_hi_short_loose,,3,,0,,,,,,,,,,,,,,,,,,,,,,,,,,,,,,,,,,,tp_hit,,,0.029,,,,binance,1.0,backfilled; direction inferred from strat label; entry_price unknown
ttf-20250903000000-0288,backtest_tiered_final,binance,BTCUSDT,4h,2025-09-03T00:00:00Z,,short,T3b_H4_sweep_hi_short_loose,,3,,0,,,,,,,,,,,,,,,,,,,,,,,,,,,,,,,,,,,sl_hit,,,-0.0159999999999998,,,,binance,1.0,backfilled; direction inferred from strat label; entry_price unknown
ttf-20250913170000-0289,backtest_tiered_final,binance,BTCUSDT,4h,2025-09-13T17:00:00Z,,long,T3a_H1_fail_brkdn_long,,3,,0,,,,,,,,,,,,,,,,,,,,,,,,,,,,,,,,,,,time,,,-0.0049089123738586,,,,binance,1.0,backfilled; direction inferred from strat label; entry_price unknown
ttf-20250915120000-0290,backtest_tiered_final,binance,BTCUSDT,4h,2025-09-15T12:00:00Z,,long,T4a_H4_hammer_long,,4,,0,,,,,,,,,,,,,,,,,,,,,,,,,,,,,,,,,,,time,,,0.0089596056874217,,,,binance,1.0,backfilled; direction inferred from strat label; entry_price unknown
ttf-20251004190000-0291,backtest_tiered_final,binance,BTCUSDT,4h,2025-10-04T19:00:00Z,,long,T3a_H1_fail_brkdn_long,,3,,0,,,,,,,,,,,,,,,,,,,,,,,,,,,,,,,,,,,tp_hit,,,0.0239999999999998,,,,binance,1.0,backfilled; direction inferred from strat label; entry_price unknown
ttf-20251009160000-0292,backtest_tiered_final,binance,BTCUSDT,4h,2025-10-09T16:00:00Z,,long,T4a_H4_hammer_long,,4,,0,,,,,,,,,,,,,,,,,,,,,,,,,,,,,,,,,,,sl_hit,,,-0.016,,,,binance,1.0,backfilled; direction inferred from strat label; entry_price unknown
ttf-20251019090000-0293,backtest_tiered_final,binance,BTCUSDT,4h,2025-10-19T09:00:00Z,,long,T3a_H1_fail_brkdn_long,,3,,0,,,,,,,,,,,,,,,,,,,,,,,,,,,,,,,,,,,tp_hit,,,0.0239999999999998,,,,binance,1.0,backfilled; direction inferred from strat label; entry_price unknown
ttf-20251020080000-0294,backtest_tiered_final,binance,BTCUSDT,4h,2025-10-20T08:00:00Z,,short,T3b_H4_sweep_hi_short_loose,,3,,0,,,,,,,,,,,,,,,,,,,,,,,,,,,,,,,,,,,tp_hit,,,0.029,,,,binance,1.0,backfilled; direction inferred from strat label; entry_price unknown
ttf-20251027230000-0295,backtest_tiered_final,binance,BTCUSDT,4h,2025-10-27T23:00:00Z,,long,T3a_H1_fail_brkdn_long,,3,,0,,,,,,,,,,,,,,,,,,,,,,,,,,,,,,,,,,,sl_hit,,,-0.013,,,,binance,1.0,backfilled; direction inferred from strat label; entry_price unknown
ttf-20251124200000-0296,backtest_tiered_final,binance,BTCUSDT,4h,2025-11-24T20:00:00Z,,short,T3b_H4_sweep_hi_short_loose,,3,,0,,,,,,,,,,,,,,,,,,,,,,,,,,,,,,,,,,,sl_hit,,,-0.0159999999999999,,,,binance,1.0,backfilled; direction inferred from strat label; entry_price unknown
ttf-20251203040000-0297,backtest_tiered_final,binance,BTCUSDT,4h,2025-12-03T04:00:00Z,,short,T3b_H4_sweep_hi_short_loose,,3,,0,,,,,,,,,,,,,,,,,,,,,,,,,,,,,,,,,,,tp_hit,,,0.0289999999999999,,,,binance,1.0,backfilled; direction inferred from strat label; entry_price unknown
ttf-20251204150000-0298,backtest_tiered_final,binance,BTCUSDT,4h,2025-12-04T15:00:00Z,,long,T3a_H1_fail_brkdn_long,,3,,0,,,,,,,,,,,,,,,,,,,,,,,,,,,,,,,,,,,sl_hit,,,-0.0129999999999999,,,,binance,1.0,backfilled; direction inferred from strat label; entry_price unknown
ttf-20251221140000-0299,backtest_tiered_final,binance,BTCUSDT,4h,2025-12-21T14:00:00Z,,long,T3a_H1_fail_brkdn_long,,3,,0,,,,,,,,,,,,,,,,,,,,,,,,,,,,,,,,,,,tp_hit,,,0.0239999999999999,,,,binance,1.0,backfilled; direction inferred from strat label; entry_price unknown
ttf-20251222120000-0300,backtest_tiered_final,binance,BTCUSDT,4h,2025-12-22T12:00:00Z,,short,T3b_H4_sweep_hi_short_loose,,3,,0,,,,,,,,,,,,,,,,,,,,,,,,,,,,,,,,,,,tp_hit,,,0.0289999999999999,,,,binance,1.0,backfilled; direction inferred from strat label; entry_price unknown
ttf-20251226040000-0301,backtest_tiered_final,binance,BTCUSDT,4h,2025-12-26T04:00:00Z,,short,T3b_H4_sweep_hi_short_loose,,3,,0,,,,,,,,,,,,,,,,,,,,,,,,,,,,,,,,,,,sl_hit,,,-0.0159999999999998,,,,binance,1.0,backfilled; direction inferred from strat label; entry_price unknown
ttf-20251229040000-0302,backtest_tiered_final,binance,BTCUSDT,4h,2025-12-29T04:00:00Z,,short,T1d_H4_sweep_hi_short,,1,,0,,,,,,,,,,,,,,,,,,,,,,,,,,,,,,,,,,,time,,,-0.0223352918747866,,,,binance,1.0,backfilled; direction inferred from strat label; entry_price unknown
ttf-20251229040000-0303,backtest_tiered_final,binance,BTCUSDT,4h,2025-12-29T04:00:00Z,,short,T3b_H4_sweep_hi_short_loose,,3,,0,,,,,,,,,,,,,,,,,,,,,,,,,,,,,,,,,,,tp_hit,,,0.029,,,,binance,1.0,backfilled; direction inferred from strat label; entry_price unknown
ttf-20260107160000-0304,backtest_tiered_final,binance,BTCUSDT,4h,2026-01-07T16:00:00Z,,long,T4a_H4_hammer_long,,4,,0,,,,,,,,,,,,,,,,,,,,,,,,,,,,,,,,,,,sl_hit,,,-0.0159999999999999,,,,binance,1.0,backfilled; direction inferred from strat label; entry_price unknown
ttf-20260127180000-0305,backtest_tiered_final,binance,BTCUSDT,4h,2026-01-27T18:00:00Z,,long,T3a_H1_fail_brkdn_long,,3,,0,,,,,,,,,,,,,,,,,,,,,,,,,,,,,,,,,,,tp_hit,,,0.0239999999999998,,,,binance,1.0,backfilled; direction inferred from strat label; entry_price unknown
ttf-20260128120000-0306,backtest_tiered_final,binance,BTCUSDT,4h,2026-01-28T12:00:00Z,,short,T3b_H4_sweep_hi_short_loose,,3,,0,,,,,,,,,,,,,,,,,,,,,,,,,,,,,,,,,,,tp_hit,,,0.029,,,,binance,1.0,backfilled; direction inferred from strat label; entry_price unknown
ttf-20260208200000-0307,backtest_tiered_final,binance,BTCUSDT,4h,2026-02-08T20:00:00Z,,short,T3b_H4_sweep_hi_short_loose,,3,,0,,,,,,,,,,,,,,,,,,,,,,,,,,,,,,,,,,,sl_hit,,,-0.0159999999999998,,,,binance,1.0,backfilled; direction inferred from strat label; entry_price unknown
ttf-20260215080000-0308,backtest_tiered_final,binance,BTCUSDT,4h,2026-02-15T08:00:00Z,,short,T3b_H4_sweep_hi_short_loose,,3,,0,,,,,,,,,,,,,,,,,,,,,,,,,,,,,,,,,,,tp_hit,,,0.0289999999999999,,,,binance,1.0,backfilled; direction inferred from strat label; entry_price unknown
ttf-20260225200000-0309,backtest_tiered_final,binance,BTCUSDT,4h,2026-02-25T20:00:00Z,,short,T3b_H4_sweep_hi_short_loose,,3,,0,,,,,,,,,,,,,,,,,,,,,,,,,,,,,,,,,,,tp_hit,,,0.0289999999999999,,,,binance,1.0,backfilled; direction inferred from strat label; entry_price unknown
ttf-20260302160000-0310,backtest_tiered_final,binance,BTCUSDT,4h,2026-03-02T16:00:00Z,,short,T3b_H4_sweep_hi_short_loose,,3,,0,,,,,,,,,,,,,,,,,,,,,,,,,,,,,,,,,,,tp_hit,,,0.0289999999999999,,,,binance,1.0,backfilled; direction inferred from strat label; entry_price unknown
ttf-20260305160000-0311,backtest_tiered_final,binance,BTCUSDT,4h,2026-03-05T16:00:00Z,,long,T3a_H1_fail_brkdn_long,,3,,0,,,,,,,,,,,,,,,,,,,,,,,,,,,,,,,,,,,sl_hit,,,-0.013,,,,binance,1.0,backfilled; direction inferred from strat label; entry_price unknown
ttf-20260318200000-0312,backtest_tiered_final,binance,BTCUSDT,4h,2026-03-18T20:00:00Z,,long,T4a_H4_hammer_long,,4,,0,,,,,,,,,,,,,,,,,,,,,,,,,,,,,,,,,,,sl_hit,,,-0.016,,,,binance,1.0,backfilled; direction inferred from strat label; entry_price unknown
